Sale_Id,Date_Id,Product_Id,Store_Id,Customer_Id,Quantity_Sold,Unit_Price,Discount_Pct,Total_Amount
1,20251201,119,9,289,1,2956.72,0,2956.72
2,20241118,3,7,386,2,2631.02,10,4735.84
3,20240319,39,6,291,2,3883.73,0,7767.46
4,20250707,43,13,72,2,3747.63,5,7120.5
5,20240321,65,24,28,1,3541.34,0,3541.34
6,20240318,44,20,305,1,4747.67,10,4272.9
7,20240131,82,9,231,1,3179.41,0,3179.41
8,20250119,56,6,339,1,7088.96,10,6380.06
9,20241029,103,8,43,1,5201.47,0,5201.47
10,20251011,20,24,185,1,1915.63,0,1915.63
11,20241111,57,12,53,1,3796.83,0,3796.83
12,20250404,72,18,53,1,1667.62,0,1667.62
13,20240405,77,20,198,1,5233.57,0,5233.57
14,20240327,93,18,125,1,4029.05,0,4029.05
15,20250124,22,5,138,1,6438.69,0,6438.69
16,20250321,36,14,40,1,682.61,15,580.22
17,20251002,64,20,235,1,4068.92,0,4068.92
18,20250209,43,20,169,1,3747.63,0,3747.63
19,20251028,77,5,309,3,5233.57,0,15700.71
20,20241117,23,13,150,2,5336.87,5,10140.05
21,20250812,101,8,144,2,1131.31,0,2262.62
22,20240426,120,19,280,1,5078.17,10,4570.35
23,20240128,94,15,108,1,1460.17,0,1460.17
24,20251210,9,14,72,1,4835.47,0,4835.47
25,20251105,20,23,194,1,1915.63,20,1532.5
26,20250505,75,13,355,1,2266.5,0,2266.5
27,20250103,90,18,44,1,3873.38,0,3873.38
28,20251111,46,6,23,1,4179.48,5,3970.51
29,20251024,52,25,221,1,2796.94,0,2796.94
30,20240815,66,24,298,1,6204.11,0,6204.11
31,20250118,51,15,302,1,2879.69,0,2879.69
32,20240126,62,4,44,1,978.5,15,831.73
33,20240525,45,10,106,1,1364.28,0,1364.28
34,20240409,57,24,164,1,3796.83,0,3796.83
35,20251228,15,1,332,1,4621.37,10,4159.23
36,20240906,67,6,170,1,4800.44,20,3840.35
37,20240825,103,13,96,1,5201.47,0,5201.47
38,20240130,95,20,231,1,3960.41,0,3960.41
39,20251222,28,7,361,2,3988.05,0,7976.1
40,20240414,103,18,167,1,5201.47,0,5201.47
41,20251117,111,16,328,1,1506.58,0,1506.58
42,20250205,76,4,235,1,5042.37,10,4538.13
43,20251223,103,10,303,1,5201.47,0,5201.47
44,20240430,31,10,192,1,7243.85,0,7243.85
45,20250304,77,5,217,1,5233.57,5,4971.89
46,20251211,118,21,89,1,5698.72,0,5698.72
47,20240523,24,11,318,1,3205.37,0,3205.37
48,20240110,63,5,197,3,4196.34,0,12589.02
49,20250521,53,22,364,2,1453.18,0,2906.36
50,20240325,73,1,113,1,6348.65,0,6348.65
51,20250704,37,6,290,2,3761.37,10,6770.47
52,20250716,66,4,138,2,6204.11,10,11167.4
53,20250110,70,25,,2,3349.78,0,6699.56
54,20250311,14,24,385,1,4823.13,15,4099.66
55,20240203,58,9,45,1,5200.5,20,4160.4
56,20240830,27,24,180,2,1220.37,5,2318.7
57,20250314,22,20,106,2,6438.69,10,11589.64
58,20250806,45,18,276,1,1364.28,20,1091.42
59,20241026,38,19,264,4,1729.74,5,6573.01
60,20240407,18,25,31,4,5185.3,10,18667.08
61,20240509,90,5,365,1,3873.38,0,3873.38
62,20251123,51,16,324,1,2879.69,0,2879.69
63,20250407,10,21,394,1,3316.3,0,3316.3
64,20241011,89,12,250,1,4062.25,0,4062.25
65,20240405,94,15,358,1,1460.17,0,1460.17
66,20250701,51,7,109,1,2879.69,0,2879.69
67,20241017,44,18,290,2,4747.67,10,8545.81
68,20251129,98,2,,1,850.73,10,765.66
69,20240117,16,6,1,4,4330.21,0,17320.84
70,20251206,117,5,155,1,5631.66,15,4786.91
71,20241007,12,21,43,1,1690.47,15,1436.9
72,20240618,7,13,372,1,4794.43,0,4794.43
73,20251102,12,23,,1,1690.47,0,1690.47
74,20250830,29,17,5,1,1567.62,0,1567.62
75,20240503,111,14,245,1,1506.58,0,1506.58
76,20240414,14,11,154,1,4823.13,10,4340.82
77,20240516,83,22,272,1,2689.64,5,2555.16
78,20240617,57,12,322,2,3796.83,15,6454.61
79,20250922,88,15,45,2,2796.03,0,5592.06
80,20240506,76,24,220,1,5042.37,0,5042.37
81,20241010,83,3,308,1,2689.64,5,2555.16
82,20251208,4,22,106,1,1722.15,0,1722.15
83,20250205,38,21,,2,1729.74,20,2767.58
84,20250521,50,4,327,1,3814.05,0,3814.05
85,20240113,47,11,292,1,2706.69,0,2706.69
86,20240625,98,16,395,1,850.73,5,808.19
87,20240115,34,7,,1,1322.31,10,1190.08
88,20250602,37,21,393,1,3761.37,5,3573.3
89,20240325,82,18,79,1,3179.41,0,3179.41
90,20250607,118,7,80,1,5698.72,0,5698.72
91,20251011,98,21,34,1,850.73,0,850.73
92,20240901,8,8,,1,3576.07,0,3576.07
93,20250915,8,10,337,2,3576.07,0,7152.14
94,20251225,18,23,,1,5185.3,0,5185.3
95,20250613,101,24,191,1,1131.31,10,1018.18
96,20241002,94,4,16,1,1460.17,0,1460.17
97,20250620,9,9,296,1,4835.47,0,4835.47
98,20250607,47,2,291,1,2706.69,0,2706.69
99,20240415,115,19,60,1,2419.05,0,2419.05
100,20240215,110,1,242,1,3839.63,15,3263.69
101,20240702,120,2,366,2,5078.17,0,10156.34
102,20241125,32,14,164,1,1604.88,0,1604.88
103,20250116,16,17,27,1,4330.21,10,3897.19
104,20240217,52,3,145,2,2796.94,0,5593.88
105,20240329,71,15,,1,3918.6,5,3722.67
106,20241107,95,20,189,1,3960.41,0,3960.41
107,20240719,94,18,126,1,1460.17,15,1241.14
108,20240125,30,18,356,2,3704.61,20,5927.38
109,20240102,98,22,378,2,850.73,0,1701.46
110,20250626,31,14,31,4,7243.85,0,28975.4
111,20241013,12,2,267,1,1690.47,15,1436.9
112,20250414,96,3,259,1,3006.66,10,2705.99
113,20240317,76,19,,1,5042.37,0,5042.37
114,20241025,34,11,202,2,1322.31,5,2512.39
115,20241121,58,9,104,1,5200.5,10,4680.45
116,20240421,20,4,239,1,1915.63,0,1915.63
117,20250101,99,7,238,1,4915.0,0,4915.0
118,20240610,104,22,361,1,6527.04,0,6527.04
119,20241201,19,3,183,1,3799.68,0,3799.68
120,20241102,34,6,,1,1322.31,0,1322.31
121,20250717,32,4,72,1,1604.88,0,1604.88
122,20240815,17,7,191,1,1735.19,15,1474.91
123,20240327,75,19,39,1,2266.5,0,2266.5
124,20251023,57,5,,2,3796.83,10,6834.29
125,20240505,6,15,,3,843.99,0,2531.97
126,20250208,64,1,219,1,4068.92,0,4068.92
127,20240710,36,9,77,1,682.61,5,648.48
128,20240908,83,10,282,1,2689.64,0,2689.64
129,20250127,18,14,270,1,5185.3,20,4148.24
130,20250710,102,1,366,1,616.26,0,616.26
131,20250511,45,19,199,1,1364.28,0,1364.28
132,20250903,29,1,399,1,1567.62,10,1410.86
133,20250428,68,12,120,4,1648.1,0,6592.4
134,20251103,31,9,378,1,7243.85,20,5795.08
135,20240812,74,13,89,1,3249.83,5,3087.34
136,20251215,46,19,,2,4179.48,15,7105.12
137,20250731,19,19,253,1,3799.68,0,3799.68
138,20240208,12,2,113,1,1690.47,0,1690.47
139,20241205,118,20,67,1,5698.72,0,5698.72
140,20241127,8,1,361,3,3576.07,10,9655.39
141,20250622,111,12,192,2,1506.58,5,2862.5
142,20250823,13,11,70,4,4729.21,5,17971.0
143,20250323,102,21,333,1,616.26,5,585.45
144,20250729,89,20,115,1,4062.25,10,3656.03
145,20250122,40,24,66,1,6858.19,0,6858.19
146,20251219,74,13,395,3,3249.83,0,9749.49
147,20250908,41,20,290,1,5693.66,0,5693.66
148,20241205,96,3,164,1,3006.66,15,2555.66
149,20240331,106,23,374,2,717.87,0,1435.74
150,20240928,27,8,180,1,1220.37,0,1220.37
151,20240102,7,13,215,3,4794.43,15,12225.8
152,20250519,113,13,193,1,4385.13,0,4385.13
153,20250814,84,25,84,1,4822.61,10,4340.35
154,20240204,38,1,54,1,1729.74,0,1729.74
155,20250119,21,24,,3,1209.52,20,2902.85
156,20241212,77,20,361,1,5233.57,15,4448.53
157,20240617,78,14,52,1,1807.55,20,1446.04
158,20250223,90,18,374,1,3873.38,5,3679.71
159,20241031,31,4,,1,7243.85,10,6519.47
160,20240606,7,12,,1,4794.43,10,4314.99
161,20251002,77,16,14,1,5233.57,5,4971.89
162,20240324,61,4,204,1,5731.62,15,4871.88
163,20240928,12,21,95,1,1690.47,0,1690.47
164,20240710,58,2,239,1,5200.5,10,4680.45
165,20250731,8,5,342,1,3576.07,5,3397.27
166,20250708,53,25,284,1,1453.18,0,1453.18
167,20250619,54,18,244,1,2808.33,0,2808.33
168,20241102,11,13,366,1,5902.88,5,5607.74
169,20250613,103,19,318,1,5201.47,15,4421.25
170,20250404,23,6,99,1,5336.87,0,5336.87
171,20251130,56,7,322,1,7088.96,5,6734.51
172,20241123,117,24,35,1,5631.66,5,5350.08
173,20250719,42,9,7,2,2401.74,5,4563.31
174,20250619,101,14,77,1,1131.31,5,1074.74
175,20240412,119,4,52,2,2956.72,10,5322.1
176,20241218,113,14,336,1,4385.13,5,4165.87
177,20240208,23,9,317,1,5336.87,5,5070.03
178,20240209,51,11,26,2,2879.69,15,4895.47
179,20250116,3,11,156,1,2631.02,10,2367.92
180,20251213,88,4,117,1,2796.03,20,2236.82
181,20250329,100,11,214,1,4823.15,0,4823.15
182,20250328,28,14,389,1,3988.05,0,3988.05
183,20240227,66,6,,2,6204.11,0,12408.22
184,20250620,113,19,,1,4385.13,10,3946.62
185,20240229,32,2,185,2,1604.88,0,3209.76
186,20250420,65,13,64,1,3541.34,0,3541.34
187,20250515,77,15,243,1,5233.57,0,5233.57
188,20240616,108,9,353,1,3374.55,0,3374.55
189,20240220,21,19,110,2,1209.52,5,2298.09
190,20251124,27,9,263,1,1220.37,10,1098.33
191,20251129,2,16,332,1,882.35,10,794.12
192,20240817,33,20,157,2,2291.4,5,4353.66
193,20241008,55,13,236,1,735.67,0,735.67
194,20251124,67,20,53,1,4800.44,20,3840.35
195,20250118,72,21,145,1,1667.62,0,1667.62
196,20240306,44,9,142,1,4747.67,5,4510.29
197,20251029,39,7,392,1,3883.73,0,3883.73
198,20250906,52,22,72,2,2796.94,5,5314.19
199,20241029,34,14,378,1,1322.31,5,1256.19
200,20250808,105,7,366,1,2890.92,0,2890.92
201,20250502,117,22,154,2,5631.66,10,10136.99
202,20250725,24,10,,1,3205.37,0,3205.37
203,20250726,98,6,172,1,850.73,0,850.73
204,20240816,96,10,170,1,3006.66,5,2856.33
205,20250419,109,4,325,1,2954.88,15,2511.65
206,20240313,61,7,349,1,5731.62,0,5731.62
207,20240225,112,5,103,1,1434.74,20,1147.79
208,20250413,19,11,93,2,3799.68,0,7599.36
209,20251008,23,11,3,1,5336.87,0,5336.87
210,20240621,74,25,391,2,3249.83,0,6499.66
211,20250320,82,14,245,1,3179.41,0,3179.41
212,20240723,94,12,165,2,1460.17,0,2920.34
213,20240119,87,1,128,1,2952.23,15,2509.4
214,20241115,17,4,302,1,1735.19,0,1735.19
215,20240216,39,10,267,1,3883.73,0,3883.73
216,20251204,18,11,251,1,5185.3,0,5185.3
217,20250217,3,8,68,1,2631.02,0,2631.02
218,20250531,22,4,334,2,6438.69,0,12877.38
219,20251017,33,25,25,1,2291.4,0,2291.4
220,20240420,84,1,,1,4822.61,0,4822.61
221,20240506,71,9,79,1,3918.6,5,3722.67
222,20240110,39,14,340,1,3883.73,5,3689.54
223,20251218,18,14,54,1,5185.3,5,4926.03
224,20241016,15,4,312,1,4621.37,0,4621.37
225,20250619,26,12,152,1,1355.83,0,1355.83
226,20240731,89,16,2,1,4062.25,0,4062.25
227,20240423,107,19,77,3,1952.14,10,5270.78
228,20240317,93,24,132,1,4029.05,0,4029.05
229,20241030,34,15,,2,1322.31,15,2247.93
230,20241024,47,22,379,1,2706.69,10,2436.02
231,20240216,2,5,88,1,882.35,15,750.0
232,20250928,35,24,,2,3748.04,0,7496.08
233,20250214,52,15,198,1,2796.94,0,2796.94
234,20250307,84,6,357,2,4822.61,20,7716.18
235,20240612,14,14,248,2,4823.13,5,9163.95
236,20240704,79,13,314,1,1528.97,5,1452.52
237,20240513,62,16,211,1,978.5,0,978.5
238,20251101,41,1,348,1,5693.66,5,5408.98
239,20250801,29,22,266,1,1567.62,5,1489.24
240,20240407,56,22,247,1,7088.96,5,6734.51
241,20250129,20,18,314,1,1915.63,5,1819.85
242,20240609,65,16,85,1,3541.34,0,3541.34
243,20240903,43,9,,1,3747.63,5,3560.25
244,20250216,105,8,,1,2890.92,5,2746.37
245,20240331,110,16,61,4,3839.63,5,14590.59
246,20240119,14,13,286,1,4823.13,10,4340.82
247,20250910,80,21,261,1,5880.6,5,5586.57
248,20250412,44,12,115,2,4747.67,0,9495.34
249,20250926,77,16,187,2,5233.57,0,10467.14
250,20251105,29,1,325,3,1567.62,0,4702.86
251,20250618,48,23,85,1,2551.26,10,2296.13
252,20250223,14,9,97,1,4823.13,10,4340.82
253,20240808,59,7,56,2,2020.12,0,4040.24
254,20251010,108,22,396,2,3374.55,0,6749.1
255,20250826,65,5,3,1,3541.34,0,3541.34
256,20250319,108,19,261,2,3374.55,15,5736.74
257,20251209,75,6,66,1,2266.5,5,2153.17
258,20250912,113,11,197,1,4385.13,5,4165.87
259,20251210,98,8,176,4,850.73,0,3402.92
260,20240516,18,14,384,1,5185.3,10,4666.77
261,20250714,111,11,284,1,1506.58,0,1506.58
262,20251001,92,10,345,1,2008.22,5,1907.81
263,20240701,65,18,166,2,3541.34,10,6374.41
264,20250729,62,19,342,2,978.5,5,1859.15
265,20250630,37,14,268,1,3761.37,0,3761.37
266,20240224,86,2,385,2,4002.37,20,6403.79
267,20251130,33,5,354,2,2291.4,0,4582.8
268,20250708,5,12,53,1,2284.3,5,2170.09
269,20250729,111,8,288,1,1506.58,0,1506.58
270,20251213,37,23,196,1,3761.37,20,3009.1
271,20251202,41,18,,2,5693.66,0,11387.32
272,20250329,107,8,361,2,1952.14,0,3904.28
273,20250825,70,24,398,2,3349.78,0,6699.56
274,20250404,23,22,,3,5336.87,5,15210.08
275,20240502,49,2,285,1,3974.14,0,3974.14
276,20240918,1,11,80,1,1005.84,15,854.96
277,20250903,7,25,316,2,4794.43,0,9588.86
278,20250809,71,12,,2,3918.6,0,7837.2
279,20240707,67,3,82,1,4800.44,0,4800.44
280,20240404,45,8,340,1,1364.28,0,1364.28
281,20240811,97,20,288,2,4779.12,20,7646.59
282,20240110,15,22,124,3,4621.37,5,13170.9
283,20250928,32,2,165,1,1604.88,10,1444.39
284,20240426,50,9,145,1,3814.05,0,3814.05
285,20250118,66,17,23,1,6204.11,5,5893.9
286,20241124,66,3,86,4,6204.11,10,22334.8
287,20250630,1,21,,1,1005.84,10,905.26
288,20251202,55,4,360,2,735.67,5,1397.77
289,20250321,83,3,79,1,2689.64,5,2555.16
290,20240208,12,3,,2,1690.47,5,3211.89
291,20250811,106,8,209,1,717.87,5,681.98
292,20250319,41,1,61,1,5693.66,5,5408.98
293,20250925,9,25,24,2,4835.47,0,9670.94
294,20250529,14,10,155,1,4823.13,0,4823.13
295,20250324,49,13,16,1,3974.14,0,3974.14
296,20240519,96,13,280,1,3006.66,5,2856.33
297,20241101,87,24,6,1,2952.23,5,2804.62
298,20240506,6,1,202,1,843.99,15,717.39
299,20241108,27,24,372,1,1220.37,0,1220.37
300,20251023,109,17,95,1,2954.88,10,2659.39
301,20240717,15,6,291,2,4621.37,10,8318.47
302,20250716,60,21,149,1,4273.1,0,4273.1
303,20240721,93,19,170,1,4029.05,5,3827.6
304,20240828,13,10,100,1,4729.21,0,4729.21
305,20250923,85,10,79,1,6169.54,0,6169.54
306,20241119,55,6,,1,735.67,0,735.67
307,20251018,56,9,69,1,7088.96,0,7088.96
308,20250506,60,15,157,1,4273.1,0,4273.1
309,20251023,78,3,72,2,1807.55,0,3615.1
310,20251003,10,24,,1,3316.3,0,3316.3
311,20240201,105,19,394,1,2890.92,15,2457.28
312,20250718,34,18,277,1,1322.31,10,1190.08
313,20250109,51,8,302,2,2879.69,0,5759.38
314,20250420,65,17,,1,3541.34,0,3541.34
315,20240901,109,20,388,1,2954.88,0,2954.88
316,20240702,73,19,75,2,6348.65,0,12697.3
317,20250102,6,8,119,1,843.99,0,843.99
318,20240213,86,7,185,1,4002.37,15,3402.01
319,20240217,6,21,361,3,843.99,5,2405.37
320,20241007,107,24,279,1,1952.14,0,1952.14
321,20250122,47,19,40,1,2706.69,0,2706.69
322,20240816,67,13,177,1,4800.44,0,4800.44
323,20250910,1,17,226,1,1005.84,0,1005.84
324,20251020,36,7,81,1,682.61,5,648.48
325,20240501,85,8,170,2,6169.54,0,12339.08
326,20250505,62,7,332,2,978.5,0,1957.0
327,20240214,17,19,69,1,1735.19,0,1735.19
328,20250809,19,2,93,1,3799.68,0,3799.68
329,20250731,82,1,373,1,3179.41,0,3179.41
330,20240328,28,15,242,2,3988.05,0,7976.1
331,20250224,77,5,393,1,5233.57,5,4971.89
332,20240927,22,24,233,1,6438.69,0,6438.69
333,20250122,50,5,104,1,3814.05,15,3241.94
334,20251201,54,5,91,1,2808.33,5,2667.91
335,20240209,113,18,61,1,4385.13,5,4165.87
336,20250909,70,1,397,1,3349.78,0,3349.78
337,20250306,48,2,220,1,2551.26,10,2296.13
338,20250125,45,19,390,2,1364.28,5,2592.13
339,20250311,18,9,120,3,5185.3,0,15555.9
340,20250904,113,18,97,1,4385.13,5,4165.87
341,20240108,74,17,4,1,3249.83,0,3249.83
342,20241119,53,12,219,1,1453.18,0,1453.18
343,20250702,55,19,142,4,735.67,0,2942.68
344,20240727,53,18,248,1,1453.18,5,1380.52
345,20250510,33,10,397,2,2291.4,5,4353.66
346,20251106,16,24,359,3,4330.21,0,12990.63
347,20250604,52,11,315,1,2796.94,5,2657.09
348,20240613,50,21,,1,3814.05,0,3814.05
349,20250906,56,3,,1,7088.96,0,7088.96
350,20240208,93,13,206,1,4029.05,0,4029.05
351,20251229,77,2,90,1,5233.57,0,5233.57
352,20240725,109,22,266,1,2954.88,0,2954.88
353,20250905,66,17,315,1,6204.11,0,6204.11
354,20240901,84,1,45,4,4822.61,10,17361.4
355,20241227,86,13,103,1,4002.37,5,3802.25
356,20240311,118,3,372,2,5698.72,15,9687.82
357,20241222,45,9,100,1,1364.28,0,1364.28
358,20240105,34,6,55,1,1322.31,0,1322.31
359,20241214,15,17,276,2,4621.37,5,8780.6
360,20251211,57,13,395,1,3796.83,0,3796.83
361,20250414,88,15,15,1,2796.03,0,2796.03
362,20250126,82,8,118,2,3179.41,0,6358.82
363,20241227,67,18,,2,4800.44,0,9600.88
364,20240405,52,22,176,1,2796.94,15,2377.4
365,20250502,41,12,294,1,5693.66,15,4839.61
366,20251130,120,7,103,1,5078.17,0,5078.17
367,20240928,27,8,128,2,1220.37,0,2440.74
368,20240419,16,3,340,1,4330.21,0,4330.21
369,20250708,6,16,162,1,843.99,20,675.19
370,20250811,112,9,392,3,1434.74,0,4304.22
371,20240815,97,19,270,2,4779.12,0,9558.24
372,20250707,5,17,352,2,2284.3,0,4568.6
373,20240503,90,17,353,1,3873.38,5,3679.71
374,20250123,75,4,314,2,2266.5,0,4533.0
375,20240926,31,9,314,1,7243.85,0,7243.85
376,20250310,27,14,191,1,1220.37,0,1220.37
377,20250406,24,19,295,1,3205.37,10,2884.83
378,20241003,103,8,196,1,5201.47,10,4681.32
379,20240602,61,1,256,1,5731.62,15,4871.88
380,20251007,67,18,250,1,4800.44,5,4560.42
381,20250804,7,13,,1,4794.43,0,4794.43
382,20240917,61,21,,2,5731.62,0,11463.24
383,20250103,72,18,132,1,1667.62,0,1667.62
384,20241225,112,22,102,1,1434.74,5,1363.0
385,20250705,23,25,167,1,5336.87,0,5336.87
386,20250402,114,3,147,1,3973.22,20,3178.58
387,20240620,82,11,314,1,3179.41,10,2861.47
388,20240314,11,6,161,1,5902.88,0,5902.88
389,20240930,78,21,228,2,1807.55,15,3072.84
390,20250824,67,15,95,2,4800.44,0,9600.88
391,20240828,85,9,359,2,6169.54,0,12339.08
392,20250210,14,4,,2,4823.13,0,9646.26
393,20240127,99,13,43,1,4915.0,5,4669.25
394,20240327,84,13,127,2,4822.61,0,9645.22
395,20240509,17,17,15,1,1735.19,0,1735.19
396,20241129,111,16,277,3,1506.58,0,4519.74
397,20240518,90,18,306,1,3873.38,5,3679.71
398,20250731,56,17,274,1,7088.96,0,7088.96
399,20250706,30,3,188,1,3704.61,0,3704.61
400,20240111,1,17,70,1,1005.84,0,1005.84
401,20240109,89,16,245,1,4062.25,10,3656.03
402,20241026,77,8,281,1,5233.57,0,5233.57
403,20250728,56,13,367,2,7088.96,0,14177.92
404,20250122,29,9,,1,1567.62,0,1567.62
405,20250919,104,23,146,1,6527.04,0,6527.04
406,20241002,53,7,94,1,1453.18,0,1453.18
407,20250411,80,15,319,1,5880.6,0,5880.6
408,20240604,7,18,,4,4794.43,0,19177.72
409,20240508,92,15,120,1,2008.22,0,2008.22
410,20240810,44,14,256,4,4747.67,0,18990.68
411,20240202,43,3,75,1,3747.63,10,3372.87
412,20240314,70,16,129,2,3349.78,10,6029.6
413,20240504,99,23,395,4,4915.0,0,19660.0
414,20240204,26,15,49,1,1355.83,20,1084.66
415,20250429,50,22,166,1,3814.05,5,3623.35
416,20250716,67,4,327,1,4800.44,0,4800.44
417,20240223,111,22,58,1,1506.58,0,1506.58
418,20240116,22,9,203,2,6438.69,0,12877.38
419,20240213,75,23,306,1,2266.5,10,2039.85
420,20240911,21,16,,1,1209.52,15,1028.09
421,20251002,8,2,79,2,3576.07,10,6436.93
422,20240508,63,8,286,2,4196.34,10,7553.41
423,20250325,94,7,,1,1460.17,5,1387.16
424,20240913,116,2,225,1,6480.7,0,6480.7
425,20250516,25,19,179,1,659.99,0,659.99
426,20250905,118,18,272,1,5698.72,0,5698.72
427,20240926,70,12,398,1,3349.78,0,3349.78
428,20240708,114,1,187,2,3973.22,0,7946.44
429,20240305,85,18,98,1,6169.54,0,6169.54
430,20250718,20,20,210,1,1915.63,0,1915.63
431,20250619,85,3,,3,6169.54,0,18508.62
432,20240202,26,4,51,1,1355.83,5,1288.04
433,20250201,85,16,360,1,6169.54,0,6169.54
434,20240814,78,23,,3,1807.55,0,5422.65
435,20250518,119,3,328,1,2956.72,5,2808.88
436,20250301,106,12,30,2,717.87,0,1435.74
437,20240211,94,3,40,3,1460.17,20,3504.41
438,20240409,13,24,198,1,4729.21,0,4729.21
439,20240911,73,21,286,2,6348.65,0,12697.3
440,20240418,99,21,346,1,4915.0,5,4669.25
441,20240416,22,6,259,1,6438.69,0,6438.69
442,20250906,57,12,282,4,3796.83,0,15187.32
443,20250115,53,25,372,1,1453.18,0,1453.18
444,20250712,28,13,382,1,3988.05,20,3190.44
445,20250403,51,1,146,1,2879.69,0,2879.69
446,20241105,1,10,110,2,1005.84,0,2011.68
447,20251207,106,9,262,1,717.87,15,610.19
448,20240607,13,2,80,1,4729.21,0,4729.21
449,20250819,32,8,154,1,1604.88,0,1604.88
450,20240810,94,3,248,1,1460.17,10,1314.15
451,20251207,90,19,49,1,3873.38,0,3873.38
452,20250813,49,3,395,1,3974.14,15,3378.02
453,20250320,54,4,117,2,2808.33,10,5054.99
454,20240112,82,25,28,1,3179.41,0,3179.41
455,20250706,73,5,358,1,6348.65,0,6348.65
456,20250206,58,25,259,1,5200.5,0,5200.5
457,20250207,19,5,244,1,3799.68,0,3799.68
458,20250212,34,3,223,2,1322.31,0,2644.62
459,20240518,62,18,203,1,978.5,0,978.5
460,20250922,95,17,37,1,3960.41,0,3960.41
461,20251202,119,19,,1,2956.72,0,2956.72
462,20241222,25,11,336,1,659.99,0,659.99
463,20241224,79,15,226,1,1528.97,10,1376.07
464,20240723,88,12,373,2,2796.03,0,5592.06
465,20240225,32,20,148,1,1604.88,5,1524.64
466,20240423,40,15,170,1,6858.19,0,6858.19
467,20240727,70,17,281,1,3349.78,5,3182.29
468,20240524,89,23,193,1,4062.25,5,3859.14
469,20240214,33,6,,1,2291.4,5,2176.83
470,20241004,7,15,5,1,4794.43,5,4554.71
471,20251109,110,22,56,1,3839.63,10,3455.67
472,20251026,50,8,261,4,3814.05,0,15256.2
473,20241119,63,20,96,1,4196.34,20,3357.07
474,20250728,119,23,,1,2956.72,0,2956.72
475,20241207,63,13,10,1,4196.34,0,4196.34
476,20251002,39,8,257,1,3883.73,0,3883.73
477,20240920,113,13,16,3,4385.13,15,11182.08
478,20240818,20,11,337,1,1915.63,5,1819.85
479,20250617,87,20,352,1,2952.23,0,2952.23
480,20240605,55,10,169,1,735.67,0,735.67
481,20251030,18,19,104,2,5185.3,0,10370.6
482,20251223,116,17,221,4,6480.7,20,20738.24
483,20240528,84,19,163,1,4822.61,0,4822.61
484,20240501,24,11,75,2,3205.37,10,5769.67
485,20250227,53,10,327,3,1453.18,0,4359.54
486,20240711,14,5,391,4,4823.13,5,18327.89
487,20250912,73,20,119,1,6348.65,0,6348.65
488,20240322,89,25,258,2,4062.25,0,8124.5
489,20251027,48,6,252,1,2551.26,0,2551.26
490,20240819,5,14,8,3,2284.3,20,5482.32
491,20240815,96,22,388,1,3006.66,0,3006.66
492,20250325,111,20,167,2,1506.58,15,2561.19
493,20250313,52,25,,2,2796.94,0,5593.88
494,20241116,51,20,293,1,2879.69,0,2879.69
495,20251222,101,2,232,1,1131.31,15,961.61
496,20240908,67,18,377,1,4800.44,0,4800.44
497,20251007,7,7,204,2,4794.43,10,8629.97
498,20241019,60,6,314,3,4273.1,5,12178.34
499,20240525,60,21,370,1,4273.1,0,4273.1
500,20250822,115,23,202,1,2419.05,0,2419.05
501,20240702,59,19,104,2,2020.12,0,4040.24
502,20241127,89,21,84,2,4062.25,0,8124.5
503,20240426,91,15,44,1,6185.93,0,6185.93
504,20250607,79,6,195,1,1528.97,0,1528.97
505,20241209,73,22,84,2,6348.65,0,12697.3
506,20251230,7,14,374,2,4794.43,0,9588.86
507,20251003,24,4,104,1,3205.37,10,2884.83
508,20240113,59,16,279,2,2020.12,5,3838.23
509,20250520,31,7,244,1,7243.85,0,7243.85
510,20250907,77,1,281,1,5233.57,5,4971.89
511,20240731,7,6,335,1,4794.43,0,4794.43
512,20240203,86,19,153,1,4002.37,0,4002.37
513,20240421,54,6,146,1,2808.33,5,2667.91
514,20250901,74,18,234,2,3249.83,0,6499.66
515,20240206,12,25,189,2,1690.47,10,3042.85
516,20250313,108,18,,1,3374.55,0,3374.55
517,20241008,43,17,108,1,3747.63,5,3560.25
518,20240421,74,24,271,4,3249.83,0,12999.32
519,20251206,78,23,312,2,1807.55,0,3615.1
520,20250811,80,12,315,1,5880.6,0,5880.6
521,20251009,64,16,313,1,4068.92,0,4068.92
522,20240717,1,4,,1,1005.84,0,1005.84
523,20240731,103,20,212,1,5201.47,0,5201.47
524,20251014,28,1,354,1,3988.05,10,3589.25
525,20241111,39,17,393,1,3883.73,5,3689.54
526,20241215,51,24,15,2,2879.69,0,5759.38
527,20241212,119,22,243,2,2956.72,5,5617.77
528,20250508,20,21,275,2,1915.63,0,3831.26
529,20250227,119,24,,1,2956.72,5,2808.88
530,20251125,41,18,107,1,5693.66,0,5693.66
531,20241228,9,5,16,1,4835.47,0,4835.47
532,20250701,108,6,200,1,3374.55,0,3374.55
533,20241111,91,11,140,1,6185.93,0,6185.93
534,20240831,48,15,155,1,2551.26,0,2551.26
535,20240424,48,2,48,1,2551.26,0,2551.26
536,20250509,116,17,175,3,6480.7,5,18469.99
537,20250620,40,25,394,2,6858.19,10,12344.74
538,20250612,87,5,19,1,2952.23,5,2804.62
539,20250618,15,1,23,1,4621.37,5,4390.3
540,20240330,43,15,53,1,3747.63,5,3560.25
541,20241115,3,19,328,2,2631.02,0,5262.04
542,20240716,37,9,396,1,3761.37,0,3761.37
543,20240601,21,9,319,1,1209.52,0,1209.52
544,20250709,45,18,73,3,1364.28,10,3683.56
545,20250810,32,6,,1,1604.88,0,1604.88
546,20250330,7,5,,3,4794.43,0,14383.29
547,20250127,7,3,92,2,4794.43,15,8150.53
548,20251006,108,23,316,1,3374.55,0,3374.55
549,20240721,92,25,274,1,2008.22,15,1706.99
550,20250421,73,5,,2,6348.65,5,12062.43
551,20240409,59,10,364,2,2020.12,0,4040.24
552,20240817,19,20,187,1,3799.68,5,3609.7
553,20251112,43,11,16,1,3747.63,0,3747.63
554,20250505,60,6,179,1,4273.1,0,4273.1
555,20240415,52,23,167,1,2796.94,0,2796.94
556,20241105,69,15,212,1,2128.62,0,2128.62
557,20240611,62,13,,1,978.5,5,929.57
558,20250317,101,14,176,1,1131.31,0,1131.31
559,20251109,86,3,365,1,4002.37,0,4002.37
560,20250829,77,15,50,2,5233.57,0,10467.14
561,20250219,9,20,306,2,4835.47,0,9670.94
562,20250521,83,22,,1,2689.64,0,2689.64
563,20250817,116,25,1,2,6480.7,5,12313.33
564,20250408,69,10,296,1,2128.62,0,2128.62
565,20241120,39,19,348,1,3883.73,15,3301.17
566,20250321,92,12,299,1,2008.22,20,1606.58
567,20250217,109,5,32,1,2954.88,0,2954.88
568,20240224,1,23,184,1,1005.84,0,1005.84
569,20240201,31,14,202,1,7243.85,5,6881.66
570,20250219,49,14,340,1,3974.14,0,3974.14
571,20250722,50,12,79,1,3814.05,15,3241.94
572,20240508,18,1,,1,5185.3,5,4926.03
573,20250513,85,14,70,1,6169.54,5,5861.06
574,20250301,111,15,357,1,1506.58,0,1506.58
575,20240703,59,17,231,1,2020.12,0,2020.12
576,20250310,78,1,375,1,1807.55,0,1807.55
577,20250224,119,18,18,4,2956.72,5,11235.54
578,20251222,48,4,354,1,2551.26,5,2423.7
579,20250623,110,25,239,1,3839.63,0,3839.63
580,20250916,12,8,380,1,1690.47,5,1605.95
581,20251201,82,18,160,1,3179.41,15,2702.5
582,20250701,100,1,263,3,4823.15,5,13745.98
583,20241205,54,12,151,1,2808.33,0,2808.33
584,20250903,96,10,289,1,3006.66,5,2856.33
585,20250815,22,19,,4,6438.69,10,23179.28
586,20251001,4,10,65,1,1722.15,10,1549.94
587,20241011,33,5,141,2,2291.4,0,4582.8
588,20240424,78,6,379,1,1807.55,0,1807.55
589,20240628,34,23,93,2,1322.31,10,2380.16
590,20241217,11,5,79,2,5902.88,10,10625.18
591,20250226,99,13,226,2,4915.0,0,9830.0
592,20250814,94,12,,1,1460.17,10,1314.15
593,20240223,22,15,155,1,6438.69,15,5472.89
594,20250629,30,13,200,1,3704.61,0,3704.61
595,20250321,2,10,230,1,882.35,0,882.35
596,20250626,88,2,,1,2796.03,0,2796.03
597,20250318,79,21,172,1,1528.97,10,1376.07
598,20240918,84,19,396,1,4822.61,0,4822.61
599,20251119,76,25,173,1,5042.37,20,4033.9
600,20241116,71,1,35,1,3918.6,0,3918.6
601,20240416,88,15,372,1,2796.03,0,2796.03
602,20240125,80,3,,1,5880.6,15,4998.51
603,20240810,77,21,62,1,5233.57,5,4971.89
604,20250119,85,25,290,2,6169.54,0,12339.08
605,20240423,90,6,240,1,3873.38,0,3873.38
606,20250409,119,9,355,3,2956.72,10,7983.14
607,20241127,33,6,142,2,2291.4,0,4582.8
608,20241206,8,9,136,1,3576.07,0,3576.07
609,20240724,79,13,252,1,1528.97,0,1528.97
610,20250317,28,20,227,2,3988.05,0,7976.1
611,20240315,10,19,398,1,3316.3,15,2818.86
612,20240601,84,21,,1,4822.61,0,4822.61
613,20240604,90,11,295,1,3873.38,5,3679.71
614,20250517,62,14,373,2,978.5,10,1761.3
615,20250707,29,1,353,2,1567.62,0,3135.24
616,20250803,69,12,156,1,2128.62,5,2022.19
617,20251024,12,12,175,1,1690.47,0,1690.47
618,20241023,83,7,21,3,2689.64,5,7665.47
619,20241102,90,13,323,1,3873.38,0,3873.38
620,20251009,57,24,19,1,3796.83,5,3606.99
621,20250830,31,16,277,1,7243.85,0,7243.85
622,20250405,3,2,173,2,2631.02,0,5262.04
623,20240501,28,21,235,3,3988.05,15,10169.53
624,20250703,20,24,37,1,1915.63,0,1915.63
625,20251031,3,16,317,1,2631.02,5,2499.47
626,20240513,2,6,158,2,882.35,0,1764.7
627,20250917,22,19,,2,6438.69,0,12877.38
628,20250901,103,20,104,1,5201.47,10,4681.32
629,20251125,52,11,351,1,2796.94,0,2796.94
630,20240806,98,2,172,1,850.73,0,850.73
631,20250301,22,23,85,1,6438.69,15,5472.89
632,20240211,18,4,324,1,5185.3,10,4666.77
633,20240117,113,16,,1,4385.13,15,3727.36
634,20251224,84,19,214,1,4822.61,10,4340.35
635,20250502,89,5,328,1,4062.25,0,4062.25
636,20240901,23,20,306,1,5336.87,0,5336.87
637,20240331,81,10,3,1,1242.05,0,1242.05
638,20250626,13,20,390,4,4729.21,0,18916.84
639,20250420,99,21,142,1,4915.0,0,4915.0
640,20240601,88,16,82,1,2796.03,0,2796.03
641,20251022,47,10,129,1,2706.69,10,2436.02
642,20250409,6,4,276,1,843.99,10,759.59
643,20250511,66,4,,1,6204.11,0,6204.11
644,20250816,42,14,347,2,2401.74,0,4803.48
645,20240422,42,8,,2,2401.74,10,4323.13
646,20250119,115,8,,1,2419.05,0,2419.05
647,20250322,19,7,233,1,3799.68,0,3799.68
648,20250413,93,7,139,1,4029.05,0,4029.05
649,20251209,73,2,57,2,6348.65,0,12697.3
650,20240624,98,11,152,1,850.73,10,765.66
651,20251015,79,6,284,2,1528.97,0,3057.94
652,20250618,63,7,237,1,4196.34,5,3986.52
653,20240909,32,11,114,2,1604.88,5,3049.27
654,20240601,117,19,214,4,5631.66,0,22526.64
655,20250426,94,25,218,1,1460.17,0,1460.17
656,20251214,106,4,124,1,717.87,10,646.08
657,20251210,94,14,68,1,1460.17,0,1460.17
658,20240402,3,16,83,2,2631.02,10,4735.84
659,20250820,4,15,71,2,1722.15,0,3444.3
660,20250114,81,15,1,2,1242.05,0,2484.1
661,20251208,43,17,,1,3747.63,0,3747.63
662,20250919,70,19,351,1,3349.78,15,2847.31
663,20240226,66,22,27,1,6204.11,0,6204.11
664,20250925,6,12,332,1,843.99,0,843.99
665,20251227,100,7,172,1,4823.15,0,4823.15
666,20250504,95,25,360,1,3960.41,5,3762.39
667,20240818,42,12,258,1,2401.74,0,2401.74
668,20240305,48,12,257,1,2551.26,0,2551.26
669,20251227,69,22,150,1,2128.62,0,2128.62
670,20251120,89,3,235,1,4062.25,0,4062.25
671,20240702,37,3,142,1,3761.37,0,3761.37
672,20240603,112,7,322,1,1434.74,0,1434.74
673,20251129,70,5,216,1,3349.78,5,3182.29
674,20241025,25,3,,2,659.99,10,1187.98
675,20250616,83,11,176,1,2689.64,10,2420.68
676,20250512,76,22,281,1,5042.37,0,5042.37
677,20240515,115,10,134,1,2419.05,0,2419.05
678,20241022,99,2,146,1,4915.0,0,4915.0
679,20240613,92,18,90,2,2008.22,5,3815.62
680,20251113,102,5,60,1,616.26,0,616.26
681,20240509,57,9,106,1,3796.83,0,3796.83
682,20241120,45,5,277,4,1364.28,0,5457.12
683,20240504,118,1,256,2,5698.72,15,9687.82
684,20241123,20,1,280,4,1915.63,0,7662.52
685,20251223,38,16,387,4,1729.74,5,6573.01
686,20240530,103,19,227,1,5201.47,0,5201.47
687,20250505,116,2,283,1,6480.7,0,6480.7
688,20250924,108,8,48,1,3374.55,5,3205.82
689,20240718,75,17,393,1,2266.5,0,2266.5
690,20250705,109,15,45,4,2954.88,0,11819.52
691,20250517,41,20,29,3,5693.66,0,17080.98
692,20240531,92,14,191,1,2008.22,0,2008.22
693,20241111,58,18,,2,5200.5,0,10401.0
694,20250301,103,15,373,4,5201.47,0,20805.88
695,20250228,18,19,74,1,5185.3,0,5185.3
696,20250621,43,3,303,2,3747.63,0,7495.26
697,20250223,82,9,285,1,3179.41,5,3020.44
698,20240520,26,6,149,1,1355.83,0,1355.83
699,20241105,107,19,287,2,1952.14,0,3904.28
700,20240103,20,9,328,2,1915.63,0,3831.26
701,20251031,86,10,252,3,4002.37,5,11406.75
702,20240130,16,25,35,1,4330.21,0,4330.21
703,20250507,73,14,322,1,6348.65,20,5078.92
704,20240502,48,17,9,2,2551.26,0,5102.52
705,20240229,19,11,355,1,3799.68,0,3799.68
706,20241006,47,14,183,1,2706.69,0,2706.69
707,20251016,120,3,393,1,5078.17,10,4570.35
708,20250905,97,6,162,2,4779.12,5,9080.33
709,20241104,35,22,186,1,3748.04,5,3560.64
710,20240527,2,5,191,2,882.35,0,1764.7
711,20240615,14,7,114,2,4823.13,10,8681.63
712,20250726,79,23,270,2,1528.97,5,2905.04
713,20251220,97,4,40,1,4779.12,0,4779.12
714,20240118,62,12,186,1,978.5,0,978.5
715,20250903,67,25,89,2,4800.44,0,9600.88
716,20240501,29,5,73,1,1567.62,0,1567.62
717,20240802,17,3,391,2,1735.19,0,3470.38
718,20250510,97,14,,1,4779.12,10,4301.21
719,20250609,76,2,130,1,5042.37,0,5042.37
720,20240111,97,4,309,1,4779.12,15,4062.25
721,20240708,86,12,,1,4002.37,5,3802.25
722,20241011,75,12,257,2,2266.5,5,4306.35
723,20250601,73,3,,1,6348.65,0,6348.65
724,20240810,92,7,88,3,2008.22,0,6024.66
725,20240411,119,7,363,1,2956.72,5,2808.88
726,20240708,57,22,93,2,3796.83,20,6074.93
727,20250310,28,17,58,2,3988.05,0,7976.1
728,20250422,15,17,391,1,4621.37,0,4621.37
729,20240211,11,11,198,1,5902.88,5,5607.74
730,20241115,88,15,209,1,2796.03,10,2516.43
731,20240712,110,3,244,3,3839.63,0,11518.89
732,20240114,87,16,203,1,2952.23,5,2804.62
733,20240328,16,5,356,1,4330.21,0,4330.21
734,20240621,9,12,174,1,4835.47,10,4351.92
735,20250217,16,8,372,1,4330.21,10,3897.19
736,20250818,76,9,330,3,5042.37,0,15127.11
737,20251113,78,13,262,1,1807.55,10,1626.8
738,20240420,16,9,119,1,4330.21,0,4330.21
739,20240411,95,2,256,1,3960.41,20,3168.33
740,20250126,78,22,156,1,1807.55,0,1807.55
741,20240319,85,25,253,2,6169.54,0,12339.08
742,20251108,64,16,278,1,4068.92,10,3662.03
743,20250713,3,25,,1,2631.02,15,2236.37
744,20250127,58,11,227,1,5200.5,0,5200.5
745,20250724,85,25,362,1,6169.54,0,6169.54
746,20241115,92,13,57,1,2008.22,0,2008.22
747,20250721,88,18,244,1,2796.03,0,2796.03
748,20240227,51,9,194,1,2879.69,0,2879.69
749,20241018,42,2,,1,2401.74,10,2161.57
750,20241223,104,24,392,2,6527.04,0,13054.08
751,20240409,55,12,211,1,735.67,5,698.89
752,20240910,31,21,44,3,7243.85,0,21731.55
753,20241108,15,11,276,1,4621.37,0,4621.37
754,20250308,73,17,137,1,6348.65,0,6348.65
755,20240123,41,13,166,1,5693.66,10,5124.29
756,20240412,89,22,255,1,4062.25,10,3656.03
757,20241213,22,20,224,1,6438.69,5,6116.76
758,20240318,108,18,136,1,3374.55,20,2699.64
759,20250215,103,8,48,2,5201.47,5,9882.79
760,20250829,44,9,,2,4747.67,0,9495.34
761,20240802,45,3,155,1,1364.28,0,1364.28
762,20251110,70,11,206,1,3349.78,0,3349.78
763,20251118,98,18,10,1,850.73,0,850.73
764,20240710,74,16,381,3,3249.83,0,9749.49
765,20251015,69,20,223,3,2128.62,5,6066.57
766,20240302,67,7,76,1,4800.44,5,4560.42
767,20241103,109,14,33,1,2954.88,10,2659.39
768,20240930,106,10,132,1,717.87,0,717.87
769,20240901,15,5,126,2,4621.37,0,9242.74
770,20250512,72,14,19,1,1667.62,0,1667.62
771,20240130,34,9,91,1,1322.31,0,1322.31
772,20250512,101,1,,2,1131.31,0,2262.62
773,20241101,111,3,209,2,1506.58,5,2862.5
774,20240402,51,24,121,1,2879.69,5,2735.71
775,20240503,67,22,397,3,4800.44,0,14401.32
776,20240402,31,20,161,1,7243.85,5,6881.66
777,20250203,104,24,217,1,6527.04,0,6527.04
778,20240807,36,15,302,1,682.61,0,682.61
779,20251217,15,11,244,1,4621.37,20,3697.1
780,20240528,47,16,158,1,2706.69,20,2165.35
781,20250912,5,24,28,1,2284.3,10,2055.87
782,20240902,33,18,328,3,2291.4,0,6874.2
783,20251202,16,18,227,1,4330.21,15,3680.68
784,20250206,119,9,388,1,2956.72,0,2956.72
785,20240613,118,15,393,1,5698.72,10,5128.85
786,20241007,111,3,252,1,1506.58,0,1506.58
787,20241206,92,14,52,2,2008.22,5,3815.62
788,20250602,9,12,374,2,4835.47,5,9187.39
789,20250409,89,1,329,1,4062.25,5,3859.14
790,20251018,18,1,322,1,5185.3,5,4926.03
791,20240423,21,8,394,2,1209.52,10,2177.14
792,20250831,88,14,164,1,2796.03,15,2376.63
793,20240516,34,6,168,2,1322.31,0,2644.62
794,20250228,48,6,194,3,2551.26,15,6505.71
795,20240817,3,1,332,1,2631.02,0,2631.02
796,20240401,60,7,87,1,4273.1,5,4059.45
797,20250906,34,5,,1,1322.31,15,1123.96
798,20240430,2,23,396,3,882.35,0,2647.05
799,20251120,64,4,105,1,4068.92,10,3662.03
800,20240929,37,24,67,1,3761.37,0,3761.37
801,20240808,106,10,97,1,717.87,0,717.87
802,20240529,4,10,121,1,1722.15,15,1463.83
803,20250113,75,22,44,1,2266.5,0,2266.5
804,20241127,89,13,366,1,4062.25,0,4062.25
805,20250903,33,3,,1,2291.4,0,2291.4
806,20240828,61,12,344,3,5731.62,5,16335.12
807,20240216,1,9,196,1,1005.84,0,1005.84
808,20250114,17,18,,1,1735.19,0,1735.19
809,20250519,120,11,68,1,5078.17,5,4824.26
810,20250319,19,9,23,4,3799.68,0,15198.72
811,20241014,96,12,145,3,3006.66,0,9019.98
812,20240927,67,11,85,1,4800.44,20,3840.35
813,20240603,72,22,226,1,1667.62,0,1667.62
814,20240823,24,2,84,2,3205.37,0,6410.74
815,20250521,6,15,364,1,843.99,0,843.99
816,20240425,109,24,64,1,2954.88,0,2954.88
817,20241017,24,6,140,1,3205.37,5,3045.1
818,20240805,75,1,293,1,2266.5,15,1926.52
819,20240909,99,16,169,1,4915.0,5,4669.25
820,20251127,16,13,55,2,4330.21,0,8660.42
821,20240324,59,23,233,1,2020.12,0,2020.12
822,20251104,1,11,336,1,1005.84,0,1005.84
823,20250805,17,7,330,1,1735.19,10,1561.67
824,20240313,71,20,205,1,3918.6,0,3918.6
825,20250212,12,1,84,1,1690.47,0,1690.47
826,20251024,97,21,153,1,4779.12,0,4779.12
827,20241113,116,22,184,1,6480.7,10,5832.63
828,20250608,26,16,199,1,1355.83,5,1288.04
829,20250309,12,25,189,1,1690.47,0,1690.47
830,20250312,12,2,238,1,1690.47,5,1605.95
831,20251231,20,16,332,1,1915.63,0,1915.63
832,20250323,11,16,66,1,5902.88,0,5902.88
833,20240911,67,14,25,1,4800.44,15,4080.37
834,20250609,14,17,49,1,4823.13,5,4581.97
835,20240916,46,9,394,1,4179.48,0,4179.48
836,20251108,60,6,202,1,4273.1,0,4273.1
837,20251222,39,11,233,2,3883.73,0,7767.46
838,20240928,44,6,41,2,4747.67,5,9020.57
839,20251120,14,14,3,1,4823.13,0,4823.13
840,20251102,62,15,337,3,978.5,5,2788.72
841,20250513,39,20,316,1,3883.73,5,3689.54
842,20251207,87,13,45,1,2952.23,0,2952.23
843,20240424,105,1,97,2,2890.92,0,5781.84
844,20251026,19,21,321,2,3799.68,0,7599.36
845,20240329,39,25,243,1,3883.73,0,3883.73
846,20240605,95,23,249,1,3960.41,10,3564.37
847,20250822,32,7,201,1,1604.88,0,1604.88
848,20251007,109,23,213,2,2954.88,5,5614.27
849,20250902,94,18,19,1,1460.17,0,1460.17
850,20250828,93,20,250,1,4029.05,0,4029.05
851,20240120,55,19,33,1,735.67,5,698.89
852,20250429,15,16,331,1,4621.37,5,4390.3
853,20240122,21,10,241,1,1209.52,0,1209.52
854,20240812,76,22,309,2,5042.37,5,9580.5
855,20250424,17,10,200,3,1735.19,10,4685.01
856,20251120,84,24,242,2,4822.61,10,8680.7
857,20250928,27,10,45,1,1220.37,0,1220.37
858,20240723,21,20,213,3,1209.52,0,3628.56
859,20240828,27,18,,1,1220.37,15,1037.31
860,20241231,87,6,258,1,2952.23,0,2952.23
861,20250316,15,20,288,1,4621.37,0,4621.37
862,20241214,101,12,395,2,1131.31,0,2262.62
863,20240603,110,23,310,1,3839.63,5,3647.65
864,20250324,103,15,387,1,5201.47,0,5201.47
865,20250917,79,4,22,1,1528.97,0,1528.97
866,20240430,112,7,81,2,1434.74,5,2726.01
867,20250602,64,24,79,1,4068.92,0,4068.92
868,20240521,16,7,213,2,4330.21,0,8660.42
869,20250430,44,10,44,1,4747.67,5,4510.29
870,20250228,47,21,78,2,2706.69,0,5413.38
871,20240821,18,14,210,2,5185.3,20,8296.48
872,20250612,102,22,16,1,616.26,10,554.63
873,20250613,9,3,206,4,4835.47,0,19341.88
874,20240303,51,25,,3,2879.69,0,8639.07
875,20250811,8,21,339,2,3576.07,20,5721.71
876,20250305,52,22,156,2,2796.94,0,5593.88
877,20241218,2,9,313,3,882.35,5,2514.7
878,20250401,83,7,320,2,2689.64,5,5110.32
879,20251215,45,21,102,2,1364.28,0,2728.56
880,20250704,43,13,379,2,3747.63,0,7495.26
881,20250707,37,7,,1,3761.37,0,3761.37
882,20251012,21,1,,2,1209.52,5,2298.09
883,20240904,107,25,217,4,1952.14,0,7808.56
884,20240302,108,12,260,1,3374.55,0,3374.55
885,20251028,16,15,378,1,4330.21,0,4330.21
886,20240829,104,24,290,2,6527.04,15,11095.97
887,20251112,69,20,154,1,2128.62,10,1915.76
888,20250809,87,5,267,2,2952.23,0,5904.46
889,20250612,75,7,185,1,2266.5,0,2266.5
890,20250311,107,14,,1,1952.14,15,1659.32
891,20250502,28,15,,1,3988.05,0,3988.05
892,20250726,67,25,136,1,4800.44,5,4560.42
893,20250326,89,16,214,2,4062.25,0,8124.5
894,20240510,63,23,361,1,4196.34,0,4196.34
895,20251212,28,15,383,1,3988.05,5,3788.65
896,20240501,78,14,190,1,1807.55,0,1807.55
897,20240605,16,12,192,1,4330.21,0,4330.21
898,20240526,19,19,157,2,3799.68,0,7599.36
899,20250515,1,4,35,2,1005.84,0,2011.68
900,20250809,40,19,173,2,6858.19,0,13716.38
901,20250912,17,25,326,1,1735.19,0,1735.19
902,20250404,20,24,320,1,1915.63,0,1915.63
903,20240826,116,13,24,3,6480.7,15,16525.78
904,20241011,83,3,363,1,2689.64,5,2555.16
905,20251225,40,18,330,1,6858.19,0,6858.19
906,20250925,70,19,292,1,3349.78,10,3014.8
907,20250529,115,1,273,1,2419.05,0,2419.05
908,20240729,32,23,297,1,1604.88,10,1444.39
909,20250913,42,13,252,2,2401.74,0,4803.48
910,20250323,24,14,,1,3205.37,0,3205.37
911,20240403,15,4,147,1,4621.37,0,4621.37
912,20240401,20,10,348,1,1915.63,5,1819.85
913,20241129,24,1,153,1,3205.37,0,3205.37
914,20250226,115,11,62,1,2419.05,0,2419.05
915,20250903,76,8,386,1,5042.37,15,4286.01
916,20241002,8,11,209,1,3576.07,0,3576.07
917,20251010,30,1,301,1,3704.61,0,3704.61
918,20250722,84,5,209,1,4822.61,10,4340.35
919,20250527,27,5,87,2,1220.37,0,2440.74
920,20250309,117,18,1,2,5631.66,20,9010.66
921,20250927,38,21,1,1,1729.74,15,1470.28
922,20241006,77,9,195,4,5233.57,10,18840.85
923,20240805,75,17,83,2,2266.5,5,4306.35
924,20241103,12,13,72,2,1690.47,20,2704.75
925,20250318,27,20,163,2,1220.37,15,2074.63
926,20251012,34,25,140,1,1322.31,20,1057.85
927,20241215,27,15,169,1,1220.37,5,1159.35
928,20251023,119,1,3,3,2956.72,5,8426.65
929,20250227,72,23,391,1,1667.62,0,1667.62
930,20251026,84,3,344,1,4822.61,0,4822.61
931,20250120,106,20,91,2,717.87,10,1292.17
932,20240109,16,15,99,1,4330.21,0,4330.21
933,20240121,98,9,364,1,850.73,0,850.73
934,20250920,81,10,114,1,1242.05,0,1242.05
935,20250106,5,9,361,2,2284.3,0,4568.6
936,20240719,106,21,143,1,717.87,0,717.87
937,20250719,25,22,345,1,659.99,5,626.99
938,20240307,76,5,66,1,5042.37,5,4790.25
939,20240821,113,17,141,1,4385.13,5,4165.87
940,20251210,87,18,349,1,2952.23,0,2952.23
941,20250313,83,22,27,2,2689.64,0,5379.28
942,20250220,36,4,239,1,682.61,0,682.61
943,20240214,114,24,143,3,3973.22,0,11919.66
944,20241119,1,13,42,2,1005.84,10,1810.51
945,20240819,89,14,128,1,4062.25,0,4062.25
946,20240305,81,21,,1,1242.05,10,1117.85
947,20250829,103,21,129,1,5201.47,0,5201.47
948,20241214,107,2,267,2,1952.14,15,3318.64
949,20250906,80,15,321,1,5880.6,0,5880.6
950,20240303,118,2,356,1,5698.72,0,5698.72
951,20250328,8,10,222,1,3576.07,5,3397.27
952,20250726,7,10,206,1,4794.43,10,4314.99
953,20240826,111,20,320,1,1506.58,0,1506.58
954,20250314,113,20,174,1,4385.13,5,4165.87
955,20240127,59,17,99,1,2020.12,0,2020.12
956,20251231,9,19,100,3,4835.47,0,14506.41
957,20250605,33,12,372,1,2291.4,0,2291.4
958,20240520,103,2,,1,5201.47,0,5201.47
959,20251029,97,12,278,2,4779.12,0,9558.24
960,20241112,78,11,5,1,1807.55,5,1717.17
961,20240528,8,8,287,2,3576.07,0,7152.14
962,20240719,26,21,36,1,1355.83,5,1288.04
963,20251212,89,15,170,2,4062.25,5,7718.27
964,20241209,79,10,84,1,1528.97,15,1299.62
965,20240213,64,8,328,1,4068.92,0,4068.92
966,20250930,28,8,394,3,3988.05,0,11964.15
967,20250119,27,13,4,1,1220.37,0,1220.37
968,20240131,72,4,226,1,1667.62,5,1584.24
969,20250103,6,1,146,1,843.99,15,717.39
970,20240627,44,18,101,1,4747.67,10,4272.9
971,20240413,3,22,336,2,2631.02,0,5262.04
972,20240803,40,15,191,1,6858.19,15,5829.46
973,20250930,113,14,34,1,4385.13,15,3727.36
974,20240513,102,7,194,1,616.26,0,616.26
975,20250315,82,8,391,1,3179.41,0,3179.41
976,20250702,38,5,28,1,1729.74,0,1729.74
977,20240509,109,17,251,1,2954.88,0,2954.88
978,20250426,102,22,86,1,616.26,10,554.63
979,20251022,97,17,266,1,4779.12,0,4779.12
980,20250117,68,23,254,1,1648.1,5,1565.69
981,20251015,118,19,107,1,5698.72,0,5698.72
982,20240828,51,7,194,1,2879.69,15,2447.74
983,20250118,33,18,,2,2291.4,0,4582.8
984,20250615,46,8,239,1,4179.48,0,4179.48
985,20250406,60,14,255,1,4273.1,0,4273.1
986,20240702,57,8,39,1,3796.83,0,3796.83
987,20250528,66,18,142,3,6204.11,0,18612.33
988,20240314,47,2,171,1,2706.69,0,2706.69
989,20241105,96,25,141,1,3006.66,5,2856.33
990,20240521,110,25,279,3,3839.63,0,11518.89
991,20241102,37,12,207,3,3761.37,10,10155.7
992,20251102,2,16,390,3,882.35,10,2382.35
993,20240821,30,24,243,1,3704.61,5,3519.38
994,20250719,97,15,237,1,4779.12,0,4779.12
995,20240711,55,25,214,1,735.67,0,735.67
996,20250725,4,12,66,1,1722.15,5,1636.04
997,20250526,104,22,174,1,6527.04,0,6527.04
998,20250217,98,25,154,1,850.73,0,850.73
999,20240202,119,5,170,1,2956.72,10,2661.05
1000,20250914,74,13,105,3,3249.83,0,9749.49
1001,20250130,25,16,292,3,659.99,5,1880.97
1002,20241107,12,6,284,1,1690.47,10,1521.42
1003,20250909,63,1,36,3,4196.34,0,12589.02
1004,20240729,30,10,36,1,3704.61,0,3704.61
1005,20240112,22,11,211,1,6438.69,20,5150.95
1006,20240512,69,14,36,1,2128.62,15,1809.33
1007,20240730,17,7,364,1,1735.19,0,1735.19
1008,20250811,40,19,367,1,6858.19,0,6858.19
1009,20240108,19,15,,1,3799.68,10,3419.71
1010,20250622,43,19,236,1,3747.63,0,3747.63
1011,20240403,37,21,234,1,3761.37,10,3385.23
1012,20241031,51,20,90,1,2879.69,0,2879.69
1013,20250924,94,14,338,1,1460.17,5,1387.16
1014,20250206,90,2,81,1,3873.38,5,3679.71
1015,20241025,86,3,370,3,4002.37,15,10206.04
1016,20250225,98,18,189,1,850.73,0,850.73
1017,20241129,53,15,107,1,1453.18,0,1453.18
1018,20240315,82,23,237,1,3179.41,5,3020.44
1019,20240718,51,2,,1,2879.69,15,2447.74
1020,20241130,86,24,237,1,4002.37,0,4002.37
1021,20240905,92,15,143,2,2008.22,0,4016.44
1022,20240119,78,4,64,1,1807.55,0,1807.55
1023,20240320,86,25,,1,4002.37,0,4002.37
1024,20240701,28,23,,1,3988.05,0,3988.05
1025,20251214,7,21,329,1,4794.43,5,4554.71
1026,20240415,50,23,27,1,3814.05,0,3814.05
1027,20250121,99,7,192,3,4915.0,0,14745.0
1028,20240117,54,1,173,2,2808.33,5,5335.83
1029,20240305,29,4,341,1,1567.62,0,1567.62
1030,20250301,66,4,166,1,6204.11,0,6204.11
1031,20240731,120,18,220,1,5078.17,0,5078.17
1032,20241231,42,6,,1,2401.74,0,2401.74
1033,20240805,59,8,,2,2020.12,5,3838.23
1034,20250112,6,3,211,1,843.99,5,801.79
1035,20240414,92,18,292,1,2008.22,20,1606.58
1036,20250906,42,21,348,3,2401.74,10,6484.7
1037,20240516,43,6,353,1,3747.63,10,3372.87
1038,20250508,9,11,,3,4835.47,0,14506.41
1039,20250607,82,24,301,2,3179.41,0,6358.82
1040,20240122,79,25,159,1,1528.97,0,1528.97
1041,20240906,80,3,,1,5880.6,0,5880.6
1042,20240604,49,7,122,3,3974.14,5,11326.3
1043,20250330,95,11,163,1,3960.41,10,3564.37
1044,20250617,102,14,148,2,616.26,0,1232.52
1045,20241205,44,8,28,3,4747.67,5,13530.86
1046,20240911,103,22,114,1,5201.47,0,5201.47
1047,20241125,24,15,34,2,3205.37,0,6410.74
1048,20240716,7,21,105,1,4794.43,0,4794.43
1049,20250716,107,7,41,1,1952.14,0,1952.14
1050,20240617,93,7,91,1,4029.05,0,4029.05
1051,20250813,58,21,247,1,5200.5,20,4160.4
1052,20250211,49,6,217,1,3974.14,5,3775.43
1053,20240608,105,16,,1,2890.92,10,2601.83
1054,20241103,77,18,373,1,5233.57,0,5233.57
1055,20241109,59,10,311,1,2020.12,0,2020.12
1056,20250425,26,5,3,1,1355.83,0,1355.83
1057,20250118,63,13,203,4,4196.34,0,16785.36
1058,20250516,40,21,37,1,6858.19,0,6858.19
1059,20240507,50,19,391,1,3814.05,0,3814.05
1060,20241222,66,23,353,1,6204.11,0,6204.11
1061,20250129,119,14,125,1,2956.72,15,2513.21
1062,20250105,81,23,358,1,1242.05,0,1242.05
1063,20250911,59,22,127,1,2020.12,20,1616.1
1064,20240614,2,4,330,2,882.35,0,1764.7
1065,20251224,76,3,97,2,5042.37,0,10084.74
1066,20250313,33,23,273,1,2291.4,0,2291.4
1067,20241111,94,14,373,2,1460.17,0,2920.34
1068,20250809,100,12,138,2,4823.15,15,8199.35
1069,20250211,90,10,,1,3873.38,0,3873.38
1070,20240409,9,25,269,1,4835.47,0,4835.47
1071,20250317,22,6,361,1,6438.69,0,6438.69
1072,20250529,15,15,109,1,4621.37,0,4621.37
1073,20240706,104,25,210,1,6527.04,15,5547.98
1074,20240421,112,21,151,1,1434.74,0,1434.74
1075,20240306,44,1,245,1,4747.67,10,4272.9
1076,20240110,8,9,4,1,3576.07,10,3218.46
1077,20240212,13,7,4,1,4729.21,0,4729.21
1078,20240929,120,16,173,1,5078.17,0,5078.17
1079,20251129,114,11,123,3,3973.22,5,11323.68
1080,20250122,79,2,170,2,1528.97,0,3057.94
1081,20251216,52,24,72,1,2796.94,0,2796.94
1082,20250627,36,23,128,1,682.61,5,648.48
1083,20251105,112,16,339,1,1434.74,20,1147.79
1084,20241125,3,21,24,3,2631.02,5,7498.41
1085,20251125,57,8,205,2,3796.83,10,6834.29
1086,20241222,55,16,359,3,735.67,5,2096.66
1087,20241027,78,7,267,2,1807.55,10,3253.59
1088,20250531,5,5,45,1,2284.3,5,2170.09
1089,20250715,112,15,229,3,1434.74,0,4304.22
1090,20250707,31,8,386,3,7243.85,5,20644.97
1091,20240418,56,23,,3,7088.96,0,21266.88
1092,20250127,99,9,132,1,4915.0,20,3932.0
1093,20251117,16,22,274,1,4330.21,0,4330.21
1094,20251209,43,8,393,3,3747.63,0,11242.89
1095,20241217,49,23,372,1,3974.14,5,3775.43
1096,20250729,110,14,115,1,3839.63,0,3839.63
1097,20240424,12,11,97,2,1690.47,0,3380.94
1098,20250111,17,11,296,2,1735.19,0,3470.38
1099,20250827,69,7,217,1,2128.62,0,2128.62
1100,20251126,120,5,309,1,5078.17,0,5078.17
1101,20240110,69,15,152,2,2128.62,0,4257.24
1102,20250411,19,20,383,1,3799.68,10,3419.71
1103,20251220,5,20,258,4,2284.3,0,9137.2
1104,20251224,74,16,111,1,3249.83,5,3087.34
1105,20250120,8,11,367,1,3576.07,5,3397.27
1106,20240818,90,24,,2,3873.38,0,7746.76
1107,20250514,94,13,338,3,1460.17,0,4380.51
1108,20240123,71,13,348,1,3918.6,0,3918.6
1109,20250204,51,3,145,1,2879.69,15,2447.74
1110,20251218,110,18,68,1,3839.63,10,3455.67
1111,20240225,109,23,336,1,2954.88,0,2954.88
1112,20251213,62,10,108,1,978.5,5,929.57
1113,20251028,2,12,295,1,882.35,10,794.12
1114,20240531,49,14,87,3,3974.14,0,11922.42
1115,20250430,23,2,264,1,5336.87,5,5070.03
1116,20240601,81,24,18,1,1242.05,0,1242.05
1117,20241105,89,20,335,2,4062.25,10,7312.05
1118,20251117,85,3,333,1,6169.54,5,5861.06
1119,20250331,48,1,43,1,2551.26,5,2423.7
1120,20250605,29,1,294,1,1567.62,5,1489.24
1121,20240406,102,19,248,4,616.26,5,2341.79
1122,20241101,74,5,,1,3249.83,15,2762.36
1123,20250704,24,13,11,1,3205.37,10,2884.83
1124,20250626,63,3,300,1,4196.34,10,3776.71
1125,20251029,16,25,338,2,4330.21,0,8660.42
1126,20250905,89,6,,1,4062.25,0,4062.25
1127,20240210,17,19,83,1,1735.19,0,1735.19
1128,20240205,11,4,187,3,5902.88,0,17708.64
1129,20251104,1,8,266,3,1005.84,0,3017.52
1130,20250630,57,5,356,1,3796.83,15,3227.31
1131,20241226,78,18,353,1,1807.55,10,1626.8
1132,20240830,5,7,111,3,2284.3,5,6510.26
1133,20240809,76,12,374,1,5042.37,0,5042.37
1134,20240918,34,13,84,1,1322.31,0,1322.31
1135,20240917,87,14,74,1,2952.23,0,2952.23
1136,20241002,82,23,366,1,3179.41,5,3020.44
1137,20250607,78,6,79,1,1807.55,10,1626.8
1138,20250123,4,20,139,1,1722.15,0,1722.15
1139,20250715,53,3,46,1,1453.18,0,1453.18
1140,20241006,19,8,51,1,3799.68,20,3039.74
1141,20250122,14,4,373,2,4823.13,5,9163.95
1142,20250516,13,17,293,2,4729.21,5,8985.5
1143,20250914,13,2,385,1,4729.21,0,4729.21
1144,20251125,101,18,207,1,1131.31,0,1131.31
1145,20240110,88,17,337,1,2796.03,0,2796.03
1146,20240930,7,24,190,2,4794.43,0,9588.86
1147,20250915,54,23,225,4,2808.33,10,10109.99
1148,20250529,37,9,267,3,3761.37,15,9591.49
1149,20240822,40,21,157,1,6858.19,0,6858.19
1150,20240402,82,3,,1,3179.41,0,3179.41
1151,20250812,8,3,284,3,3576.07,10,9655.39
1152,20240111,55,22,375,1,735.67,0,735.67
1153,20251202,87,18,208,1,2952.23,0,2952.23
1154,20240108,92,14,384,1,2008.22,20,1606.58
1155,20251108,118,17,22,1,5698.72,20,4558.98
1156,20251121,120,25,116,1,5078.17,0,5078.17
1157,20240516,66,12,217,1,6204.11,0,6204.11
1158,20240425,44,22,277,2,4747.67,10,8545.81
1159,20241024,39,16,110,1,3883.73,5,3689.54
1160,20250207,28,10,330,1,3988.05,15,3389.84
1161,20250419,115,20,30,1,2419.05,5,2298.1
1162,20241202,39,12,180,2,3883.73,0,7767.46
1163,20241229,2,4,102,1,882.35,0,882.35
1164,20240606,53,4,4,1,1453.18,5,1380.52
1165,20240819,61,13,187,1,5731.62,0,5731.62
1166,20241002,14,15,225,1,4823.13,0,4823.13
1167,20250320,1,12,364,1,1005.84,0,1005.84
1168,20240211,18,13,170,3,5185.3,0,15555.9
1169,20240722,62,22,61,1,978.5,5,929.57
1170,20251129,92,5,392,2,2008.22,0,4016.44
1171,20250202,17,4,11,1,1735.19,0,1735.19
1172,20240114,99,22,348,2,4915.0,0,9830.0
1173,20250903,95,1,149,1,3960.41,0,3960.41
1174,20250315,32,20,262,1,1604.88,0,1604.88
1175,20240427,111,9,127,1,1506.58,0,1506.58
1176,20250430,91,4,258,1,6185.93,0,6185.93
1177,20250828,81,21,62,1,1242.05,0,1242.05
1178,20240715,119,5,316,1,2956.72,10,2661.05
1179,20250124,53,17,325,4,1453.18,0,5812.72
1180,20250312,62,2,330,1,978.5,0,978.5
1181,20250107,36,12,127,1,682.61,0,682.61
1182,20240211,1,2,165,1,1005.84,0,1005.84
1183,20250913,13,14,252,1,4729.21,0,4729.21
1184,20240409,86,1,395,2,4002.37,0,8004.74
1185,20250105,96,25,310,1,3006.66,5,2856.33
1186,20240803,75,13,,1,2266.5,5,2153.17
1187,20250908,16,2,336,2,4330.21,0,8660.42
1188,20250401,119,4,,1,2956.72,0,2956.72
1189,20250430,98,7,79,1,850.73,0,850.73
1190,20250717,92,9,389,2,2008.22,15,3413.97
1191,20241221,115,12,368,1,2419.05,0,2419.05
1192,20250509,54,17,258,2,2808.33,0,5616.66
1193,20241007,90,5,290,1,3873.38,20,3098.7
1194,20240713,95,13,273,2,3960.41,20,6336.66
1195,20240618,57,25,288,2,3796.83,0,7593.66
1196,20241005,27,6,,1,1220.37,5,1159.35
1197,20240110,113,17,363,2,4385.13,0,8770.26
1198,20240813,38,23,61,1,1729.74,0,1729.74
1199,20240831,38,2,143,3,1729.74,0,5189.22
1200,20240222,83,8,108,1,2689.64,0,2689.64
1201,20241221,81,20,167,1,1242.05,5,1179.95
1202,20250716,34,24,314,1,1322.31,20,1057.85
1203,20251002,105,1,113,2,2890.92,0,5781.84
1204,20240919,3,18,399,3,2631.02,5,7498.41
1205,20251205,49,21,321,1,3974.14,5,3775.43
1206,20250328,29,11,298,1,1567.62,10,1410.86
1207,20250208,20,15,372,1,1915.63,0,1915.63
1208,20250505,12,16,95,2,1690.47,0,3380.94
1209,20250806,63,24,145,1,4196.34,0,4196.34
1210,20240630,105,13,97,1,2890.92,0,2890.92
1211,20240908,59,21,52,2,2020.12,0,4040.24
1212,20240113,78,4,11,1,1807.55,0,1807.55
1213,20251021,120,2,395,1,5078.17,0,5078.17
1214,20251004,77,1,5,3,5233.57,0,15700.71
1215,20241212,110,23,,1,3839.63,10,3455.67
1216,20250330,105,6,246,1,2890.92,0,2890.92
1217,20251209,35,21,11,2,3748.04,0,7496.08
1218,20241030,14,17,213,1,4823.13,15,4099.66
1219,20240125,30,14,181,1,3704.61,0,3704.61
1220,20251201,50,22,58,1,3814.05,20,3051.24
1221,20240817,14,10,316,1,4823.13,0,4823.13
1222,20240327,115,2,92,1,2419.05,0,2419.05
1223,20240704,87,14,342,1,2952.23,5,2804.62
1224,20241020,45,4,256,1,1364.28,15,1159.64
1225,20251229,103,3,77,2,5201.47,0,10402.94
1226,20240531,50,15,245,2,3814.05,0,7628.1
1227,20250313,94,9,166,4,1460.17,0,5840.68
1228,20250129,46,11,247,1,4179.48,0,4179.48
1229,20251013,43,5,335,3,3747.63,0,11242.89
1230,20250716,64,18,273,1,4068.92,0,4068.92
1231,20240326,75,23,296,2,2266.5,10,4079.7
1232,20240812,90,3,2,1,3873.38,10,3486.04
1233,20250106,72,16,57,1,1667.62,0,1667.62
1234,20240522,38,15,283,4,1729.74,15,5881.12
1235,20240905,27,8,,1,1220.37,20,976.3
1236,20251221,19,13,357,3,3799.68,0,11399.04
1237,20251219,14,22,245,2,4823.13,15,8199.32
1238,20240131,19,12,126,1,3799.68,5,3609.7
1239,20250302,20,25,381,1,1915.63,0,1915.63
1240,20241102,61,14,228,2,5731.62,5,10890.08
1241,20241020,15,5,,1,4621.37,5,4390.3
1242,20240626,65,6,,2,3541.34,5,6728.55
1243,20250410,71,23,293,1,3918.6,5,3722.67
1244,20250309,120,6,48,1,5078.17,20,4062.54
1245,20240508,96,7,29,1,3006.66,0,3006.66
1246,20250726,78,3,240,1,1807.55,5,1717.17
1247,20250218,106,13,191,1,717.87,0,717.87
1248,20240421,14,3,399,2,4823.13,0,9646.26
1249,20241015,21,18,109,1,1209.52,10,1088.57
1250,20241112,25,18,17,1,659.99,0,659.99
1251,20250806,73,2,248,1,6348.65,0,6348.65
1252,20241112,2,12,204,1,882.35,0,882.35
1253,20250204,93,12,360,1,4029.05,0,4029.05
1254,20250530,13,17,77,1,4729.21,10,4256.29
1255,20250503,76,2,78,1,5042.37,0,5042.37
1256,20251002,12,23,111,2,1690.47,5,3211.89
1257,20240613,65,17,312,1,3541.34,15,3010.14
1258,20241215,58,5,185,1,5200.5,15,4420.43
1259,20240210,115,23,199,1,2419.05,20,1935.24
1260,20250913,10,5,255,1,3316.3,0,3316.3
1261,20241112,71,3,233,1,3918.6,15,3330.81
1262,20240614,9,9,181,1,4835.47,0,4835.47
1263,20250416,34,16,391,2,1322.31,5,2512.39
1264,20240523,16,19,187,2,4330.21,0,8660.42
1265,20250926,118,22,188,1,5698.72,5,5413.78
1266,20241117,48,3,260,1,2551.26,15,2168.57
1267,20251129,6,20,30,2,843.99,0,1687.98
1268,20250728,2,5,149,1,882.35,5,838.23
1269,20240315,29,13,343,1,1567.62,0,1567.62
1270,20251019,69,15,93,2,2128.62,15,3618.65
1271,20250210,99,14,169,1,4915.0,0,4915.0
1272,20250910,63,7,244,1,4196.34,0,4196.34
1273,20250712,20,16,110,1,1915.63,0,1915.63
1274,20250907,100,13,,2,4823.15,10,8681.67
1275,20250429,28,2,12,3,3988.05,5,11365.94
1276,20241003,33,21,73,1,2291.4,0,2291.4
1277,20241101,112,23,215,1,1434.74,5,1363.0
1278,20240922,24,2,,3,3205.37,0,9616.11
1279,20241031,22,7,215,1,6438.69,0,6438.69
1280,20240613,90,14,355,1,3873.38,10,3486.04
1281,20250728,101,20,371,1,1131.31,5,1074.74
1282,20241127,86,24,378,2,4002.37,0,8004.74
1283,20250414,120,5,163,1,5078.17,20,4062.54
1284,20250220,34,17,231,3,1322.31,10,3570.24
1285,20251011,58,21,50,1,5200.5,5,4940.47
1286,20240711,54,23,86,1,2808.33,0,2808.33
1287,20240802,25,22,8,1,659.99,0,659.99
1288,20241105,115,10,64,1,2419.05,5,2298.1
1289,20250411,53,14,278,1,1453.18,20,1162.54
1290,20241209,15,6,192,1,4621.37,5,4390.3
1291,20250709,56,13,338,1,7088.96,0,7088.96
1292,20241017,90,20,51,4,3873.38,10,13944.17
1293,20240416,12,21,,3,1690.47,0,5071.41
1294,20250930,119,18,,1,2956.72,5,2808.88
1295,20240203,86,10,109,1,4002.37,0,4002.37
1296,20250125,15,7,64,1,4621.37,10,4159.23
1297,20250420,53,21,380,1,1453.18,15,1235.2
1298,20240817,65,10,338,1,3541.34,10,3187.21
1299,20250228,87,8,,3,2952.23,0,8856.69
1300,20240127,20,12,266,2,1915.63,5,3639.7
1301,20241209,22,19,124,1,6438.69,0,6438.69
1302,20250923,83,13,296,1,2689.64,15,2286.19
1303,20250203,94,6,163,1,1460.17,0,1460.17
1304,20240411,91,5,324,1,6185.93,0,6185.93
1305,20251004,118,9,82,3,5698.72,0,17096.16
1306,20240405,4,14,,2,1722.15,0,3444.3
1307,20250924,91,18,41,1,6185.93,0,6185.93
1308,20240513,59,21,184,1,2020.12,5,1919.11
1309,20240815,39,7,126,2,3883.73,10,6990.71
1310,20250122,99,9,141,1,4915.0,0,4915.0
1311,20240124,82,19,57,1,3179.41,5,3020.44
1312,20240419,19,10,93,1,3799.68,0,3799.68
1313,20250105,117,7,252,2,5631.66,0,11263.32
1314,20250513,81,3,215,1,1242.05,0,1242.05
1315,20250406,104,6,6,3,6527.04,5,18602.06
1316,20251008,78,2,176,4,1807.55,0,7230.2
1317,20250920,77,18,,1,5233.57,0,5233.57
1318,20240504,25,20,,1,659.99,0,659.99
1319,20240605,28,12,112,1,3988.05,0,3988.05
1320,20240326,94,23,138,1,1460.17,0,1460.17
1321,20240404,45,23,151,1,1364.28,10,1227.85
1322,20250322,66,13,129,1,6204.11,5,5893.9
1323,20241014,51,4,393,1,2879.69,0,2879.69
1324,20240729,93,16,229,1,4029.05,5,3827.6
1325,20241122,80,4,220,1,5880.6,0,5880.6
1326,20251009,105,3,18,3,2890.92,0,8672.76
1327,20250223,38,20,331,3,1729.74,0,5189.22
1328,20250211,4,4,166,1,1722.15,0,1722.15
1329,20240908,10,7,191,1,3316.3,0,3316.3
1330,20240110,41,23,,1,5693.66,0,5693.66
1331,20241125,116,8,198,1,6480.7,0,6480.7
1332,20240810,14,18,312,3,4823.13,10,13022.45
1333,20251118,10,19,216,1,3316.3,0,3316.3
1334,20241123,26,7,,1,1355.83,0,1355.83
1335,20241008,54,4,88,1,2808.33,5,2667.91
1336,20240830,74,1,330,2,3249.83,5,6174.68
1337,20240105,117,15,207,1,5631.66,0,5631.66
1338,20250624,6,11,36,1,843.99,10,759.59
1339,20250301,93,10,386,1,4029.05,0,4029.05
1340,20241116,64,20,,1,4068.92,20,3255.14
1341,20250520,109,21,63,2,2954.88,15,5023.3
1342,20240415,4,8,,1,1722.15,0,1722.15
1343,20241126,111,23,116,1,1506.58,0,1506.58
1344,20250112,105,18,353,2,2890.92,0,5781.84
1345,20240214,15,2,39,1,4621.37,5,4390.3
1346,20250123,35,23,71,1,3748.04,0,3748.04
1347,20241122,111,5,212,1,1506.58,5,1431.25
1348,20250618,68,8,339,1,1648.1,0,1648.1
1349,20250509,29,3,152,2,1567.62,0,3135.24
1350,20240905,85,21,106,1,6169.54,0,6169.54
1351,20250521,8,7,,1,3576.07,10,3218.46
1352,20240711,63,4,303,2,4196.34,0,8392.68
1353,20241116,98,10,336,1,850.73,0,850.73
1354,20240513,29,12,232,2,1567.62,0,3135.24
1355,20250213,25,3,85,1,659.99,20,527.99
1356,20250814,83,4,55,2,2689.64,0,5379.28
1357,20250416,24,9,,1,3205.37,0,3205.37
1358,20240928,16,18,,1,4330.21,0,4330.21
1359,20250529,56,17,226,1,7088.96,0,7088.96
1360,20251026,49,24,100,1,3974.14,0,3974.14
1361,20250831,36,17,266,1,682.61,5,648.48
1362,20251023,32,4,28,2,1604.88,5,3049.27
1363,20240901,9,18,116,2,4835.47,5,9187.39
1364,20250218,51,13,376,2,2879.69,5,5471.41
1365,20250522,27,6,178,1,1220.37,5,1159.35
1366,20241021,94,1,,1,1460.17,5,1387.16
1367,20250503,95,10,353,1,3960.41,0,3960.41
1368,20240312,22,6,234,1,6438.69,0,6438.69
1369,20250430,55,11,,4,735.67,15,2501.28
1370,20240623,87,25,305,1,2952.23,0,2952.23
1371,20240102,63,8,24,2,4196.34,5,7973.05
1372,20241024,107,8,86,2,1952.14,10,3513.85
1373,20240412,39,24,252,2,3883.73,20,6213.97
1374,20240920,85,16,235,1,6169.54,0,6169.54
1375,20251228,43,17,306,1,3747.63,0,3747.63
1376,20250615,94,21,,4,1460.17,10,5256.61
1377,20251106,19,12,126,1,3799.68,5,3609.7
1378,20250317,47,7,100,3,2706.69,0,8120.07
1379,20240420,36,21,231,4,682.61,15,2320.87
1380,20240628,34,22,170,1,1322.31,0,1322.31
1381,20241009,40,7,,1,6858.19,0,6858.19
1382,20250919,16,14,291,3,4330.21,10,11691.57
1383,20241022,15,1,351,1,4621.37,5,4390.3
1384,20250619,38,20,84,1,1729.74,0,1729.74
1385,20241028,2,15,,1,882.35,5,838.23
1386,20240224,63,10,,1,4196.34,10,3776.71
1387,20240221,33,5,146,2,2291.4,0,4582.8
1388,20250728,20,3,74,4,1915.63,0,7662.52
1389,20250822,118,3,17,1,5698.72,0,5698.72
1390,20251125,82,13,51,2,3179.41,15,5405.0
1391,20250903,40,6,348,2,6858.19,10,12344.74
1392,20240522,88,25,70,1,2796.03,0,2796.03
1393,20241108,11,10,322,1,5902.88,0,5902.88
1394,20250323,13,5,356,1,4729.21,15,4019.83
1395,20251230,46,15,239,1,4179.48,0,4179.48
1396,20240129,117,18,,2,5631.66,0,11263.32
1397,20240523,79,10,298,1,1528.97,0,1528.97
1398,20250710,116,19,28,2,6480.7,0,12961.4
1399,20250216,86,1,391,2,4002.37,0,8004.74
1400,20240225,11,2,333,1,5902.88,5,5607.74
1401,20241024,73,16,32,1,6348.65,5,6031.22
1402,20250607,95,23,,1,3960.41,0,3960.41
1403,20250522,18,8,328,2,5185.3,0,10370.6
1404,20241114,93,1,320,1,4029.05,0,4029.05
1405,20240101,20,20,267,1,1915.63,0,1915.63
1406,20250430,4,17,29,3,1722.15,0,5166.45
1407,20250510,24,8,280,1,3205.37,5,3045.1
1408,20250325,110,22,222,1,3839.63,0,3839.63
1409,20240525,105,24,88,1,2890.92,5,2746.37
1410,20240724,61,16,342,1,5731.62,5,5445.04
1411,20250111,86,9,358,2,4002.37,0,8004.74
1412,20250311,19,1,62,1,3799.68,0,3799.68
1413,20241106,5,21,337,1,2284.3,0,2284.3
1414,20241229,18,15,235,1,5185.3,20,4148.24
1415,20250101,65,17,362,1,3541.34,0,3541.34
1416,20240627,84,5,369,1,4822.61,0,4822.61
1417,20240523,36,25,202,1,682.61,10,614.35
1418,20250510,49,16,93,1,3974.14,15,3378.02
1419,20251105,68,9,166,1,1648.1,5,1565.69
1420,20250821,80,13,,1,5880.6,5,5586.57
1421,20240825,13,22,348,1,4729.21,10,4256.29
1422,20240830,14,6,197,2,4823.13,0,9646.26
1423,20240306,8,20,20,2,3576.07,0,7152.14
1424,20250118,78,21,90,1,1807.55,5,1717.17
1425,20250121,18,21,103,1,5185.3,0,5185.3
1426,20251126,37,8,83,1,3761.37,0,3761.37
1427,20240715,12,19,,3,1690.47,0,5071.41
1428,20240204,104,5,185,2,6527.04,5,12401.38
1429,20240314,44,6,373,1,4747.67,0,4747.67
1430,20240731,74,16,183,1,3249.83,5,3087.34
1431,20240521,103,3,321,1,5201.47,0,5201.47
1432,20240321,17,17,61,1,1735.19,0,1735.19
1433,20250707,43,1,149,3,3747.63,0,11242.89
1434,20251221,46,3,81,3,4179.48,0,12538.44
1435,20250812,31,17,257,1,7243.85,5,6881.66
1436,20250713,90,4,135,1,3873.38,0,3873.38
1437,20250307,34,7,392,1,1322.31,0,1322.31
1438,20241203,119,25,32,1,2956.72,0,2956.72
1439,20250731,116,20,392,2,6480.7,0,12961.4
1440,20240313,54,20,42,2,2808.33,0,5616.66
1441,20240512,35,24,,1,3748.04,0,3748.04
1442,20251027,45,14,117,1,1364.28,0,1364.28
1443,20240719,69,20,350,1,2128.62,0,2128.62
1444,20250508,7,13,357,1,4794.43,5,4554.71
1445,20250716,18,4,316,4,5185.3,0,20741.2
1446,20240717,44,14,122,1,4747.67,5,4510.29
1447,20240820,53,24,275,1,1453.18,20,1162.54
1448,20240116,112,24,30,1,1434.74,0,1434.74
1449,20240703,37,2,309,1,3761.37,0,3761.37
1450,20241026,17,20,337,1,1735.19,0,1735.19
1451,20240913,70,7,377,2,3349.78,15,5694.63
1452,20240813,57,23,188,2,3796.83,0,7593.66
1453,20251031,32,17,164,1,1604.88,0,1604.88
1454,20240225,45,14,319,1,1364.28,0,1364.28
1455,20240520,108,17,380,1,3374.55,0,3374.55
1456,20240525,5,8,333,2,2284.3,20,3654.88
1457,20240122,64,2,302,1,4068.92,10,3662.03
1458,20240327,8,9,197,1,3576.07,10,3218.46
1459,20250128,57,2,195,1,3796.83,0,3796.83
1460,20240223,85,10,,2,6169.54,15,10488.22
1461,20250915,97,11,135,2,4779.12,5,9080.33
1462,20240129,44,24,223,2,4747.67,10,8545.81
1463,20240228,104,4,370,3,6527.04,0,19581.12
1464,20250701,60,14,291,2,4273.1,0,8546.2
1465,20250125,60,24,122,1,4273.1,0,4273.1
1466,20251129,36,3,395,1,682.61,0,682.61
1467,20250208,5,20,138,1,2284.3,10,2055.87
1468,20250914,2,4,339,1,882.35,0,882.35
1469,20240702,57,15,,1,3796.83,0,3796.83
1470,20250102,62,21,112,1,978.5,5,929.57
1471,20240322,36,20,33,1,682.61,0,682.61
1472,20241009,34,16,323,1,1322.31,15,1123.96
1473,20251102,7,8,20,1,4794.43,0,4794.43
1474,20250326,75,11,,2,2266.5,0,4533.0
1475,20240922,33,1,181,1,2291.4,0,2291.4
1476,20240828,45,4,,1,1364.28,0,1364.28
1477,20240830,27,11,349,1,1220.37,5,1159.35
1478,20241016,19,1,185,1,3799.68,0,3799.68
1479,20251029,48,16,151,1,2551.26,0,2551.26
1480,20240215,38,5,14,1,1729.74,0,1729.74
1481,20241116,66,23,261,2,6204.11,5,11787.81
1482,20240808,49,19,,2,3974.14,0,7948.28
1483,20251026,11,3,115,1,5902.88,20,4722.3
1484,20251007,71,24,376,1,3918.6,15,3330.81
1485,20240222,78,16,267,1,1807.55,0,1807.55
1486,20250812,38,8,394,4,1729.74,0,6918.96
1487,20241118,96,4,228,2,3006.66,15,5111.32
1488,20250105,11,12,40,3,5902.88,5,16823.21
1489,20250911,30,15,118,1,3704.61,10,3334.15
1490,20240508,119,18,209,1,2956.72,5,2808.88
1491,20250912,34,10,61,1,1322.31,0,1322.31
1492,20240531,74,16,396,1,3249.83,0,3249.83
1493,20250409,2,6,135,2,882.35,5,1676.46
1494,20250426,96,4,18,2,3006.66,0,6013.32
1495,20240619,10,5,272,3,3316.3,15,8456.57
1496,20241228,17,13,124,2,1735.19,0,3470.38
1497,20241210,76,20,370,1,5042.37,5,4790.25
1498,20241229,58,14,380,2,5200.5,0,10401.0
1499,20250503,90,5,371,2,3873.38,15,6584.75
1500,20250605,11,5,304,1,5902.88,5,5607.74
1501,20250409,49,11,261,2,3974.14,0,7948.28
1502,20240409,30,10,25,1,3704.61,15,3148.92
1503,20250816,66,14,197,1,6204.11,0,6204.11
1504,20240526,6,24,375,1,843.99,0,843.99
1505,20250811,113,20,178,1,4385.13,0,4385.13
1506,20241007,63,15,87,1,4196.34,15,3566.89
1507,20250912,97,4,342,1,4779.12,0,4779.12
1508,20250719,108,17,15,1,3374.55,0,3374.55
1509,20250706,69,7,,2,2128.62,0,4257.24
1510,20240727,37,19,228,1,3761.37,10,3385.23
1511,20241029,118,4,62,1,5698.72,0,5698.72
1512,20240926,12,5,375,1,1690.47,20,1352.38
1513,20240321,96,8,168,1,3006.66,0,3006.66
1514,20250409,81,24,398,1,1242.05,5,1179.95
1515,20240209,56,4,267,1,7088.96,10,6380.06
1516,20251107,108,21,,1,3374.55,0,3374.55
1517,20240520,76,13,113,1,5042.37,0,5042.37
1518,20240604,63,6,145,1,4196.34,5,3986.52
1519,20240331,67,24,2,1,4800.44,0,4800.44
1520,20250917,27,23,215,1,1220.37,5,1159.35
1521,20251008,75,8,248,1,2266.5,20,1813.2
1522,20241103,108,8,343,1,3374.55,10,3037.1
1523,20250205,77,12,152,1,5233.57,0,5233.57
1524,20241021,54,15,340,1,2808.33,0,2808.33
1525,20241122,85,4,204,2,6169.54,10,11105.17
1526,20250510,108,16,352,1,3374.55,0,3374.55
1527,20250603,28,14,,2,3988.05,0,7976.1
1528,20241121,53,13,218,1,1453.18,15,1235.2
1529,20241001,63,24,326,2,4196.34,0,8392.68
1530,20250223,29,19,275,1,1567.62,5,1489.24
1531,20250920,79,11,277,1,1528.97,5,1452.52
1532,20250123,12,25,181,2,1690.47,5,3211.89
1533,20251101,7,17,275,1,4794.43,0,4794.43
1534,20250702,51,23,83,3,2879.69,0,8639.07
1535,20240808,71,24,7,1,3918.6,0,3918.6
1536,20250623,14,17,249,1,4823.13,0,4823.13
1537,20240125,30,21,127,1,3704.61,5,3519.38
1538,20250121,84,13,380,2,4822.61,10,8680.7
1539,20240319,10,17,391,2,3316.3,0,6632.6
1540,20250708,78,5,,1,1807.55,0,1807.55
1541,20250912,110,10,218,1,3839.63,0,3839.63
1542,20241007,59,7,,3,2020.12,5,5757.34
1543,20250120,38,14,,3,1729.74,5,4929.76
1544,20250509,37,23,126,1,3761.37,20,3009.1
1545,20250207,48,25,56,1,2551.26,5,2423.7
1546,20240126,51,25,190,1,2879.69,0,2879.69
1547,20241114,43,5,43,1,3747.63,0,3747.63
1548,20250516,76,8,,1,5042.37,10,4538.13
1549,20250619,93,19,31,2,4029.05,0,8058.1
1550,20241114,95,11,19,1,3960.41,5,3762.39
1551,20250220,112,1,108,2,1434.74,10,2582.53
1552,20250712,64,11,121,1,4068.92,5,3865.47
1553,20250610,72,24,42,3,1667.62,0,5002.86
1554,20240320,49,5,83,1,3974.14,0,3974.14
1555,20240721,57,4,,1,3796.83,0,3796.83
1556,20250621,63,5,281,1,4196.34,0,4196.34
1557,20240430,56,10,347,1,7088.96,0,7088.96
1558,20250115,73,21,149,1,6348.65,0,6348.65
1559,20250920,92,12,129,1,2008.22,0,2008.22
1560,20241204,119,24,70,1,2956.72,5,2808.88
1561,20250430,2,11,77,1,882.35,20,705.88
1562,20240106,40,23,356,1,6858.19,0,6858.19
1563,20240406,8,20,81,1,3576.07,5,3397.27
1564,20240819,45,21,,1,1364.28,0,1364.28
1565,20250312,75,24,320,2,2266.5,15,3853.05
1566,20250728,70,21,40,1,3349.78,0,3349.78
1567,20240809,36,6,53,1,682.61,0,682.61
1568,20251022,99,13,396,2,4915.0,5,9338.5
1569,20250922,86,16,2,2,4002.37,20,6403.79
1570,20240403,119,20,85,1,2956.72,0,2956.72
1571,20240320,115,2,226,1,2419.05,0,2419.05
1572,20241105,65,25,287,1,3541.34,10,3187.21
1573,20251224,61,12,268,1,5731.62,0,5731.62
1574,20250911,108,7,325,2,3374.55,5,6411.65
1575,20250323,72,15,129,1,1667.62,5,1584.24
1576,20250321,84,12,188,2,4822.61,10,8680.7
1577,20241220,94,14,287,2,1460.17,15,2482.29
1578,20240714,49,12,383,4,3974.14,0,15896.56
1579,20250104,68,7,,1,1648.1,0,1648.1
1580,20250112,118,9,7,1,5698.72,0,5698.72
1581,20241008,83,16,357,2,2689.64,0,5379.28
1582,20240228,74,1,242,4,3249.83,5,12349.35
1583,20250517,23,16,332,2,5336.87,10,9606.37
1584,20240209,48,1,366,1,2551.26,5,2423.7
1585,20240514,11,14,62,1,5902.88,5,5607.74
1586,20240304,41,4,143,4,5693.66,0,22774.64
1587,20250920,95,1,345,2,3960.41,0,7920.82
1588,20251227,22,19,188,1,6438.69,15,5472.89
1589,20250216,54,22,34,1,2808.33,10,2527.5
1590,20240531,94,9,,1,1460.17,0,1460.17
1591,20240722,89,17,326,2,4062.25,10,7312.05
1592,20240104,40,9,61,1,6858.19,5,6515.28
1593,20251214,12,19,46,1,1690.47,0,1690.47
1594,20240329,24,11,11,2,3205.37,10,5769.67
1595,20240810,82,12,371,3,3179.41,0,9538.23
1596,20251128,83,7,378,1,2689.64,0,2689.64
1597,20251223,37,6,290,1,3761.37,0,3761.37
1598,20240711,35,7,152,1,3748.04,0,3748.04
1599,20240404,63,12,179,2,4196.34,0,8392.68
1600,20251008,88,6,,2,2796.03,0,5592.06
1601,20250704,73,7,223,1,6348.65,10,5713.78
1602,20241022,27,11,258,1,1220.37,5,1159.35
1603,20241002,12,17,133,1,1690.47,0,1690.47
1604,20240428,67,22,244,1,4800.44,5,4560.42
1605,20250116,73,13,18,1,6348.65,0,6348.65
1606,20250102,112,1,244,1,1434.74,5,1363.0
1607,20240412,24,12,240,1,3205.37,10,2884.83
1608,20250325,104,20,295,1,6527.04,5,6200.69
1609,20250429,107,8,192,1,1952.14,0,1952.14
1610,20250214,39,2,120,2,3883.73,15,6602.34
1611,20250603,14,14,138,3,4823.13,0,14469.39
1612,20240130,21,17,154,2,1209.52,20,1935.23
1613,20250620,26,19,67,1,1355.83,10,1220.25
1614,20240225,12,10,73,2,1690.47,0,3380.94
1615,20240618,59,1,103,2,2020.12,0,4040.24
1616,20240323,24,8,224,1,3205.37,0,3205.37
1617,20251202,72,25,245,1,1667.62,0,1667.62
1618,20250717,88,13,242,1,2796.03,10,2516.43
1619,20251224,32,25,199,1,1604.88,10,1444.39
1620,20240516,52,25,145,2,2796.94,5,5314.19
1621,20250310,77,13,178,1,5233.57,5,4971.89
1622,20250823,4,8,92,2,1722.15,0,3444.3
1623,20241214,65,1,385,1,3541.34,0,3541.34
1624,20240823,18,16,109,1,5185.3,0,5185.3
1625,20250128,84,6,146,1,4822.61,5,4581.48
1626,20250507,5,9,216,1,2284.3,0,2284.3
1627,20250613,107,4,43,1,1952.14,5,1854.53
1628,20251102,111,13,7,1,1506.58,0,1506.58
1629,20250603,50,22,249,1,3814.05,5,3623.35
1630,20250308,99,2,133,2,4915.0,0,9830.0
1631,20250406,65,12,365,1,3541.34,0,3541.34
1632,20250108,15,6,273,2,4621.37,15,7856.33
1633,20240322,20,1,363,1,1915.63,0,1915.63
1634,20250921,94,15,238,1,1460.17,0,1460.17
1635,20250516,59,12,,1,2020.12,0,2020.12
1636,20250311,44,22,13,1,4747.67,0,4747.67
1637,20241231,54,1,153,1,2808.33,5,2667.91
1638,20241231,94,2,203,1,1460.17,0,1460.17
1639,20240406,17,24,253,1,1735.19,0,1735.19
1640,20250414,89,20,376,2,4062.25,5,7718.27
1641,20240211,10,11,76,1,3316.3,5,3150.49
1642,20240413,49,17,41,1,3974.14,5,3775.43
1643,20241105,55,13,,3,735.67,0,2207.01
1644,20251030,96,3,222,3,3006.66,10,8117.98
1645,20250807,34,10,277,2,1322.31,0,2644.62
1646,20240220,48,19,390,3,2551.26,0,7653.78
1647,20251206,100,6,344,1,4823.15,0,4823.15
1648,20240704,87,10,209,1,2952.23,10,2657.01
1649,20251103,17,9,307,2,1735.19,5,3296.86
1650,20240409,29,8,,1,1567.62,0,1567.62
1651,20241021,94,23,236,1,1460.17,5,1387.16
1652,20241202,70,13,286,1,3349.78,0,3349.78
1653,20241220,106,15,381,1,717.87,0,717.87
1654,20240623,87,13,17,1,2952.23,5,2804.62
1655,20240321,81,16,177,1,1242.05,5,1179.95
1656,20250626,48,10,162,1,2551.26,0,2551.26
1657,20240608,80,19,181,1,5880.6,0,5880.6
1658,20240124,97,10,252,4,4779.12,0,19116.48
1659,20250704,17,13,64,1,1735.19,0,1735.19
1660,20240423,74,10,82,2,3249.83,20,5199.73
1661,20250214,71,14,112,1,3918.6,5,3722.67
1662,20241123,99,12,341,2,4915.0,20,7864.0
1663,20251013,41,17,201,1,5693.66,0,5693.66
1664,20250420,37,15,91,1,3761.37,0,3761.37
1665,20241208,98,15,350,3,850.73,0,2552.19
1666,20251030,54,14,326,1,2808.33,0,2808.33
1667,20250916,80,17,307,1,5880.6,0,5880.6
1668,20240124,42,20,292,1,2401.74,5,2281.65
1669,20250114,3,24,335,1,2631.02,0,2631.02
1670,20240716,109,6,371,2,2954.88,0,5909.76
1671,20251230,118,7,151,1,5698.72,0,5698.72
1672,20250814,60,15,309,1,4273.1,0,4273.1
1673,20240630,60,17,310,2,4273.1,15,7264.27
1674,20240612,32,15,36,1,1604.88,0,1604.88
1675,20251124,53,17,198,1,1453.18,0,1453.18
1676,20240923,114,23,367,2,3973.22,5,7549.12
1677,20250630,92,1,372,1,2008.22,10,1807.4
1678,20240210,47,13,262,1,2706.69,0,2706.69
1679,20240507,14,5,389,2,4823.13,10,8681.63
1680,20240424,93,6,337,1,4029.05,15,3424.69
1681,20250509,27,9,,1,1220.37,0,1220.37
1682,20251227,63,25,134,1,4196.34,5,3986.52
1683,20241204,101,15,291,1,1131.31,0,1131.31
1684,20240523,19,17,114,2,3799.68,5,7219.39
1685,20251231,38,10,82,1,1729.74,0,1729.74
1686,20251231,57,22,381,2,3796.83,0,7593.66
1687,20250914,38,13,117,1,1729.74,0,1729.74
1688,20241106,19,19,,1,3799.68,0,3799.68
1689,20250613,52,16,88,4,2796.94,5,10628.37
1690,20250824,110,17,192,1,3839.63,15,3263.69
1691,20251025,22,17,248,2,6438.69,0,12877.38
1692,20240307,44,8,115,1,4747.67,5,4510.29
1693,20240502,84,7,236,1,4822.61,5,4581.48
1694,20240113,108,24,269,2,3374.55,5,6411.65
1695,20250107,86,2,51,3,4002.37,0,12007.11
1696,20241004,71,18,276,2,3918.6,20,6269.76
1697,20240227,58,19,126,1,5200.5,5,4940.47
1698,20251207,120,21,117,1,5078.17,0,5078.17
1699,20240211,78,9,47,2,1807.55,5,3434.34
1700,20240306,116,5,32,1,6480.7,0,6480.7
1701,20250818,62,15,,2,978.5,0,1957.0
1702,20251011,10,7,227,1,3316.3,0,3316.3
1703,20250709,76,7,154,1,5042.37,5,4790.25
1704,20240424,93,15,100,1,4029.05,5,3827.6
1705,20250412,1,9,308,1,1005.84,5,955.55
1706,20241202,65,16,331,1,3541.34,10,3187.21
1707,20240911,44,9,258,1,4747.67,0,4747.67
1708,20240705,63,1,261,1,4196.34,0,4196.34
1709,20240308,98,14,49,3,850.73,0,2552.19
1710,20251015,88,18,100,2,2796.03,10,5032.85
1711,20240806,40,17,393,1,6858.19,0,6858.19
1712,20241103,119,20,345,1,2956.72,0,2956.72
1713,20250209,101,6,313,1,1131.31,0,1131.31
1714,20250612,61,21,214,2,5731.62,0,11463.24
1715,20240926,61,10,157,1,5731.62,0,5731.62
1716,20241118,58,10,202,2,5200.5,0,10401.0
1717,20250217,8,14,72,4,3576.07,10,12873.85
1718,20240120,105,23,339,2,2890.92,0,5781.84
1719,20250117,4,11,196,1,1722.15,5,1636.04
1720,20240723,103,7,226,2,5201.47,0,10402.94
1721,20240905,21,11,370,1,1209.52,20,967.62
1722,20240217,100,22,362,1,4823.15,0,4823.15
1723,20250913,76,13,,1,5042.37,0,5042.37
1724,20250704,48,15,57,1,2551.26,15,2168.57
1725,20240316,42,25,78,2,2401.74,5,4563.31
1726,20250810,26,18,,1,1355.83,5,1288.04
1727,20251107,34,18,150,1,1322.31,0,1322.31
1728,20240310,112,23,161,3,1434.74,0,4304.22
1729,20250401,96,7,240,1,3006.66,0,3006.66
1730,20240722,87,23,310,2,2952.23,0,5904.46
1731,20240502,83,14,250,2,2689.64,10,4841.35
1732,20240302,117,17,290,1,5631.66,0,5631.66
1733,20250531,112,11,252,1,1434.74,0,1434.74
1734,20240309,95,3,286,2,3960.41,0,7920.82
1735,20250609,109,3,240,1,2954.88,20,2363.9
1736,20240315,99,22,142,1,4915.0,15,4177.75
1737,20240604,84,11,,1,4822.61,0,4822.61
1738,20250624,100,23,222,2,4823.15,0,9646.3
1739,20241027,1,20,10,1,1005.84,0,1005.84
1740,20240603,34,8,394,1,1322.31,0,1322.31
1741,20251112,26,25,182,2,1355.83,5,2576.08
1742,20250813,20,7,106,1,1915.63,0,1915.63
1743,20250630,78,2,277,1,1807.55,0,1807.55
1744,20241118,119,8,104,1,2956.72,0,2956.72
1745,20241004,30,7,14,1,3704.61,15,3148.92
1746,20250326,16,13,,2,4330.21,10,7794.38
1747,20240801,49,2,205,1,3974.14,10,3576.73
1748,20250827,105,4,,1,2890.92,15,2457.28
1749,20250612,16,6,62,3,4330.21,5,12341.1
1750,20250101,96,11,108,4,3006.66,10,10823.98
1751,20250103,62,9,234,1,978.5,0,978.5
1752,20250306,52,4,159,2,2796.94,0,5593.88
1753,20251029,39,8,44,1,3883.73,10,3495.36
1754,20250427,3,9,166,1,2631.02,10,2367.92
1755,20240630,73,1,80,1,6348.65,0,6348.65
1756,20240209,8,20,379,1,3576.07,0,3576.07
1757,20250228,106,6,90,3,717.87,20,1722.89
1758,20251115,24,12,57,2,3205.37,0,6410.74
1759,20240727,40,13,136,1,6858.19,0,6858.19
1760,20240127,43,1,18,2,3747.63,0,7495.26
1761,20250221,6,18,307,2,843.99,0,1687.98
1762,20240412,2,12,48,1,882.35,0,882.35
1763,20250502,60,14,275,1,4273.1,10,3845.79
1764,20251014,1,10,132,1,1005.84,5,955.55
1765,20250109,79,22,245,1,1528.97,10,1376.07
1766,20250807,26,5,67,2,1355.83,0,2711.66
1767,20251106,11,24,,1,5902.88,15,5017.45
1768,20240417,32,8,374,1,1604.88,0,1604.88
1769,20250418,86,19,296,4,4002.37,0,16009.48
1770,20240514,42,14,75,1,2401.74,15,2041.48
1771,20240205,96,13,102,4,3006.66,0,12026.64
1772,20251011,5,8,166,1,2284.3,0,2284.3
1773,20241218,25,21,296,1,659.99,20,527.99
1774,20250409,80,9,61,2,5880.6,5,11173.14
1775,20250610,119,11,96,1,2956.72,10,2661.05
1776,20250514,99,18,50,1,4915.0,0,4915.0
1777,20250615,34,3,219,1,1322.31,20,1057.85
1778,20240509,13,8,57,1,4729.21,5,4492.75
1779,20240509,112,12,224,1,1434.74,15,1219.53
1780,20250531,24,13,262,1,3205.37,10,2884.83
1781,20240815,100,1,382,1,4823.15,5,4581.99
1782,20240604,73,17,273,1,6348.65,0,6348.65
1783,20250627,22,12,349,1,6438.69,5,6116.76
1784,20250925,29,25,277,3,1567.62,5,4467.72
1785,20240726,36,2,206,1,682.61,15,580.22
1786,20250307,115,16,70,2,2419.05,0,4838.1
1787,20240317,33,23,160,1,2291.4,5,2176.83
1788,20250831,9,2,72,1,4835.47,10,4351.92
1789,20240905,51,6,201,1,2879.69,0,2879.69
1790,20241224,10,8,142,1,3316.3,0,3316.3
1791,20250822,87,5,73,1,2952.23,10,2657.01
1792,20240112,82,4,269,1,3179.41,5,3020.44
1793,20250427,30,22,64,1,3704.61,5,3519.38
1794,20240606,10,25,175,2,3316.3,15,5637.71
1795,20240211,49,9,239,1,3974.14,0,3974.14
1796,20251227,89,16,116,1,4062.25,0,4062.25
1797,20250909,77,12,341,1,5233.57,5,4971.89
1798,20250318,54,2,395,1,2808.33,5,2667.91
1799,20241009,116,9,169,1,6480.7,10,5832.63
1800,20241231,11,1,249,1,5902.88,0,5902.88
1801,20250828,56,22,400,2,7088.96,0,14177.92
1802,20250913,108,19,266,2,3374.55,5,6411.65
1803,20240213,78,4,330,3,1807.55,5,5151.52
1804,20240430,98,8,345,2,850.73,5,1616.39
1805,20250207,92,24,,1,2008.22,0,2008.22
1806,20250416,74,17,,1,3249.83,10,2924.85
1807,20250318,86,1,93,1,4002.37,15,3402.01
1808,20240411,38,14,374,1,1729.74,15,1470.28
1809,20250102,105,22,128,1,2890.92,10,2601.83
1810,20241128,59,23,135,2,2020.12,0,4040.24
1811,20250725,99,18,380,1,4915.0,0,4915.0
1812,20240625,109,16,171,1,2954.88,0,2954.88
1813,20240821,41,10,370,1,5693.66,0,5693.66
1814,20250928,64,21,196,1,4068.92,10,3662.03
1815,20250512,45,11,186,2,1364.28,20,2182.85
1816,20241126,3,4,159,3,2631.02,5,7498.41
1817,20250727,38,25,92,1,1729.74,5,1643.25
1818,20240722,12,3,340,1,1690.47,0,1690.47
1819,20241214,69,12,198,1,2128.62,20,1702.9
1820,20241027,79,19,166,4,1528.97,0,6115.88
1821,20240211,32,18,141,1,1604.88,0,1604.88
1822,20251212,29,8,226,1,1567.62,0,1567.62
1823,20240113,38,8,314,1,1729.74,0,1729.74
1824,20250723,71,19,96,2,3918.6,5,7445.34
1825,20251004,74,13,362,2,3249.83,0,6499.66
1826,20240926,56,12,121,1,7088.96,0,7088.96
1827,20251210,18,11,360,1,5185.3,0,5185.3
1828,20240511,13,17,275,1,4729.21,10,4256.29
1829,20250910,30,24,360,1,3704.61,5,3519.38
1830,20240817,60,9,28,1,4273.1,0,4273.1
1831,20250828,56,3,88,1,7088.96,0,7088.96
1832,20251027,8,12,362,1,3576.07,5,3397.27
1833,20240307,93,9,373,1,4029.05,5,3827.6
1834,20250317,91,25,203,1,6185.93,0,6185.93
1835,20250705,90,22,120,1,3873.38,15,3292.37
1836,20250220,19,25,349,1,3799.68,10,3419.71
1837,20250916,7,23,301,1,4794.43,20,3835.54
1838,20250920,9,17,83,2,4835.47,0,9670.94
1839,20250907,100,25,93,1,4823.15,15,4099.68
1840,20240502,43,3,,1,3747.63,5,3560.25
1841,20251202,50,14,243,1,3814.05,0,3814.05
1842,20240408,40,12,221,2,6858.19,0,13716.38
1843,20240707,34,13,180,4,1322.31,5,5024.78
1844,20241213,58,25,,1,5200.5,15,4420.43
1845,20240303,72,2,49,1,1667.62,20,1334.1
1846,20250625,2,1,157,1,882.35,15,750.0
1847,20250730,48,3,97,1,2551.26,0,2551.26
1848,20250702,28,12,,1,3988.05,0,3988.05
1849,20250118,74,6,362,2,3249.83,10,5849.69
1850,20250603,20,15,,1,1915.63,0,1915.63
1851,20240503,104,10,56,1,6527.04,0,6527.04
1852,20250614,22,4,309,1,6438.69,5,6116.76
1853,20241211,59,22,200,2,2020.12,15,3434.2
1854,20251115,71,3,188,1,3918.6,20,3134.88
1855,20250517,25,13,,1,659.99,20,527.99
1856,20250506,104,22,303,1,6527.04,0,6527.04
1857,20251110,84,11,289,1,4822.61,0,4822.61
1858,20250207,97,18,145,1,4779.12,0,4779.12
1859,20240721,38,21,223,1,1729.74,0,1729.74
1860,20250518,14,11,313,1,4823.13,0,4823.13
1861,20241021,99,22,271,2,4915.0,0,9830.0
1862,20240401,40,19,293,1,6858.19,5,6515.28
1863,20240219,69,1,,1,2128.62,0,2128.62
1864,20250704,7,22,379,1,4794.43,10,4314.99
1865,20250604,48,22,110,1,2551.26,15,2168.57
1866,20240814,92,11,,1,2008.22,0,2008.22
1867,20251017,79,1,,1,1528.97,15,1299.62
1868,20240429,119,10,,1,2956.72,10,2661.05
1869,20241204,23,13,191,3,5336.87,0,16010.61
1870,20240608,19,20,343,1,3799.68,15,3229.73
1871,20251127,74,23,321,1,3249.83,15,2762.36
1872,20251031,95,9,6,1,3960.41,0,3960.41
1873,20241011,108,7,250,1,3374.55,0,3374.55
1874,20251210,51,2,230,1,2879.69,5,2735.71
1875,20240313,82,4,251,1,3179.41,0,3179.41
1876,20240620,95,9,367,3,3960.41,0,11881.23
1877,20250703,37,10,134,1,3761.37,0,3761.37
1878,20240725,12,18,103,1,1690.47,20,1352.38
1879,20250425,62,4,20,2,978.5,0,1957.0
1880,20251211,104,3,316,1,6527.04,5,6200.69
1881,20250328,77,25,,3,5233.57,10,14130.64
1882,20240712,99,7,23,1,4915.0,15,4177.75
1883,20241215,111,9,180,1,1506.58,15,1280.59
1884,20240227,51,13,150,1,2879.69,0,2879.69
1885,20251004,25,11,225,1,659.99,0,659.99
1886,20240908,78,17,83,1,1807.55,20,1446.04
1887,20240228,15,22,,1,4621.37,0,4621.37
1888,20240622,93,11,74,3,4029.05,5,11482.79
1889,20240107,49,1,199,2,3974.14,0,7948.28
1890,20240817,98,21,,1,850.73,0,850.73
1891,20250502,120,19,145,1,5078.17,0,5078.17
1892,20240831,88,16,177,4,2796.03,5,10624.91
1893,20250505,118,5,185,1,5698.72,0,5698.72
1894,20240627,50,9,189,2,3814.05,0,7628.1
1895,20241103,19,2,364,2,3799.68,10,6839.42
1896,20250215,17,21,208,1,1735.19,0,1735.19
1897,20250408,57,13,173,1,3796.83,0,3796.83
1898,20250626,27,8,98,1,1220.37,15,1037.31
1899,20251106,101,20,238,1,1131.31,10,1018.18
1900,20250222,48,21,202,1,2551.26,0,2551.26
1901,20251029,58,10,397,2,5200.5,0,10401.0
1902,20240723,28,11,81,1,3988.05,15,3389.84
1903,20250318,24,15,,1,3205.37,5,3045.1
1904,20240625,35,24,394,1,3748.04,0,3748.04
1905,20240721,20,14,126,2,1915.63,0,3831.26
1906,20250513,41,20,314,1,5693.66,5,5408.98
1907,20240206,87,4,44,1,2952.23,15,2509.4
1908,20240224,43,3,183,1,3747.63,0,3747.63
1909,20240806,40,3,162,1,6858.19,10,6172.37
1910,20250501,44,23,156,1,4747.67,5,4510.29
1911,20240604,21,14,317,1,1209.52,5,1149.04
1912,20251005,61,23,354,2,5731.62,0,11463.24
1913,20240426,85,5,50,2,6169.54,0,12339.08
1914,20250125,61,13,393,1,5731.62,5,5445.04
1915,20250106,120,15,94,1,5078.17,0,5078.17
1916,20250518,86,19,174,4,4002.37,15,13608.06
1917,20240311,23,5,347,1,5336.87,0,5336.87
1918,20251115,26,21,365,2,1355.83,10,2440.49
1919,20241229,78,16,,2,1807.55,0,3615.1
1920,20240622,47,9,144,4,2706.69,15,9202.75
1921,20240125,63,11,27,1,4196.34,5,3986.52
1922,20240926,58,14,140,2,5200.5,10,9360.9
1923,20250414,85,3,17,1,6169.54,20,4935.63
1924,20251001,2,24,155,1,882.35,15,750.0
1925,20250124,50,2,139,1,3814.05,0,3814.05
1926,20250608,110,14,176,1,3839.63,0,3839.63
1927,20240924,71,7,137,1,3918.6,0,3918.6
1928,20251118,11,22,261,2,5902.88,0,11805.76
1929,20240511,104,25,39,1,6527.04,0,6527.04
1930,20250808,103,8,39,1,5201.47,0,5201.47
1931,20241215,112,20,,1,1434.74,20,1147.79
1932,20250416,81,11,55,1,1242.05,0,1242.05
1933,20240522,26,24,96,1,1355.83,20,1084.66
1934,20240104,56,22,26,2,7088.96,0,14177.92
1935,20251002,68,7,102,2,1648.1,0,3296.2
1936,20251224,24,16,347,1,3205.37,10,2884.83
1937,20250329,24,17,,1,3205.37,0,3205.37
1938,20240527,113,18,97,1,4385.13,5,4165.87
1939,20240318,25,6,388,4,659.99,0,2639.96
1940,20251012,108,19,212,1,3374.55,0,3374.55
1941,20250312,33,12,272,1,2291.4,15,1947.69
1942,20251130,33,10,34,1,2291.4,0,2291.4
1943,20240302,80,25,41,1,5880.6,15,4998.51
1944,20250401,2,24,164,1,882.35,15,750.0
1945,20250105,90,22,34,1,3873.38,5,3679.71
1946,20241122,58,12,246,1,5200.5,0,5200.5
1947,20250515,41,18,98,1,5693.66,0,5693.66
1948,20251208,46,14,237,1,4179.48,10,3761.53
1949,20250216,60,15,73,2,4273.1,0,8546.2
1950,20240126,112,5,196,4,1434.74,5,5452.01
1951,20250213,47,1,339,3,2706.69,0,8120.07
1952,20240707,28,4,,1,3988.05,0,3988.05
1953,20240721,3,16,156,2,2631.02,10,4735.84
1954,20241011,30,7,371,1,3704.61,0,3704.61
1955,20240612,63,22,,3,4196.34,0,12589.02
1956,20241127,91,16,73,1,6185.93,15,5258.04
1957,20240809,54,16,,1,2808.33,0,2808.33
1958,20251007,40,22,314,1,6858.19,0,6858.19
1959,20241015,44,24,353,2,4747.67,0,9495.34
1960,20250429,9,1,214,1,4835.47,15,4110.15
1961,20251205,30,11,244,2,3704.61,5,7038.76
1962,20250814,102,11,66,3,616.26,10,1663.9
1963,20250809,117,8,313,1,5631.66,10,5068.49
1964,20250515,73,16,161,1,6348.65,0,6348.65
1965,20240531,80,11,,1,5880.6,5,5586.57
1966,20240929,9,15,99,2,4835.47,0,9670.94
1967,20240526,47,25,,1,2706.69,5,2571.36
1968,20241201,46,20,75,2,4179.48,20,6687.17
1969,20250511,41,20,103,2,5693.66,5,10817.95
1970,20250903,78,4,32,2,1807.55,0,3615.1
1971,20250531,37,8,217,2,3761.37,10,6770.47
1972,20241101,34,7,13,1,1322.31,5,1256.19
1973,20250307,11,12,76,1,5902.88,0,5902.88
1974,20240609,77,15,56,3,5233.57,0,15700.71
1975,20240721,91,20,84,1,6185.93,0,6185.93
1976,20240118,16,2,283,1,4330.21,0,4330.21
1977,20250119,71,1,331,1,3918.6,0,3918.6
1978,20250919,108,25,,1,3374.55,5,3205.82
1979,20250805,6,17,,2,843.99,0,1687.98
1980,20240306,119,3,53,1,2956.72,15,2513.21
1981,20240828,12,25,183,1,1690.47,0,1690.47
1982,20240312,64,13,269,1,4068.92,10,3662.03
1983,20251212,20,18,107,1,1915.63,0,1915.63
1984,20240924,30,8,,1,3704.61,0,3704.61
1985,20251020,108,23,22,1,3374.55,10,3037.1
1986,20240605,112,5,166,1,1434.74,5,1363.0
1987,20250209,3,17,253,1,2631.02,5,2499.47
1988,20250228,71,3,,1,3918.6,0,3918.6
1989,20250819,63,1,42,1,4196.34,0,4196.34
1990,20240617,51,7,4,3,2879.69,5,8207.12
1991,20241015,35,18,199,1,3748.04,0,3748.04
1992,20250914,33,11,134,1,2291.4,5,2176.83
1993,20250407,4,15,334,1,1722.15,10,1549.94
1994,20240728,24,4,,2,3205.37,5,6090.2
1995,20240729,26,25,383,1,1355.83,5,1288.04
1996,20240807,114,19,185,1,3973.22,5,3774.56
1997,20240823,73,9,13,1,6348.65,0,6348.65
1998,20240704,111,11,369,1,1506.58,0,1506.58
1999,20250204,78,25,252,1,1807.55,5,1717.17
2000,20251114,110,8,,1,3839.63,0,3839.63
2001,20240201,80,2,141,3,5880.6,0,17641.8
2002,20250125,94,19,50,1,1460.17,0,1460.17
2003,20240714,55,24,39,1,735.67,5,698.89
2004,20241031,99,2,155,1,4915.0,0,4915.0
2005,20240728,16,21,350,2,4330.21,15,7361.36
2006,20250502,23,1,372,1,5336.87,10,4803.18
2007,20250816,89,18,12,2,4062.25,0,8124.5
2008,20251209,20,7,,1,1915.63,0,1915.63
2009,20250524,56,15,7,1,7088.96,0,7088.96
2010,20240305,99,9,369,1,4915.0,10,4423.5
2011,20240125,86,9,97,1,4002.37,0,4002.37
2012,20240102,84,2,223,1,4822.61,5,4581.48
2013,20240825,92,24,,1,2008.22,5,1907.81
2014,20250412,106,16,192,1,717.87,0,717.87
2015,20250718,70,5,328,1,3349.78,0,3349.78
2016,20250215,48,15,393,1,2551.26,10,2296.13
2017,20250521,87,18,222,1,2952.23,0,2952.23
2018,20240520,43,12,231,2,3747.63,10,6745.73
2019,20240617,114,2,321,1,3973.22,0,3973.22
2020,20251009,107,24,294,1,1952.14,10,1756.93
2021,20240729,106,23,215,2,717.87,20,1148.59
2022,20250711,6,17,3,1,843.99,5,801.79
2023,20240617,95,8,172,1,3960.41,0,3960.41
2024,20250117,71,13,202,1,3918.6,0,3918.6
2025,20250221,89,25,116,1,4062.25,0,4062.25
2026,20251211,115,25,1,2,2419.05,20,3870.48
2027,20240420,64,5,356,3,4068.92,0,12206.76
2028,20250219,39,7,50,3,3883.73,0,11651.19
2029,20240117,4,10,96,2,1722.15,5,3272.09
2030,20240309,33,15,217,3,2291.4,5,6530.49
2031,20240111,90,20,199,1,3873.38,0,3873.38
2032,20250926,76,16,304,1,5042.37,0,5042.37
2033,20240202,64,11,131,2,4068.92,10,7324.06
2034,20250127,97,18,217,1,4779.12,5,4540.16
2035,20241225,88,16,195,1,2796.03,0,2796.03
2036,20240329,61,9,43,1,5731.62,10,5158.46
2037,20251008,119,4,384,1,2956.72,5,2808.88
2038,20250425,5,11,398,2,2284.3,0,4568.6
2039,20250920,53,4,,1,1453.18,10,1307.86
2040,20240129,120,17,258,1,5078.17,0,5078.17
2041,20250801,50,18,25,1,3814.05,0,3814.05
2042,20250613,63,6,151,2,4196.34,0,8392.68
2043,20250907,43,14,80,3,3747.63,0,11242.89
2044,20250508,63,8,,2,4196.34,10,7553.41
2045,20240629,99,13,,1,4915.0,0,4915.0
2046,20251130,75,16,228,2,2266.5,15,3853.05
2047,20240428,13,6,380,4,4729.21,5,17971.0
2048,20240125,57,16,358,1,3796.83,5,3606.99
2049,20251211,48,21,215,1,2551.26,0,2551.26
2050,20250724,90,14,,1,3873.38,15,3292.37
2051,20251111,46,16,125,3,4179.48,15,10657.67
2052,20240503,4,6,,1,1722.15,0,1722.15
2053,20251106,70,12,245,1,3349.78,10,3014.8
2054,20240708,75,14,21,1,2266.5,0,2266.5
2055,20240516,96,23,191,1,3006.66,10,2705.99
2056,20240425,68,22,272,1,1648.1,15,1400.88
2057,20240520,41,8,110,1,5693.66,0,5693.66
2058,20250505,28,4,284,1,3988.05,0,3988.05
2059,20240313,19,22,262,1,3799.68,10,3419.71
2060,20250504,66,3,127,1,6204.11,0,6204.11
2061,20251002,47,8,209,1,2706.69,0,2706.69
2062,20241124,100,13,,1,4823.15,15,4099.68
2063,20250204,58,20,116,2,5200.5,0,10401.0
2064,20250921,102,17,331,2,616.26,5,1170.89
2065,20240904,77,17,396,1,5233.57,5,4971.89
2066,20250303,9,18,,2,4835.47,0,9670.94
2067,20251018,6,12,144,1,843.99,10,759.59
2068,20241215,39,18,158,2,3883.73,0,7767.46
2069,20250514,50,25,353,1,3814.05,5,3623.35
2070,20251129,78,20,294,1,1807.55,0,1807.55
2071,20251209,63,11,316,1,4196.34,0,4196.34
2072,20241001,120,9,305,1,5078.17,0,5078.17
2073,20241127,117,8,179,4,5631.66,0,22526.64
2074,20241209,67,22,136,1,4800.44,5,4560.42
2075,20240711,99,20,72,2,4915.0,5,9338.5
2076,20240713,88,22,278,1,2796.03,0,2796.03
2077,20250418,75,17,371,2,2266.5,0,4533.0
2078,20240909,27,20,173,1,1220.37,5,1159.35
2079,20250523,48,8,368,1,2551.26,5,2423.7
2080,20250704,44,5,37,1,4747.67,20,3798.14
2081,20250717,51,1,,2,2879.69,0,5759.38
2082,20250521,59,18,142,1,2020.12,0,2020.12
2083,20240929,7,14,251,1,4794.43,0,4794.43
2084,20250131,41,4,63,1,5693.66,10,5124.29
2085,20240225,6,3,281,1,843.99,0,843.99
2086,20240408,119,24,105,1,2956.72,5,2808.88
2087,20240302,2,4,320,2,882.35,0,1764.7
2088,20240903,30,8,293,2,3704.61,15,6297.84
2089,20241228,108,8,284,1,3374.55,10,3037.1
2090,20240624,104,13,316,1,6527.04,0,6527.04
2091,20250807,95,20,139,2,3960.41,0,7920.82
2092,20240909,109,14,236,1,2954.88,15,2511.65
2093,20240813,36,4,,1,682.61,0,682.61
2094,20250906,109,13,119,1,2954.88,0,2954.88
2095,20251230,57,15,197,2,3796.83,10,6834.29
2096,20240124,70,25,345,1,3349.78,10,3014.8
2097,20250620,44,11,,1,4747.67,0,4747.67
2098,20250328,78,7,361,1,1807.55,10,1626.8
2099,20251130,49,6,107,1,3974.14,0,3974.14
2100,20241007,32,23,119,1,1604.88,15,1364.15
2101,20240125,88,19,358,1,2796.03,5,2656.23
2102,20240123,50,19,196,1,3814.05,0,3814.05
2103,20250401,117,14,,1,5631.66,0,5631.66
2104,20250110,117,9,87,1,5631.66,5,5350.08
2105,20250613,77,17,19,4,5233.57,0,20934.28
2106,20240822,12,23,48,1,1690.47,5,1605.95
2107,20240913,11,17,232,1,5902.88,0,5902.88
2108,20250322,36,6,160,1,682.61,0,682.61
2109,20240404,80,2,380,1,5880.6,0,5880.6
2110,20250309,115,6,101,1,2419.05,0,2419.05
2111,20240413,35,6,399,1,3748.04,10,3373.24
2112,20240702,20,18,126,2,1915.63,0,3831.26
2113,20240624,99,9,11,1,4915.0,15,4177.75
2114,20250207,18,6,,1,5185.3,0,5185.3
2115,20250915,107,12,143,1,1952.14,0,1952.14
2116,20251228,15,23,328,1,4621.37,0,4621.37
2117,20250121,18,1,271,2,5185.3,5,9852.07
2118,20250208,71,18,269,1,3918.6,5,3722.67
2119,20250616,46,20,384,1,4179.48,0,4179.48
2120,20250221,22,17,65,2,6438.69,0,12877.38
2121,20250906,48,10,212,1,2551.26,0,2551.26
2122,20240125,41,16,9,1,5693.66,10,5124.29
2123,20240530,58,19,384,1,5200.5,10,4680.45
2124,20250209,32,5,,1,1604.88,0,1604.88
2125,20250513,52,15,191,2,2796.94,0,5593.88
2126,20250301,7,8,328,3,4794.43,0,14383.29
2127,20240224,45,15,335,2,1364.28,0,2728.56
2128,20241028,46,17,21,3,4179.48,10,11284.6
2129,20250505,9,12,159,3,4835.47,0,14506.41
2130,20240413,19,24,139,1,3799.68,0,3799.68
2131,20251007,67,12,,1,4800.44,10,4320.4
2132,20250416,45,20,189,1,1364.28,0,1364.28
2133,20240506,114,15,222,2,3973.22,0,7946.44
2134,20250715,94,24,35,4,1460.17,0,5840.68
2135,20250121,43,22,375,2,3747.63,0,7495.26
2136,20240525,98,7,,1,850.73,0,850.73
2137,20240212,6,10,,1,843.99,0,843.99
2138,20240717,54,5,291,1,2808.33,15,2387.08
2139,20240101,9,6,136,2,4835.47,10,8703.85
2140,20240812,60,6,253,1,4273.1,5,4059.45
2141,20241216,79,24,241,3,1528.97,0,4586.91
2142,20250725,71,24,341,1,3918.6,0,3918.6
2143,20251129,107,23,350,1,1952.14,5,1854.53
2144,20240908,29,1,140,1,1567.62,0,1567.62
2145,20250525,93,13,,1,4029.05,10,3626.15
2146,20240920,14,5,113,2,4823.13,0,9646.26
2147,20240605,119,4,259,1,2956.72,5,2808.88
2148,20250305,73,11,125,1,6348.65,0,6348.65
2149,20251109,9,25,30,1,4835.47,10,4351.92
2150,20240606,54,16,171,3,2808.33,0,8424.99
2151,20240829,63,16,203,1,4196.34,0,4196.34
2152,20240828,37,8,85,1,3761.37,5,3573.3
2153,20250830,49,3,43,2,3974.14,0,7948.28
2154,20250707,55,16,358,1,735.67,20,588.54
2155,20240103,61,6,,1,5731.62,10,5158.46
2156,20251126,88,23,293,1,2796.03,0,2796.03
2157,20241113,43,4,,1,3747.63,20,2998.1
2158,20250921,1,7,201,2,1005.84,0,2011.68
2159,20240930,76,10,270,1,5042.37,5,4790.25
2160,20240521,9,15,134,1,4835.47,10,4351.92
2161,20250611,13,16,353,1,4729.21,0,4729.21
2162,20241212,86,6,232,1,4002.37,0,4002.37
2163,20241027,84,23,215,2,4822.61,0,9645.22
2164,20241112,86,11,237,1,4002.37,0,4002.37
2165,20240322,8,19,76,1,3576.07,0,3576.07
2166,20240601,93,3,171,1,4029.05,5,3827.6
2167,20250508,56,14,330,1,7088.96,5,6734.51
2168,20250824,39,23,243,1,3883.73,0,3883.73
2169,20250204,25,12,,1,659.99,10,593.99
2170,20240915,50,6,238,1,3814.05,0,3814.05
2171,20251227,111,11,168,2,1506.58,5,2862.5
2172,20251105,41,25,359,1,5693.66,10,5124.29
2173,20240617,33,14,,2,2291.4,0,4582.8
2174,20240213,114,5,310,1,3973.22,0,3973.22
2175,20240726,93,6,395,1,4029.05,0,4029.05
2176,20241217,103,20,2,1,5201.47,10,4681.32
2177,20250528,26,7,349,1,1355.83,5,1288.04
2178,20250601,36,17,271,4,682.61,5,2593.92
2179,20250918,26,14,375,2,1355.83,0,2711.66
2180,20250828,71,10,387,1,3918.6,0,3918.6
2181,20240119,53,19,33,1,1453.18,15,1235.2
2182,20250419,118,20,162,2,5698.72,0,11397.44
2183,20240928,39,21,118,1,3883.73,5,3689.54
2184,20250208,34,1,21,1,1322.31,10,1190.08
2185,20240901,51,1,39,2,2879.69,0,5759.38
2186,20250713,54,1,376,2,2808.33,5,5335.83
2187,20241109,99,20,255,4,4915.0,0,19660.0
2188,20251108,71,10,121,3,3918.6,0,11755.8
2189,20241202,23,18,8,1,5336.87,0,5336.87
2190,20251024,32,16,,1,1604.88,5,1524.64
2191,20240921,22,22,132,1,6438.69,15,5472.89
2192,20240727,94,6,392,3,1460.17,0,4380.51
2193,20250709,89,18,40,4,4062.25,15,13811.65
2194,20240104,31,3,389,3,7243.85,20,17385.24
2195,20240426,98,15,257,2,850.73,10,1531.31
2196,20250421,66,4,315,1,6204.11,0,6204.11
2197,20240404,46,6,97,1,4179.48,0,4179.48
2198,20240119,117,20,393,1,5631.66,0,5631.66
2199,20240529,44,6,354,1,4747.67,0,4747.67
2200,20251008,45,1,200,2,1364.28,0,2728.56
2201,20250608,100,13,98,1,4823.15,0,4823.15
2202,20250823,96,23,,4,3006.66,0,12026.64
2203,20251103,120,25,395,1,5078.17,0,5078.17
2204,20250112,26,2,,1,1355.83,5,1288.04
2205,20240118,86,12,213,2,4002.37,0,8004.74
2206,20241118,111,15,,2,1506.58,5,2862.5
2207,20250728,99,4,243,1,4915.0,20,3932.0
2208,20241214,16,20,327,1,4330.21,0,4330.21
2209,20250311,38,2,29,3,1729.74,5,4929.76
2210,20240520,90,9,79,1,3873.38,10,3486.04
2211,20240317,68,12,,1,1648.1,0,1648.1
2212,20240124,4,10,365,1,1722.15,0,1722.15
2213,20250621,78,20,186,1,1807.55,20,1446.04
2214,20241207,41,4,109,1,5693.66,0,5693.66
2215,20240220,36,10,282,2,682.61,15,1160.44
2216,20240322,104,23,296,2,6527.04,0,13054.08
2217,20250719,85,10,207,2,6169.54,0,12339.08
2218,20250306,12,22,380,1,1690.47,0,1690.47
2219,20250825,1,4,22,1,1005.84,0,1005.84
2220,20250708,14,9,288,2,4823.13,0,9646.26
2221,20241208,22,6,292,2,6438.69,0,12877.38
2222,20240118,61,7,65,1,5731.62,20,4585.3
2223,20251129,66,8,3,1,6204.11,15,5273.49
2224,20250813,102,24,97,1,616.26,0,616.26
2225,20250316,28,20,99,2,3988.05,0,7976.1
2226,20240519,52,19,297,1,2796.94,0,2796.94
2227,20240507,91,14,310,1,6185.93,20,4948.74
2228,20250219,76,7,354,1,5042.37,0,5042.37
2229,20251018,75,4,128,1,2266.5,0,2266.5
2230,20240912,96,2,351,1,3006.66,20,2405.33
2231,20241010,15,19,,1,4621.37,0,4621.37
2232,20251213,2,14,106,1,882.35,0,882.35
2233,20251025,101,4,167,4,1131.31,0,4525.24
2234,20250615,88,9,104,2,2796.03,0,5592.06
2235,20250202,46,7,340,1,4179.48,0,4179.48
2236,20241007,56,2,222,1,7088.96,0,7088.96
2237,20240302,96,15,105,1,3006.66,15,2555.66
2238,20240524,37,9,394,1,3761.37,10,3385.23
2239,20250626,9,19,156,1,4835.47,0,4835.47
2240,20251205,111,9,200,1,1506.58,0,1506.58
2241,20250324,116,5,,1,6480.7,0,6480.7
2242,20240812,71,17,75,1,3918.6,5,3722.67
2243,20250618,33,23,,2,2291.4,0,4582.8
2244,20241113,96,13,,1,3006.66,15,2555.66
2245,20240904,116,10,126,2,6480.7,5,12313.33
2246,20250723,110,20,272,3,3839.63,5,10942.95
2247,20250625,1,5,168,2,1005.84,10,1810.51
2248,20250305,73,11,,1,6348.65,0,6348.65
2249,20241109,93,25,357,2,4029.05,5,7655.19
2250,20251005,52,22,309,1,2796.94,0,2796.94
2251,20250124,61,20,126,1,5731.62,10,5158.46
2252,20241231,61,25,171,1,5731.62,0,5731.62
2253,20250729,3,23,,1,2631.02,0,2631.02
2254,20250224,111,2,212,1,1506.58,5,1431.25
2255,20240415,88,18,70,1,2796.03,0,2796.03
2256,20250114,13,2,301,1,4729.21,20,3783.37
2257,20251020,76,15,48,1,5042.37,0,5042.37
2258,20240501,12,9,275,2,1690.47,15,2873.8
2259,20240903,6,16,278,1,843.99,10,759.59
2260,20240107,119,16,111,2,2956.72,15,5026.42
2261,20240412,12,17,295,1,1690.47,0,1690.47
2262,20241223,120,12,285,1,5078.17,0,5078.17
2263,20240409,81,19,,1,1242.05,0,1242.05
2264,20240609,30,24,,1,3704.61,10,3334.15
2265,20240721,17,10,339,1,1735.19,5,1648.43
2266,20240202,16,24,105,1,4330.21,10,3897.19
2267,20241102,107,22,353,1,1952.14,15,1659.32
2268,20250430,49,1,18,1,3974.14,5,3775.43
2269,20250306,14,3,109,1,4823.13,0,4823.13
2270,20250321,30,23,137,2,3704.61,5,7038.76
2271,20251124,68,19,300,4,1648.1,15,5603.54
2272,20240610,107,20,291,1,1952.14,0,1952.14
2273,20240625,79,15,134,1,1528.97,15,1299.62
2274,20240121,26,13,396,1,1355.83,15,1152.46
2275,20250818,15,23,28,1,4621.37,5,4390.3
2276,20240425,72,16,333,1,1667.62,5,1584.24
2277,20240518,7,17,119,2,4794.43,0,9588.86
2278,20240221,66,20,38,1,6204.11,5,5893.9
2279,20241213,68,18,,1,1648.1,0,1648.1
2280,20240701,6,14,106,1,843.99,10,759.59
2281,20251216,82,3,320,1,3179.41,0,3179.41
2282,20251011,70,3,165,1,3349.78,5,3182.29
2283,20241211,4,2,400,1,1722.15,5,1636.04
2284,20240125,111,24,,1,1506.58,10,1355.92
2285,20251014,75,3,,1,2266.5,20,1813.2
2286,20240410,57,18,30,2,3796.83,5,7213.98
2287,20250911,4,24,181,1,1722.15,5,1636.04
2288,20250531,83,10,134,1,2689.64,0,2689.64
2289,20240531,77,22,245,1,5233.57,0,5233.57
2290,20240319,20,6,148,1,1915.63,10,1724.07
2291,20241117,49,16,,1,3974.14,0,3974.14
2292,20250905,7,1,126,1,4794.43,5,4554.71
2293,20240331,47,24,272,1,2706.69,0,2706.69
2294,20240505,31,14,138,1,7243.85,20,5795.08
2295,20250113,85,2,88,2,6169.54,0,12339.08
2296,20240212,71,23,,1,3918.6,0,3918.6
2297,20240903,53,20,286,1,1453.18,0,1453.18
2298,20240118,99,20,270,1,4915.0,0,4915.0
2299,20241001,103,2,201,1,5201.47,0,5201.47
2300,20250723,118,17,134,1,5698.72,0,5698.72
2301,20251021,23,18,256,2,5336.87,0,10673.74
2302,20240717,49,23,271,1,3974.14,0,3974.14
2303,20240905,20,22,,1,1915.63,5,1819.85
2304,20241029,93,6,331,1,4029.05,5,3827.6
2305,20250221,39,6,,2,3883.73,10,6990.71
2306,20240513,48,24,271,1,2551.26,0,2551.26
2307,20240914,11,15,200,1,5902.88,20,4722.3
2308,20250203,21,12,192,2,1209.52,10,2177.14
2309,20240213,24,13,370,1,3205.37,0,3205.37
2310,20251130,24,10,374,1,3205.37,0,3205.37
2311,20250121,40,14,149,1,6858.19,20,5486.55
2312,20250627,65,1,375,1,3541.34,0,3541.34
2313,20251215,65,17,142,1,3541.34,20,2833.07
2314,20250421,79,23,,1,1528.97,0,1528.97
2315,20251204,82,2,150,1,3179.41,15,2702.5
2316,20240801,98,12,270,1,850.73,0,850.73
2317,20251226,16,13,73,2,4330.21,0,8660.42
2318,20251229,77,15,370,2,5233.57,0,10467.14
2319,20240219,78,7,47,1,1807.55,0,1807.55
2320,20240809,18,13,116,1,5185.3,0,5185.3
2321,20240205,93,3,385,1,4029.05,0,4029.05
2322,20241201,50,4,257,2,3814.05,10,6865.29
2323,20250621,115,1,,1,2419.05,10,2177.15
2324,20240131,76,4,213,1,5042.37,0,5042.37
2325,20250903,68,1,194,1,1648.1,5,1565.69
2326,20250524,34,24,306,1,1322.31,5,1256.19
2327,20250301,118,1,349,1,5698.72,0,5698.72
2328,20241220,18,2,,1,5185.3,10,4666.77
2329,20250622,82,25,56,1,3179.41,0,3179.41
2330,20250210,68,16,14,1,1648.1,10,1483.29
2331,20250221,25,6,81,3,659.99,5,1880.97
2332,20250601,19,3,141,1,3799.68,0,3799.68
2333,20240404,33,2,375,1,2291.4,0,2291.4
2334,20250221,96,2,323,1,3006.66,10,2705.99
2335,20240831,64,13,381,1,4068.92,5,3865.47
2336,20240429,96,5,10,3,3006.66,15,7666.98
2337,20240226,67,7,204,2,4800.44,0,9600.88
2338,20240128,50,5,38,1,3814.05,5,3623.35
2339,20240412,23,25,175,1,5336.87,10,4803.18
2340,20250605,71,6,56,1,3918.6,10,3526.74
2341,20250310,98,18,74,1,850.73,20,680.58
2342,20240927,38,24,60,1,1729.74,15,1470.28
2343,20240106,102,17,400,1,616.26,0,616.26
2344,20250503,111,22,378,2,1506.58,0,3013.16
2345,20240217,28,8,315,2,3988.05,0,7976.1
2346,20251114,48,15,10,1,2551.26,0,2551.26
2347,20250112,73,19,149,1,6348.65,0,6348.65
2348,20240117,92,15,299,2,2008.22,0,4016.44
2349,20250904,91,19,321,1,6185.93,5,5876.63
2350,20250119,112,25,283,1,1434.74,10,1291.27
2351,20251123,87,25,234,1,2952.23,0,2952.23
2352,20240528,69,12,327,3,2128.62,0,6385.86
2353,20241204,73,4,396,1,6348.65,0,6348.65
2354,20250925,102,7,98,1,616.26,10,554.63
2355,20240816,38,25,221,1,1729.74,5,1643.25
2356,20240226,53,20,286,1,1453.18,0,1453.18
2357,20240430,59,25,16,1,2020.12,0,2020.12
2358,20240809,40,18,371,1,6858.19,5,6515.28
2359,20241129,86,22,186,1,4002.37,15,3402.01
2360,20250616,18,22,388,1,5185.3,10,4666.77
2361,20241018,106,1,209,2,717.87,0,1435.74
2362,20240525,116,23,223,1,6480.7,0,6480.7
2363,20240530,52,19,279,1,2796.94,0,2796.94
2364,20240929,12,18,194,1,1690.47,5,1605.95
2365,20240809,2,18,219,1,882.35,10,794.12
2366,20240529,99,7,161,1,4915.0,20,3932.0
2367,20240503,33,7,205,1,2291.4,0,2291.4
2368,20241114,109,17,21,2,2954.88,10,5318.78
2369,20240617,62,25,4,1,978.5,0,978.5
2370,20250906,51,13,,1,2879.69,10,2591.72
2371,20250131,65,7,,1,3541.34,10,3187.21
2372,20241208,106,1,,1,717.87,0,717.87
2373,20250918,83,9,,1,2689.64,0,2689.64
2374,20241125,7,15,91,2,4794.43,0,9588.86
2375,20250819,57,21,74,1,3796.83,0,3796.83
2376,20251014,36,9,,1,682.61,0,682.61
2377,20241015,51,6,,3,2879.69,15,7343.21
2378,20250216,98,14,306,1,850.73,0,850.73
2379,20240404,96,16,243,3,3006.66,15,7666.98
2380,20240613,73,23,35,2,6348.65,0,12697.3
2381,20250210,120,17,135,1,5078.17,0,5078.17
2382,20240726,59,8,,1,2020.12,15,1717.1
2383,20250101,92,6,206,1,2008.22,0,2008.22
2384,20240322,60,1,85,1,4273.1,0,4273.1
2385,20240616,1,13,385,1,1005.84,10,905.26
2386,20251116,41,5,280,1,5693.66,0,5693.66
2387,20240504,25,7,342,1,659.99,0,659.99
2388,20250829,7,24,297,1,4794.43,0,4794.43
2389,20250209,38,17,,2,1729.74,0,3459.48
2390,20241018,7,8,350,1,4794.43,0,4794.43
2391,20250426,69,4,238,2,2128.62,0,4257.24
2392,20250609,22,6,,2,6438.69,5,12233.51
2393,20250518,115,19,94,1,2419.05,0,2419.05
2394,20250615,120,14,280,1,5078.17,10,4570.35
2395,20251204,78,15,219,2,1807.55,0,3615.1
2396,20250706,32,4,91,1,1604.88,20,1283.9
2397,20250222,4,11,385,1,1722.15,5,1636.04
2398,20250519,101,23,369,1,1131.31,0,1131.31
2399,20240501,59,16,207,2,2020.12,0,4040.24
2400,20250218,67,25,8,1,4800.44,0,4800.44
2401,20250707,19,3,88,1,3799.68,5,3609.7
2402,20241201,87,6,,1,2952.23,15,2509.4
2403,20250109,2,25,230,3,882.35,5,2514.7
2404,20250218,73,5,268,1,6348.65,15,5396.35
2405,20240315,74,5,204,3,3249.83,10,8774.54
2406,20240210,72,19,350,1,1667.62,0,1667.62
2407,20250915,70,10,9,3,3349.78,0,10049.34
2408,20240208,109,11,310,1,2954.88,0,2954.88
2409,20250709,56,24,355,1,7088.96,20,5671.17
2410,20251025,17,10,173,2,1735.19,5,3296.86
2411,20250720,81,3,146,1,1242.05,5,1179.95
2412,20250603,59,25,356,1,2020.12,0,2020.12
2413,20240702,31,18,200,1,7243.85,0,7243.85
2414,20251103,24,1,232,1,3205.37,10,2884.83
2415,20250920,9,24,237,1,4835.47,0,4835.47
2416,20250128,70,5,295,3,3349.78,0,10049.34
2417,20240606,108,5,296,1,3374.55,20,2699.64
2418,20240209,102,21,349,1,616.26,0,616.26
2419,20240709,88,21,189,1,2796.03,0,2796.03
2420,20240131,85,12,200,1,6169.54,5,5861.06
2421,20251203,59,19,,1,2020.12,0,2020.12
2422,20250708,23,25,192,1,5336.87,0,5336.87
2423,20250620,51,15,101,1,2879.69,10,2591.72
2424,20250918,38,6,325,3,1729.74,5,4929.76
2425,20250812,109,9,114,2,2954.88,0,5909.76
2426,20250809,120,4,85,1,5078.17,5,4824.26
2427,20241201,24,18,370,4,3205.37,0,12821.48
2428,20241217,50,6,88,1,3814.05,5,3623.35
2429,20251212,29,11,352,1,1567.62,0,1567.62
2430,20250531,14,18,190,1,4823.13,20,3858.5
2431,20250516,67,9,287,1,4800.44,5,4560.42
2432,20250514,99,22,134,1,4915.0,0,4915.0
2433,20251005,80,4,263,2,5880.6,0,11761.2
2434,20240425,117,16,85,1,5631.66,0,5631.66
2435,20251222,43,19,20,1,3747.63,0,3747.63
2436,20250207,40,3,233,1,6858.19,10,6172.37
2437,20240726,14,7,188,1,4823.13,0,4823.13
2438,20250305,61,24,269,1,5731.62,10,5158.46
2439,20250403,109,11,,3,2954.88,0,8864.64
2440,20240602,90,21,146,3,3873.38,10,10458.13
2441,20240206,100,12,197,1,4823.15,15,4099.68
2442,20240504,90,19,288,1,3873.38,5,3679.71
2443,20240514,97,16,,1,4779.12,0,4779.12
2444,20250610,68,18,179,1,1648.1,15,1400.88
2445,20241204,72,25,30,3,1667.62,10,4502.57
2446,20250820,65,14,231,1,3541.34,0,3541.34
2447,20240620,18,16,262,1,5185.3,5,4926.03
2448,20251116,36,18,376,1,682.61,20,546.09
2449,20241120,101,23,148,1,1131.31,0,1131.31
2450,20250921,117,4,355,1,5631.66,0,5631.66
2451,20240519,120,1,22,1,5078.17,0,5078.17
2452,20251016,30,19,119,1,3704.61,0,3704.61
2453,20251020,113,4,163,1,4385.13,0,4385.13
2454,20241214,62,2,325,1,978.5,5,929.57
2455,20240705,88,4,146,2,2796.03,0,5592.06
2456,20250127,50,19,367,1,3814.05,0,3814.05
2457,20251207,120,8,327,2,5078.17,5,9648.52
2458,20241026,83,14,4,1,2689.64,10,2420.68
2459,20251221,22,12,36,1,6438.69,10,5794.82
2460,20240626,91,18,55,2,6185.93,0,12371.86
2461,20240305,17,7,331,1,1735.19,0,1735.19
2462,20240404,8,13,47,1,3576.07,0,3576.07
2463,20250516,21,7,238,1,1209.52,0,1209.52
2464,20250427,52,17,341,1,2796.94,10,2517.25
2465,20241224,62,15,383,4,978.5,5,3718.3
2466,20240929,62,5,293,3,978.5,0,2935.5
2467,20250925,12,17,343,2,1690.47,0,3380.94
2468,20251104,71,8,201,1,3918.6,10,3526.74
2469,20250326,16,21,33,1,4330.21,0,4330.21
2470,20250329,101,23,290,1,1131.31,20,905.05
2471,20240130,42,6,296,3,2401.74,15,6124.44
2472,20240807,95,14,52,2,3960.41,10,7128.74
2473,20251104,110,19,,1,3839.63,5,3647.65
2474,20240527,31,6,187,2,7243.85,0,14487.7
2475,20250814,110,18,285,3,3839.63,0,11518.89
2476,20240505,63,24,378,2,4196.34,0,8392.68
2477,20240614,104,13,11,1,6527.04,0,6527.04
2478,20240916,74,25,367,2,3249.83,0,6499.66
2479,20250402,78,19,96,1,1807.55,0,1807.55
2480,20240614,8,11,306,1,3576.07,0,3576.07
2481,20250524,93,4,363,2,4029.05,0,8058.1
2482,20250816,72,17,77,1,1667.62,5,1584.24
2483,20240410,18,12,372,2,5185.3,0,10370.6
2484,20240626,5,2,284,1,2284.3,10,2055.87
2485,20251203,114,15,260,2,3973.22,0,7946.44
2486,20251201,27,23,361,2,1220.37,5,2318.7
2487,20241231,24,8,202,3,3205.37,10,8654.5
2488,20240211,26,1,155,1,1355.83,0,1355.83
2489,20240324,105,19,294,1,2890.92,0,2890.92
2490,20241221,107,6,373,1,1952.14,15,1659.32
2491,20240405,3,25,296,1,2631.02,15,2236.37
2492,20250823,96,12,48,1,3006.66,0,3006.66
2493,20251031,112,24,30,1,1434.74,0,1434.74
2494,20240106,74,14,43,1,3249.83,5,3087.34
2495,20240405,78,4,25,1,1807.55,5,1717.17
2496,20240428,27,6,352,3,1220.37,20,2928.89
2497,20250223,60,25,28,1,4273.1,10,3845.79
2498,20251120,12,4,207,1,1690.47,15,1436.9
2499,20240212,16,20,229,1,4330.21,0,4330.21
2500,20250625,98,15,102,3,850.73,5,2424.58
2501,20240807,5,10,221,1,2284.3,0,2284.3
2502,20240114,85,6,341,2,6169.54,10,11105.17
2503,20240416,20,25,91,1,1915.63,0,1915.63
2504,20250725,88,13,72,3,2796.03,10,7549.28
2505,20250813,86,11,77,1,4002.37,0,4002.37
2506,20240118,108,19,188,4,3374.55,0,13498.2
2507,20250124,108,3,377,1,3374.55,10,3037.1
2508,20240807,92,22,177,1,2008.22,5,1907.81
2509,20250523,106,1,118,3,717.87,0,2153.61
2510,20241009,25,14,282,1,659.99,0,659.99
2511,20241110,98,5,14,1,850.73,0,850.73
2512,20240608,4,5,28,1,1722.15,0,1722.15
2513,20240614,62,8,143,1,978.5,5,929.57
2514,20240303,57,24,44,1,3796.83,10,3417.15
2515,20240123,53,8,145,1,1453.18,15,1235.2
2516,20240419,44,11,82,2,4747.67,5,9020.57
2517,20251019,1,8,147,1,1005.84,0,1005.84
2518,20240118,79,12,208,3,1528.97,5,4357.56
2519,20251017,58,12,158,1,5200.5,0,5200.5
2520,20250827,87,25,191,1,2952.23,10,2657.01
2521,20240909,33,16,71,2,2291.4,0,4582.8
2522,20250320,1,4,,1,1005.84,0,1005.84
2523,20250610,16,2,378,2,4330.21,5,8227.4
2524,20240412,58,13,47,1,5200.5,0,5200.5
2525,20240213,70,1,373,1,3349.78,0,3349.78
2526,20240531,76,1,56,4,5042.37,5,19161.01
2527,20250419,11,7,210,1,5902.88,0,5902.88
2528,20250418,92,8,25,2,2008.22,0,4016.44
2529,20250627,36,16,206,1,682.61,5,648.48
2530,20240126,3,19,179,1,2631.02,0,2631.02
2531,20241229,58,14,306,1,5200.5,0,5200.5
2532,20240503,72,1,344,2,1667.62,10,3001.72
2533,20250913,52,6,226,3,2796.94,10,7551.74
2534,20250207,56,5,,1,7088.96,0,7088.96
2535,20240521,90,16,,1,3873.38,0,3873.38
2536,20250228,55,4,170,1,735.67,0,735.67
2537,20240310,102,4,,1,616.26,5,585.45
2538,20240507,117,9,,2,5631.66,0,11263.32
2539,20240829,70,25,35,2,3349.78,5,6364.58
2540,20251217,110,23,139,1,3839.63,0,3839.63
2541,20251114,91,3,89,1,6185.93,5,5876.63
2542,20250528,5,19,307,2,2284.3,15,3883.31
2543,20250208,101,20,253,1,1131.31,5,1074.74
2544,20240722,60,19,62,2,4273.1,0,8546.2
2545,20250723,96,10,196,3,3006.66,0,9019.98
2546,20250511,37,2,293,1,3761.37,0,3761.37
2547,20240627,98,11,108,2,850.73,20,1361.17
2548,20251116,76,20,292,3,5042.37,20,12101.69
2549,20250401,104,1,,2,6527.04,0,13054.08
2550,20250317,109,22,110,1,2954.88,0,2954.88
2551,20250707,109,6,211,1,2954.88,0,2954.88
2552,20251112,85,1,339,1,6169.54,0,6169.54
2553,20250712,103,3,351,2,5201.47,5,9882.79
2554,20250609,77,17,400,1,5233.57,15,4448.53
2555,20240424,11,15,375,2,5902.88,0,11805.76
2556,20250824,38,22,37,4,1729.74,15,5881.12
2557,20240923,39,18,389,1,3883.73,15,3301.17
2558,20241230,67,17,120,1,4800.44,0,4800.44
2559,20250603,48,15,277,1,2551.26,10,2296.13
2560,20240922,70,2,164,1,3349.78,0,3349.78
2561,20240703,108,7,44,1,3374.55,0,3374.55
2562,20251025,86,3,262,2,4002.37,5,7604.5
2563,20250827,35,6,217,1,3748.04,0,3748.04
2564,20250419,93,25,344,3,4029.05,0,12087.15
2565,20251012,7,9,,1,4794.43,5,4554.71
2566,20240921,116,3,217,1,6480.7,0,6480.7
2567,20250521,116,18,91,1,6480.7,5,6156.66
2568,20251208,71,18,371,1,3918.6,0,3918.6
2569,20250416,75,22,204,1,2266.5,5,2153.17
2570,20250911,119,14,145,2,2956.72,0,5913.44
2571,20250713,32,24,314,1,1604.88,0,1604.88
2572,20250607,40,5,,1,6858.19,5,6515.28
2573,20240414,50,5,183,1,3814.05,0,3814.05
2574,20251007,53,9,65,1,1453.18,20,1162.54
2575,20240815,35,18,357,1,3748.04,5,3560.64
2576,20250322,18,9,78,4,5185.3,10,18667.08
2577,20250331,78,19,,1,1807.55,10,1626.8
2578,20240401,39,3,58,1,3883.73,10,3495.36
2579,20240911,46,22,308,1,4179.48,0,4179.48
2580,20240728,92,14,110,1,2008.22,0,2008.22
2581,20240101,44,6,23,3,4747.67,0,14243.01
2582,20250607,13,13,359,1,4729.21,0,4729.21
2583,20241012,97,10,135,1,4779.12,0,4779.12
2584,20241121,84,2,357,1,4822.61,0,4822.61
2585,20250803,54,13,241,2,2808.33,0,5616.66
2586,20240307,99,17,133,1,4915.0,5,4669.25
2587,20250713,81,2,374,1,1242.05,0,1242.05
2588,20250718,19,4,227,1,3799.68,0,3799.68
2589,20240417,101,8,319,1,1131.31,0,1131.31
2590,20250120,34,18,340,1,1322.31,10,1190.08
2591,20240911,90,19,317,1,3873.38,0,3873.38
2592,20250602,49,19,47,1,3974.14,5,3775.43
2593,20241117,103,22,,1,5201.47,0,5201.47
2594,20250905,87,6,,1,2952.23,0,2952.23
2595,20250104,32,23,356,1,1604.88,0,1604.88
2596,20250430,11,14,32,1,5902.88,5,5607.74
2597,20250722,104,13,161,1,6527.04,20,5221.63
2598,20251025,17,4,134,1,1735.19,5,1648.43
2599,20250123,63,1,,1,4196.34,5,3986.52
2600,20241104,104,5,298,1,6527.04,0,6527.04
2601,20250120,49,22,380,2,3974.14,5,7550.87
2602,20250317,64,14,,2,4068.92,0,8137.84
2603,20240115,105,10,187,1,2890.92,0,2890.92
2604,20250704,115,1,158,2,2419.05,20,3870.48
2605,20240715,101,17,15,1,1131.31,0,1131.31
2606,20250113,34,13,67,2,1322.31,0,2644.62
2607,20250304,44,23,56,1,4747.67,0,4747.67
2608,20250914,45,8,5,1,1364.28,5,1296.07
2609,20240613,110,6,78,1,3839.63,20,3071.7
2610,20250407,55,16,243,1,735.67,0,735.67
2611,20241119,79,3,54,1,1528.97,0,1528.97
2612,20240412,12,12,258,2,1690.47,0,3380.94
2613,20250613,82,13,4,2,3179.41,20,5087.06
2614,20240116,14,16,203,1,4823.13,0,4823.13
2615,20250726,17,7,89,1,1735.19,15,1474.91
2616,20250101,57,1,140,1,3796.83,20,3037.46
2617,20250222,102,9,327,2,616.26,0,1232.52
2618,20240423,118,6,,1,5698.72,0,5698.72
2619,20250505,44,8,357,1,4747.67,0,4747.67
2620,20250629,7,15,326,1,4794.43,20,3835.54
2621,20250610,23,10,344,1,5336.87,10,4803.18
2622,20250530,42,9,386,4,2401.74,0,9606.96
2623,20240202,87,14,335,1,2952.23,5,2804.62
2624,20241212,95,5,40,1,3960.41,15,3366.35
2625,20240606,120,23,147,2,5078.17,5,9648.52
2626,20250518,88,20,44,1,2796.03,15,2376.63
2627,20250211,98,7,151,1,850.73,5,808.19
2628,20240619,63,6,,2,4196.34,5,7973.05
2629,20250123,88,6,244,1,2796.03,0,2796.03
2630,20250709,8,3,199,3,3576.07,10,9655.39
2631,20240918,43,23,17,1,3747.63,20,2998.1
2632,20240823,42,24,75,1,2401.74,15,2041.48
2633,20241204,109,8,7,1,2954.88,15,2511.65
2634,20251217,101,21,264,1,1131.31,15,961.61
2635,20250327,61,17,35,2,5731.62,0,11463.24
2636,20240625,36,9,344,3,682.61,0,2047.83
2637,20250313,7,18,274,2,4794.43,5,9109.42
2638,20250501,78,20,361,2,1807.55,0,3615.1
2639,20251019,88,21,372,1,2796.03,0,2796.03
2640,20250902,16,5,258,1,4330.21,0,4330.21
2641,20250705,95,13,291,1,3960.41,20,3168.33
2642,20250624,66,25,392,1,6204.11,0,6204.11
2643,20241118,62,19,246,1,978.5,10,880.65
2644,20251128,18,9,19,2,5185.3,10,9333.54
2645,20250904,70,24,364,1,3349.78,0,3349.78
2646,20240727,107,18,304,1,1952.14,0,1952.14
2647,20240831,73,4,58,4,6348.65,5,24124.87
2648,20250526,4,13,81,3,1722.15,5,4908.13
2649,20240625,67,17,365,1,4800.44,15,4080.37
2650,20240620,19,4,,1,3799.68,0,3799.68
2651,20240628,114,1,,1,3973.22,0,3973.22
2652,20250320,49,4,,1,3974.14,10,3576.73
2653,20250903,86,18,347,1,4002.37,0,4002.37
2654,20240112,71,3,97,1,3918.6,10,3526.74
2655,20241022,8,24,284,1,3576.07,0,3576.07
2656,20240906,83,3,387,1,2689.64,0,2689.64
2657,20250307,101,25,282,1,1131.31,0,1131.31
2658,20241112,53,19,347,2,1453.18,0,2906.36
2659,20240722,94,25,235,2,1460.17,0,2920.34
2660,20240705,1,12,143,3,1005.84,20,2414.02
2661,20250825,49,15,170,1,3974.14,5,3775.43
2662,20250322,56,22,138,1,7088.96,0,7088.96
2663,20251024,51,12,45,2,2879.69,5,5471.41
2664,20240818,37,1,278,1,3761.37,0,3761.37
2665,20250828,35,25,22,1,3748.04,0,3748.04
2666,20250729,98,7,281,1,850.73,5,808.19
2667,20250121,69,24,319,1,2128.62,0,2128.62
2668,20250415,101,1,277,1,1131.31,5,1074.74
2669,20251012,73,4,350,1,6348.65,0,6348.65
2670,20250921,10,12,,2,3316.3,0,6632.6
2671,20250106,59,3,194,1,2020.12,5,1919.11
2672,20240509,3,3,360,2,2631.02,0,5262.04
2673,20251008,67,19,96,1,4800.44,0,4800.44
2674,20240321,71,1,293,1,3918.6,0,3918.6
2675,20240315,101,15,262,1,1131.31,20,905.05
2676,20250416,63,15,47,1,4196.34,0,4196.34
2677,20241030,50,20,39,1,3814.05,5,3623.35
2678,20251022,71,5,312,2,3918.6,0,7837.2
2679,20240521,56,9,73,1,7088.96,0,7088.96
2680,20250608,76,3,363,2,5042.37,15,8572.03
2681,20240927,93,24,68,1,4029.05,5,3827.6
2682,20251128,38,12,24,1,1729.74,10,1556.77
2683,20240509,1,19,188,1,1005.84,0,1005.84
2684,20250811,3,24,,1,2631.02,0,2631.02
2685,20251222,116,11,28,1,6480.7,0,6480.7
2686,20240519,36,16,258,1,682.61,5,648.48
2687,20241201,114,24,144,1,3973.22,0,3973.22
2688,20250616,84,17,353,1,4822.61,0,4822.61
2689,20240402,18,14,,3,5185.3,0,15555.9
2690,20250117,1,16,,2,1005.84,15,1709.93
2691,20251018,90,25,47,1,3873.38,0,3873.38
2692,20240102,79,6,56,4,1528.97,5,5810.09
2693,20241118,24,14,,2,3205.37,5,6090.2
2694,20240820,105,15,,1,2890.92,0,2890.92
2695,20240203,60,3,304,1,4273.1,0,4273.1
2696,20250510,33,23,335,1,2291.4,0,2291.4
2697,20241115,72,23,151,1,1667.62,5,1584.24
2698,20250804,67,15,285,1,4800.44,10,4320.4
2699,20250226,45,5,143,3,1364.28,10,3683.56
2700,20250227,108,24,,1,3374.55,5,3205.82
2701,20240524,61,7,276,1,5731.62,15,4871.88
2702,20240313,5,9,79,1,2284.3,5,2170.09
2703,20250917,52,8,36,1,2796.94,0,2796.94
2704,20250103,57,9,124,1,3796.83,15,3227.31
2705,20250306,68,2,140,4,1648.1,0,6592.4
2706,20250315,58,7,113,4,5200.5,20,16641.6
2707,20241102,120,18,281,1,5078.17,0,5078.17
2708,20240821,49,21,153,1,3974.14,0,3974.14
2709,20240218,43,11,,2,3747.63,15,6370.97
2710,20251222,7,13,318,1,4794.43,0,4794.43
2711,20250210,21,7,374,2,1209.52,5,2298.09
2712,20250707,120,11,167,1,5078.17,0,5078.17
2713,20251217,40,24,,4,6858.19,0,27432.76
2714,20240827,13,3,237,2,4729.21,15,8039.66
2715,20240407,77,22,,1,5233.57,0,5233.57
2716,20250331,88,13,,2,2796.03,0,5592.06
2717,20240125,52,23,120,1,2796.94,15,2377.4
2718,20241001,90,3,1,2,3873.38,5,7359.42
2719,20240705,57,11,290,1,3796.83,20,3037.46
2720,20240111,21,14,359,3,1209.52,0,3628.56
2721,20240423,44,7,94,3,4747.67,0,14243.01
2722,20251101,88,22,226,1,2796.03,5,2656.23
2723,20240202,57,10,,2,3796.83,0,7593.66
2724,20250329,91,7,238,1,6185.93,0,6185.93
2725,20241228,91,24,188,1,6185.93,15,5258.04
2726,20251113,97,3,,4,4779.12,0,19116.48
2727,20251124,80,7,396,2,5880.6,0,11761.2
2728,20250815,16,1,65,3,4330.21,15,11042.04
2729,20250314,6,17,390,1,843.99,0,843.99
2730,20241103,81,20,114,4,1242.05,0,4968.2
2731,20250922,79,6,184,1,1528.97,10,1376.07
2732,20250117,88,19,24,1,2796.03,0,2796.03
2733,20240301,53,16,296,1,1453.18,0,1453.18
2734,20250807,55,18,,1,735.67,5,698.89
2735,20250503,34,2,124,4,1322.31,0,5289.24
2736,20251212,88,5,112,1,2796.03,5,2656.23
2737,20241022,40,19,192,2,6858.19,0,13716.38
2738,20250206,63,15,81,1,4196.34,0,4196.34
2739,20240613,82,12,38,1,3179.41,20,2543.53
2740,20241116,33,5,95,1,2291.4,0,2291.4
2741,20240917,24,19,,1,3205.37,15,2724.56
2742,20251220,100,5,114,1,4823.15,10,4340.84
2743,20240312,2,24,293,1,882.35,15,750.0
2744,20250307,108,22,,1,3374.55,5,3205.82
2745,20250707,72,14,125,1,1667.62,15,1417.48
2746,20240429,12,13,113,2,1690.47,5,3211.89
2747,20240107,37,22,234,1,3761.37,15,3197.16
2748,20250730,72,18,290,2,1667.62,0,3335.24
2749,20250830,95,19,160,1,3960.41,0,3960.41
2750,20240903,54,22,92,2,2808.33,15,4774.16
2751,20240524,59,12,96,1,2020.12,0,2020.12
2752,20250419,114,1,65,1,3973.22,0,3973.22
2753,20240403,103,12,116,2,5201.47,5,9882.79
2754,20240704,25,14,87,1,659.99,10,593.99
2755,20251107,22,3,269,2,6438.69,0,12877.38
2756,20250515,93,1,290,1,4029.05,0,4029.05
2757,20240424,65,14,191,1,3541.34,5,3364.27
2758,20250825,113,11,238,1,4385.13,0,4385.13
2759,20251221,89,4,265,1,4062.25,0,4062.25
2760,20241213,118,8,392,2,5698.72,5,10827.57
2761,20240809,9,18,312,3,4835.47,0,14506.41
2762,20250818,62,6,142,1,978.5,15,831.73
2763,20240224,85,4,71,1,6169.54,10,5552.59
2764,20240615,1,2,110,1,1005.84,0,1005.84
2765,20251002,119,8,80,1,2956.72,0,2956.72
2766,20241012,63,9,375,1,4196.34,5,3986.52
2767,20250621,96,4,,4,3006.66,20,9621.31
2768,20250814,78,23,6,1,1807.55,5,1717.17
2769,20240114,17,2,26,1,1735.19,5,1648.43
2770,20240601,29,5,225,1,1567.62,10,1410.86
2771,20240510,90,4,368,1,3873.38,15,3292.37
2772,20240513,65,3,25,1,3541.34,0,3541.34
2773,20240103,88,2,305,1,2796.03,10,2516.43
2774,20250412,59,12,300,1,2020.12,0,2020.12
2775,20240515,99,3,334,1,4915.0,5,4669.25
2776,20250301,88,22,38,1,2796.03,0,2796.03
2777,20250914,6,6,272,1,843.99,15,717.39
2778,20240130,34,8,380,1,1322.31,0,1322.31
2779,20250926,50,13,291,1,3814.05,10,3432.65
2780,20240501,54,16,,1,2808.33,0,2808.33
2781,20250112,108,14,202,1,3374.55,10,3037.1
2782,20240211,50,8,79,1,3814.05,0,3814.05
2783,20250207,47,12,,1,2706.69,10,2436.02
2784,20240917,39,21,,3,3883.73,0,11651.19
2785,20240720,88,10,97,2,2796.03,5,5312.46
2786,20241218,2,10,193,1,882.35,0,882.35
2787,20240621,50,5,61,1,3814.05,20,3051.24
2788,20240918,28,14,379,1,3988.05,5,3788.65
2789,20251213,42,9,52,1,2401.74,10,2161.57
2790,20251013,114,2,253,3,3973.22,5,11323.68
2791,20251204,80,4,209,1,5880.6,0,5880.6
2792,20241114,117,23,,1,5631.66,5,5350.08
2793,20240926,29,7,123,2,1567.62,5,2978.48
2794,20241015,59,6,342,1,2020.12,0,2020.12
2795,20240818,32,9,18,2,1604.88,0,3209.76
2796,20240321,91,12,271,1,6185.93,0,6185.93
2797,20240930,48,15,200,3,2551.26,5,7271.09
2798,20241002,64,11,206,1,4068.92,15,3458.58
2799,20241001,93,25,326,1,4029.05,0,4029.05
2800,20240902,56,12,139,1,7088.96,15,6025.62
2801,20250831,100,17,33,1,4823.15,15,4099.68
2802,20240509,11,6,190,1,5902.88,5,5607.74
2803,20240109,74,11,317,3,3249.83,0,9749.49
2804,20240330,105,11,205,1,2890.92,0,2890.92
2805,20250115,74,13,229,1,3249.83,10,2924.85
2806,20240902,2,15,142,1,882.35,0,882.35
2807,20250825,16,9,63,3,4330.21,0,12990.63
2808,20251114,34,21,101,1,1322.31,15,1123.96
2809,20250301,105,4,163,2,2890.92,0,5781.84
2810,20240227,58,19,337,2,5200.5,0,10401.0
2811,20251128,116,1,,1,6480.7,5,6156.66
2812,20250522,68,12,73,3,1648.1,0,4944.3
2813,20250716,58,3,286,1,5200.5,0,5200.5
2814,20250106,105,22,91,1,2890.92,15,2457.28
2815,20250416,34,9,334,2,1322.31,0,2644.62
2816,20240425,64,7,84,2,4068.92,15,6917.16
2817,20251123,4,23,175,2,1722.15,10,3099.87
2818,20240815,116,15,68,1,6480.7,0,6480.7
2819,20241127,53,7,2,1,1453.18,15,1235.2
2820,20251023,106,2,323,2,717.87,10,1292.17
2821,20250325,120,18,,3,5078.17,0,15234.51
2822,20251026,67,22,19,1,4800.44,0,4800.44
2823,20251129,23,24,159,1,5336.87,0,5336.87
2824,20240718,16,14,,1,4330.21,20,3464.17
2825,20251209,102,4,112,2,616.26,0,1232.52
2826,20251004,89,3,85,3,4062.25,0,12186.75
2827,20240721,49,20,364,1,3974.14,10,3576.73
2828,20240629,117,24,,1,5631.66,5,5350.08
2829,20251008,110,16,177,1,3839.63,0,3839.63
2830,20250922,46,22,121,1,4179.48,0,4179.48
2831,20251210,99,15,316,1,4915.0,0,4915.0
2832,20250914,23,1,243,1,5336.87,10,4803.18
2833,20240815,101,12,117,1,1131.31,0,1131.31
2834,20241224,5,16,26,1,2284.3,0,2284.3
2835,20250607,24,13,62,2,3205.37,10,5769.67
2836,20240723,49,2,,1,3974.14,0,3974.14
2837,20240412,46,21,284,1,4179.48,20,3343.58
2838,20251125,72,21,362,1,1667.62,10,1500.86
2839,20251113,102,21,363,2,616.26,0,1232.52
2840,20240921,100,13,167,1,4823.15,0,4823.15
2841,20240528,27,7,79,1,1220.37,0,1220.37
2842,20251230,66,1,387,1,6204.11,0,6204.11
2843,20240606,45,18,380,1,1364.28,5,1296.07
2844,20251111,88,21,92,2,2796.03,0,5592.06
2845,20240228,49,6,317,4,3974.14,0,15896.56
2846,20250115,84,2,125,2,4822.61,5,9162.96
2847,20250505,111,8,,1,1506.58,0,1506.58
2848,20241005,51,22,142,1,2879.69,0,2879.69
2849,20250512,86,11,287,3,4002.37,10,10806.4
2850,20251030,72,11,338,1,1667.62,10,1500.86
2851,20240627,52,22,,2,2796.94,5,5314.19
2852,20240822,74,24,188,1,3249.83,0,3249.83
2853,20241010,102,16,,1,616.26,5,585.45
2854,20240627,120,21,189,1,5078.17,20,4062.54
2855,20241001,10,3,345,1,3316.3,0,3316.3
2856,20240118,73,22,,2,6348.65,5,12062.43
2857,20240804,76,11,255,1,5042.37,0,5042.37
2858,20250503,103,1,10,1,5201.47,0,5201.47
2859,20240611,86,1,,2,4002.37,0,8004.74
2860,20240519,94,22,,1,1460.17,15,1241.14
2861,20250808,32,25,318,1,1604.88,0,1604.88
2862,20251024,59,13,,3,2020.12,0,6060.36
2863,20240316,22,14,248,1,6438.69,10,5794.82
2864,20240708,17,15,346,2,1735.19,0,3470.38
2865,20241213,90,19,274,1,3873.38,5,3679.71
2866,20250306,46,8,107,3,4179.48,5,11911.52
2867,20251216,89,10,309,1,4062.25,10,3656.03
2868,20241202,40,7,,1,6858.19,5,6515.28
2869,20250815,82,11,64,1,3179.41,0,3179.41
2870,20250823,9,12,397,1,4835.47,10,4351.92
2871,20241005,37,19,146,1,3761.37,5,3573.3
2872,20240102,18,14,238,1,5185.3,0,5185.3
2873,20251112,98,14,153,1,850.73,5,808.19
2874,20241112,114,3,104,1,3973.22,0,3973.22
2875,20251208,5,9,17,1,2284.3,0,2284.3
2876,20241118,90,8,20,1,3873.38,0,3873.38
2877,20241005,73,14,238,1,6348.65,0,6348.65
2878,20251012,73,21,292,1,6348.65,0,6348.65
2879,20240729,7,23,239,2,4794.43,0,9588.86
2880,20241224,15,6,237,1,4621.37,0,4621.37
2881,20241102,31,3,315,1,7243.85,0,7243.85
2882,20250727,108,19,314,1,3374.55,15,2868.37
2883,20250227,85,14,170,2,6169.54,15,10488.22
2884,20241026,96,8,132,2,3006.66,10,5411.99
2885,20241108,79,4,309,1,1528.97,10,1376.07
2886,20240905,107,23,133,1,1952.14,0,1952.14
2887,20240819,74,9,136,1,3249.83,10,2924.85
2888,20251104,90,18,115,1,3873.38,0,3873.38
2889,20250306,17,20,371,3,1735.19,20,4164.46
2890,20251116,105,18,268,1,2890.92,15,2457.28
2891,20240412,32,6,5,4,1604.88,10,5777.57
2892,20250401,17,2,59,2,1735.19,10,3123.34
2893,20250505,42,10,266,1,2401.74,0,2401.74
2894,20251227,101,14,242,2,1131.31,0,2262.62
2895,20240508,5,8,,1,2284.3,5,2170.09
2896,20241107,49,3,313,1,3974.14,0,3974.14
2897,20240129,19,24,55,1,3799.68,0,3799.68
2898,20250417,43,13,271,2,3747.63,0,7495.26
2899,20241204,75,11,242,3,2266.5,5,6459.52
2900,20250316,104,3,313,1,6527.04,0,6527.04
2901,20251223,47,18,133,1,2706.69,0,2706.69
2902,20240814,11,3,278,1,5902.88,0,5902.88
2903,20240728,38,6,209,1,1729.74,5,1643.25
2904,20240518,5,8,235,1,2284.3,0,2284.3
2905,20240731,84,4,,1,4822.61,0,4822.61
2906,20250816,54,17,346,2,2808.33,0,5616.66
2907,20250707,107,1,,2,1952.14,20,3123.42
2908,20251028,41,23,73,1,5693.66,0,5693.66
2909,20250819,7,5,335,1,4794.43,5,4554.71
2910,20250513,57,10,,1,3796.83,20,3037.46
2911,20241105,27,11,,1,1220.37,10,1098.33
2912,20250110,7,6,287,1,4794.43,0,4794.43
2913,20250204,44,6,173,2,4747.67,10,8545.81
2914,20240612,26,7,79,1,1355.83,0,1355.83
2915,20240519,3,5,294,4,2631.02,0,10524.08
2916,20240111,30,1,130,1,3704.61,0,3704.61
2917,20251209,16,22,234,1,4330.21,10,3897.19
2918,20250324,110,14,245,1,3839.63,0,3839.63
2919,20241118,32,24,,1,1604.88,0,1604.88
2920,20240227,11,6,377,1,5902.88,10,5312.59
2921,20250514,22,8,,1,6438.69,15,5472.89
2922,20240514,6,5,235,1,843.99,20,675.19
2923,20250818,104,24,395,1,6527.04,0,6527.04
2924,20240615,21,22,150,1,1209.52,0,1209.52
2925,20250325,105,24,133,1,2890.92,0,2890.92
2926,20240414,107,16,354,1,1952.14,10,1756.93
2927,20250227,14,20,308,3,4823.13,0,14469.39
2928,20240927,7,13,278,1,4794.43,15,4075.27
2929,20250327,20,22,76,1,1915.63,15,1628.29
2930,20240306,24,5,21,2,3205.37,5,6090.2
2931,20251205,44,13,274,1,4747.67,0,4747.67
2932,20250603,93,24,127,1,4029.05,5,3827.6
2933,20250407,74,25,96,1,3249.83,0,3249.83
2934,20240218,16,17,263,1,4330.21,5,4113.7
2935,20251205,71,14,381,1,3918.6,5,3722.67
2936,20240316,59,2,249,1,2020.12,0,2020.12
2937,20251006,120,8,181,1,5078.17,20,4062.54
2938,20250924,33,23,307,1,2291.4,15,1947.69
2939,20240422,64,4,73,3,4068.92,15,10375.75
2940,20240917,32,8,94,1,1604.88,0,1604.88
2941,20241023,20,5,91,1,1915.63,0,1915.63
2942,20240923,76,21,99,3,5042.37,5,14370.75
2943,20240102,89,18,104,4,4062.25,0,16249.0
2944,20250329,113,1,266,1,4385.13,5,4165.87
2945,20241204,2,9,86,1,882.35,0,882.35
2946,20251130,49,25,179,1,3974.14,10,3576.73
2947,20241116,25,22,132,1,659.99,15,560.99
2948,20250210,55,21,82,3,735.67,5,2096.66
2949,20241120,54,8,232,3,2808.33,0,8424.99
2950,20240623,21,12,9,1,1209.52,15,1028.09
2951,20241223,70,3,310,1,3349.78,5,3182.29
2952,20250809,93,6,147,1,4029.05,0,4029.05
2953,20250224,28,2,163,1,3988.05,5,3788.65
2954,20250818,52,8,238,1,2796.94,10,2517.25
2955,20251023,53,6,371,1,1453.18,10,1307.86
2956,20240703,6,14,172,1,843.99,5,801.79
2957,20240128,83,22,50,1,2689.64,5,2555.16
2958,20240816,84,18,21,1,4822.61,5,4581.48
2959,20240817,91,6,,1,6185.93,0,6185.93
2960,20240604,13,6,191,2,4729.21,0,9458.42
2961,20240425,92,12,223,1,2008.22,0,2008.22
2962,20250215,39,1,299,1,3883.73,0,3883.73
2963,20250723,69,2,157,2,2128.62,10,3831.52
2964,20251120,1,2,91,1,1005.84,0,1005.84
2965,20250524,57,21,126,2,3796.83,0,7593.66
2966,20250201,82,13,205,2,3179.41,10,5722.94
2967,20240501,77,14,112,1,5233.57,0,5233.57
2968,20250917,19,23,75,1,3799.68,0,3799.68
2969,20240118,40,23,,1,6858.19,5,6515.28
2970,20250628,28,4,249,3,3988.05,15,10169.53
2971,20250804,99,23,47,1,4915.0,5,4669.25
2972,20240606,106,25,313,1,717.87,5,681.98
2973,20250812,89,17,,1,4062.25,5,3859.14
2974,20240423,95,18,,1,3960.41,0,3960.41
2975,20250223,3,24,87,2,2631.02,0,5262.04
2976,20241222,120,7,277,1,5078.17,0,5078.17
2977,20240712,112,4,,1,1434.74,0,1434.74
2978,20240702,35,8,121,1,3748.04,0,3748.04
2979,20241229,71,23,214,2,3918.6,5,7445.34
2980,20251106,100,19,32,1,4823.15,0,4823.15
2981,20251215,56,6,388,1,7088.96,0,7088.96
2982,20240820,23,18,106,2,5336.87,0,10673.74
2983,20250129,87,7,248,1,2952.23,5,2804.62
2984,20250601,44,21,324,3,4747.67,15,12106.56
2985,20250216,23,13,127,1,5336.87,0,5336.87
2986,20240421,1,3,340,1,1005.84,0,1005.84
2987,20240819,92,20,345,1,2008.22,0,2008.22
2988,20240817,45,6,308,2,1364.28,0,2728.56
2989,20250503,42,23,377,3,2401.74,0,7205.22
2990,20250508,64,13,,1,4068.92,10,3662.03
2991,20250114,106,19,326,2,717.87,0,1435.74
2992,20240412,110,21,127,2,3839.63,5,7295.3
2993,20250423,78,15,60,1,1807.55,0,1807.55
2994,20240423,46,19,274,1,4179.48,0,4179.48
2995,20241102,45,22,377,1,1364.28,20,1091.42
2996,20240603,90,13,357,3,3873.38,0,11620.14
2997,20250128,98,6,182,1,850.73,0,850.73
2998,20241127,58,7,260,1,5200.5,15,4420.43
2999,20240615,44,11,140,1,4747.67,5,4510.29
3000,20240110,98,15,70,1,850.73,5,808.19
3001,20250331,35,21,392,1,3748.04,0,3748.04
3002,20241107,9,25,317,1,4835.47,0,4835.47
3003,20240104,71,20,352,1,3918.6,0,3918.6
3004,20241226,88,20,146,1,2796.03,0,2796.03
3005,20250605,25,20,155,1,659.99,0,659.99
3006,20241022,108,15,323,1,3374.55,0,3374.55
3007,20250818,69,18,195,1,2128.62,5,2022.19
3008,20240129,34,10,310,1,1322.31,5,1256.19
3009,20250207,113,1,88,1,4385.13,15,3727.36
3010,20240202,21,13,235,1,1209.52,0,1209.52
3011,20250720,78,2,,1,1807.55,0,1807.55
3012,20240915,46,17,114,1,4179.48,15,3552.56
3013,20250809,72,7,22,1,1667.62,0,1667.62
3014,20250707,71,8,378,1,3918.6,10,3526.74
3015,20240418,71,12,122,1,3918.6,15,3330.81
3016,20250402,101,12,25,1,1131.31,0,1131.31
3017,20241219,93,13,207,1,4029.05,15,3424.69
3018,20250902,46,21,184,1,4179.48,0,4179.48
3019,20240924,99,19,225,4,4915.0,5,18677.0
3020,20241028,56,15,258,2,7088.96,15,12051.23
3021,20240120,84,4,83,1,4822.61,5,4581.48
3022,20240205,4,4,105,1,1722.15,15,1463.83
3023,20240505,7,8,152,1,4794.43,20,3835.54
3024,20240514,77,20,202,1,5233.57,5,4971.89
3025,20250308,72,13,192,1,1667.62,15,1417.48
3026,20250121,19,25,166,3,3799.68,5,10829.09
3027,20250322,112,16,218,2,1434.74,0,2869.48
3028,20240704,16,20,,1,4330.21,15,3680.68
3029,20251025,85,10,16,1,6169.54,0,6169.54
3030,20250202,39,18,167,1,3883.73,0,3883.73
3031,20250323,42,6,,2,2401.74,0,4803.48
3032,20240818,41,1,42,3,5693.66,0,17080.98
3033,20241222,28,4,306,1,3988.05,5,3788.65
3034,20250207,17,22,47,3,1735.19,0,5205.57
3035,20250428,31,25,325,3,7243.85,0,21731.55
3036,20250311,99,9,280,2,4915.0,5,9338.5
3037,20250723,42,23,284,1,2401.74,0,2401.74
3038,20251115,40,6,178,1,6858.19,10,6172.37
3039,20240413,52,4,168,1,2796.94,5,2657.09
3040,20250404,9,2,27,1,4835.47,5,4593.7
3041,20250106,40,20,,1,6858.19,0,6858.19
3042,20250427,30,25,110,1,3704.61,0,3704.61
3043,20250324,112,17,375,1,1434.74,10,1291.27
3044,20250417,16,12,360,2,4330.21,5,8227.4
3045,20240723,34,10,309,1,1322.31,0,1322.31
3046,20250515,66,18,,1,6204.11,0,6204.11
3047,20250307,11,3,123,2,5902.88,0,11805.76
3048,20250907,24,14,263,1,3205.37,0,3205.37
3049,20240628,104,18,,2,6527.04,0,13054.08
3050,20250501,26,1,285,1,1355.83,0,1355.83
3051,20240305,41,6,355,1,5693.66,0,5693.66
3052,20251107,28,11,248,2,3988.05,10,7178.49
3053,20240221,13,17,55,1,4729.21,5,4492.75
3054,20240711,38,9,255,1,1729.74,0,1729.74
3055,20250122,120,6,204,1,5078.17,0,5078.17
3056,20241113,29,7,70,1,1567.62,5,1489.24
3057,20250120,81,14,175,1,1242.05,5,1179.95
3058,20250822,102,1,58,1,616.26,5,585.45
3059,20241214,62,8,273,3,978.5,10,2641.95
3060,20251201,91,11,361,1,6185.93,5,5876.63
3061,20251110,67,10,88,1,4800.44,0,4800.44
3062,20250610,100,17,385,3,4823.15,10,13022.5
3063,20250921,93,15,225,1,4029.05,15,3424.69
3064,20250114,106,25,169,1,717.87,5,681.98
3065,20250616,17,17,304,1,1735.19,0,1735.19
3066,20250327,96,19,276,1,3006.66,15,2555.66
3067,20251008,108,3,154,1,3374.55,0,3374.55
3068,20250915,117,15,237,1,5631.66,0,5631.66
3069,20250817,68,10,135,3,1648.1,10,4449.87
3070,20240929,102,7,390,2,616.26,0,1232.52
3071,20250204,67,4,,2,4800.44,5,9120.84
3072,20240802,68,17,223,2,1648.1,0,3296.2
3073,20240324,74,8,252,2,3249.83,0,6499.66
3074,20241210,74,1,12,2,3249.83,5,6174.68
3075,20250809,81,6,228,1,1242.05,0,1242.05
3076,20241119,19,18,217,1,3799.68,0,3799.68
3077,20250117,12,21,161,2,1690.47,0,3380.94
3078,20240122,97,24,384,1,4779.12,10,4301.21
3079,20241122,25,5,11,2,659.99,0,1319.98
3080,20250812,31,19,,1,7243.85,10,6519.47
3081,20240508,110,19,158,1,3839.63,10,3455.67
3082,20241223,16,8,22,1,4330.21,5,4113.7
3083,20241201,106,18,258,2,717.87,0,1435.74
3084,20241201,8,5,366,1,3576.07,0,3576.07
3085,20241217,120,23,272,1,5078.17,0,5078.17
3086,20250215,18,15,,1,5185.3,0,5185.3
3087,20250905,52,19,181,1,2796.94,5,2657.09
3088,20251222,1,21,165,4,1005.84,20,3218.69
3089,20250316,12,12,150,1,1690.47,0,1690.47
3090,20251028,43,13,123,1,3747.63,5,3560.25
3091,20241231,45,4,149,1,1364.28,20,1091.42
3092,20250920,6,22,261,3,843.99,0,2531.97
3093,20240705,59,1,279,1,2020.12,20,1616.1
3094,20251027,49,14,,3,3974.14,0,11922.42
3095,20250617,11,13,132,1,5902.88,5,5607.74
3096,20250226,10,2,320,4,3316.3,0,13265.2
3097,20241127,82,7,326,3,3179.41,0,9538.23
3098,20240928,6,12,20,1,843.99,5,801.79
3099,20240102,18,16,5,1,5185.3,0,5185.3
3100,20240801,55,5,261,2,735.67,0,1471.34
3101,20240922,87,9,271,2,2952.23,0,5904.46
3102,20241120,102,7,295,1,616.26,10,554.63
3103,20250304,64,13,388,2,4068.92,5,7730.95
3104,20250913,81,23,292,1,1242.05,0,1242.05
3105,20241011,79,17,139,2,1528.97,10,2752.15
3106,20241225,15,23,393,1,4621.37,5,4390.3
3107,20250409,18,16,137,2,5185.3,0,10370.6
3108,20250311,104,18,62,2,6527.04,10,11748.67
3109,20241004,100,24,18,1,4823.15,15,4099.68
3110,20250827,65,25,34,1,3541.34,0,3541.34
3111,20250426,57,21,263,1,3796.83,0,3796.83
3112,20250218,37,25,8,2,3761.37,0,7522.74
3113,20240109,78,1,58,3,1807.55,0,5422.65
3114,20250608,106,21,12,1,717.87,0,717.87
3115,20240516,45,9,21,3,1364.28,0,4092.84
3116,20240623,111,8,313,1,1506.58,5,1431.25
3117,20250406,60,5,,2,4273.1,0,8546.2
3118,20240227,91,23,303,2,6185.93,0,12371.86
3119,20250801,28,6,400,1,3988.05,5,3788.65
3120,20240318,8,20,316,1,3576.07,20,2860.86
3121,20240527,19,25,239,1,3799.68,5,3609.7
3122,20250725,61,5,131,2,5731.62,5,10890.08
3123,20240728,24,6,254,2,3205.37,10,5769.67
3124,20240708,38,1,356,1,1729.74,0,1729.74
3125,20250305,13,4,319,1,4729.21,0,4729.21
3126,20250126,68,14,,1,1648.1,0,1648.1
3127,20240113,20,18,356,1,1915.63,0,1915.63
3128,20240604,100,2,,1,4823.15,10,4340.84
3129,20250204,115,14,36,1,2419.05,0,2419.05
3130,20250710,75,1,,1,2266.5,5,2153.17
3131,20240131,8,4,70,1,3576.07,10,3218.46
3132,20240113,4,15,237,1,1722.15,10,1549.94
3133,20240205,84,15,48,1,4822.61,0,4822.61
3134,20250124,73,2,242,2,6348.65,5,12062.43
3135,20250522,19,6,130,1,3799.68,15,3229.73
3136,20241013,96,14,254,1,3006.66,0,3006.66
3137,20240311,61,1,157,1,5731.62,0,5731.62
3138,20240528,106,8,151,2,717.87,15,1220.38
3139,20240514,24,12,332,1,3205.37,0,3205.37
3140,20240704,28,19,43,1,3988.05,5,3788.65
3141,20251111,94,1,157,2,1460.17,0,2920.34
3142,20250430,114,6,12,1,3973.22,0,3973.22
3143,20251018,81,12,116,3,1242.05,0,3726.15
3144,20240321,84,15,154,2,4822.61,0,9645.22
3145,20251124,18,9,355,1,5185.3,0,5185.3
3146,20240424,49,2,55,1,3974.14,0,3974.14
3147,20250703,75,3,221,1,2266.5,0,2266.5
3148,20251220,37,24,275,2,3761.37,0,7522.74
3149,20250723,55,17,65,1,735.67,0,735.67
3150,20240301,117,1,138,1,5631.66,0,5631.66
3151,20250607,96,8,337,1,3006.66,0,3006.66
3152,20250801,15,19,,1,4621.37,10,4159.23
3153,20240513,11,14,26,1,5902.88,5,5607.74
3154,20250625,120,25,104,1,5078.17,20,4062.54
3155,20251002,17,7,118,1,1735.19,0,1735.19
3156,20250323,35,15,21,1,3748.04,0,3748.04
3157,20250810,68,14,222,1,1648.1,5,1565.69
3158,20240110,22,3,103,2,6438.69,0,12877.38
3159,20240531,111,1,169,1,1506.58,0,1506.58
3160,20240811,1,2,,1,1005.84,0,1005.84
3161,20241025,96,23,233,1,3006.66,0,3006.66
3162,20240105,1,17,394,2,1005.84,20,1609.34
3163,20240504,33,4,2,1,2291.4,20,1833.12
3164,20240404,50,19,322,1,3814.05,0,3814.05
3165,20251202,64,7,380,2,4068.92,5,7730.95
3166,20250814,94,15,317,1,1460.17,0,1460.17
3167,20241210,39,18,43,3,3883.73,10,10486.07
3168,20250714,55,16,199,1,735.67,0,735.67
3169,20250903,105,19,351,1,2890.92,0,2890.92
3170,20240409,93,8,43,3,4029.05,0,12087.15
3171,20240328,41,3,285,1,5693.66,5,5408.98
3172,20241203,65,5,159,1,3541.34,0,3541.34
3173,20251013,34,22,,1,1322.31,0,1322.31
3174,20240901,36,14,229,1,682.61,15,580.22
3175,20250913,77,9,361,1,5233.57,0,5233.57
3176,20250328,19,23,,1,3799.68,0,3799.68
3177,20251021,93,1,362,2,4029.05,15,6849.39
3178,20251206,65,5,335,1,3541.34,0,3541.34
3179,20241022,1,5,201,1,1005.84,0,1005.84
3180,20250527,114,3,353,1,3973.22,0,3973.22
3181,20240820,102,12,99,1,616.26,0,616.26
3182,20240815,45,15,,1,1364.28,0,1364.28
3183,20240406,99,18,283,2,4915.0,0,9830.0
3184,20240428,88,14,322,1,2796.03,5,2656.23
3185,20241201,45,19,,1,1364.28,15,1159.64
3186,20240427,114,2,,1,3973.22,0,3973.22
3187,20240927,55,14,,1,735.67,5,698.89
3188,20250618,19,15,,1,3799.68,15,3229.73
3189,20240628,26,5,322,1,1355.83,0,1355.83
3190,20240508,4,21,273,2,1722.15,0,3444.3
3191,20250315,56,25,396,2,7088.96,15,12051.23
3192,20240921,40,13,157,1,6858.19,15,5829.46
3193,20250326,54,8,154,1,2808.33,20,2246.66
3194,20240419,80,3,4,1,5880.6,5,5586.57
3195,20251002,27,24,77,1,1220.37,0,1220.37
3196,20250307,11,16,274,1,5902.88,15,5017.45
3197,20240413,96,22,235,1,3006.66,0,3006.66
3198,20250408,1,17,215,2,1005.84,0,2011.68
3199,20241225,120,23,79,2,5078.17,0,10156.34
3200,20240319,119,20,210,2,2956.72,0,5913.44
3201,20241003,102,20,240,2,616.26,5,1170.89
3202,20250815,8,21,8,1,3576.07,20,2860.86
3203,20240421,104,17,290,1,6527.04,0,6527.04
3204,20240529,17,8,140,2,1735.19,0,3470.38
3205,20241110,93,14,386,1,4029.05,0,4029.05
3206,20240423,20,3,327,1,1915.63,0,1915.63
3207,20241230,21,12,89,1,1209.52,0,1209.52
3208,20251208,36,10,46,2,682.61,0,1365.22
3209,20251228,79,16,280,1,1528.97,0,1528.97
3210,20250419,32,1,220,1,1604.88,0,1604.88
3211,20251124,76,10,258,2,5042.37,5,9580.5
3212,20250624,67,9,215,1,4800.44,20,3840.35
3213,20250218,34,25,,2,1322.31,10,2380.16
3214,20240214,24,3,190,1,3205.37,5,3045.1
3215,20241012,11,24,16,1,5902.88,0,5902.88
3216,20241114,79,24,218,1,1528.97,15,1299.62
3217,20250523,19,4,329,2,3799.68,0,7599.36
3218,20240229,26,6,,1,1355.83,0,1355.83
3219,20250402,71,19,26,1,3918.6,10,3526.74
3220,20240203,2,7,244,2,882.35,0,1764.7
3221,20251207,64,24,,2,4068.92,10,7324.06
3222,20250722,54,2,54,2,2808.33,10,5054.99
3223,20240608,98,12,316,4,850.73,20,2722.34
3224,20250603,34,4,146,2,1322.31,5,2512.39
3225,20250620,43,12,322,1,3747.63,0,3747.63
3226,20250324,44,8,85,2,4747.67,0,9495.34
3227,20240619,72,17,228,1,1667.62,0,1667.62
3228,20240520,100,15,29,2,4823.15,0,9646.3
3229,20250301,14,14,,1,4823.13,0,4823.13
3230,20250922,61,5,104,1,5731.62,15,4871.88
3231,20250825,82,13,252,2,3179.41,0,6358.82
3232,20250511,44,8,,2,4747.67,5,9020.57
3233,20240418,116,1,147,1,6480.7,5,6156.66
3234,20250716,47,12,257,1,2706.69,0,2706.69
3235,20240920,86,10,394,1,4002.37,15,3402.01
3236,20240709,21,4,20,2,1209.52,0,2419.04
3237,20251115,98,13,234,1,850.73,5,808.19
3238,20240121,50,15,183,1,3814.05,5,3623.35
3239,20240501,32,19,187,1,1604.88,15,1364.15
3240,20240525,12,11,,1,1690.47,0,1690.47
3241,20241101,106,5,3,1,717.87,0,717.87
3242,20240721,47,2,333,1,2706.69,0,2706.69
3243,20240609,37,7,356,1,3761.37,0,3761.37
3244,20240815,74,5,150,1,3249.83,0,3249.83
3245,20240111,39,4,308,2,3883.73,0,7767.46
3246,20240116,41,8,,1,5693.66,15,4839.61
3247,20250121,61,24,366,1,5731.62,0,5731.62
3248,20241024,52,23,119,1,2796.94,15,2377.4
3249,20241203,30,10,48,1,3704.61,0,3704.61
3250,20240501,113,25,256,1,4385.13,10,3946.62
3251,20240608,63,17,300,2,4196.34,10,7553.41
3252,20240505,41,16,173,1,5693.66,10,5124.29
3253,20240423,18,18,230,3,5185.3,0,15555.9
3254,20240410,18,8,392,1,5185.3,0,5185.3
3255,20241215,47,9,328,1,2706.69,5,2571.36
3256,20250904,60,6,197,1,4273.1,0,4273.1
3257,20241026,56,25,190,2,7088.96,0,14177.92
3258,20250418,60,5,,1,4273.1,0,4273.1
3259,20250416,27,2,238,1,1220.37,0,1220.37
3260,20240926,97,21,329,2,4779.12,0,9558.24
3261,20240303,28,4,158,4,3988.05,0,15952.2
3262,20240709,114,15,38,2,3973.22,0,7946.44
3263,20241128,91,15,197,1,6185.93,5,5876.63
3264,20241206,34,25,351,1,1322.31,20,1057.85
3265,20250406,24,18,154,4,3205.37,0,12821.48
3266,20250314,33,5,,1,2291.4,0,2291.4
3267,20240730,19,16,362,1,3799.68,0,3799.68
3268,20250715,118,13,355,1,5698.72,5,5413.78
3269,20240811,115,17,259,2,2419.05,5,4596.19
3270,20250220,115,22,135,1,2419.05,15,2056.19
3271,20250206,76,22,30,1,5042.37,10,4538.13
3272,20240828,34,1,14,1,1322.31,15,1123.96
3273,20250910,99,5,296,1,4915.0,0,4915.0
3274,20241201,77,15,132,2,5233.57,0,10467.14
3275,20251129,84,24,231,1,4822.61,0,4822.61
3276,20250901,113,15,174,1,4385.13,0,4385.13
3277,20240319,76,23,124,2,5042.37,0,10084.74
3278,20240530,109,6,207,2,2954.88,0,5909.76
3279,20240730,24,2,90,3,3205.37,0,9616.11
3280,20240415,14,25,,1,4823.13,0,4823.13
3281,20250516,55,20,252,1,735.67,0,735.67
3282,20241028,21,20,191,1,1209.52,0,1209.52
3283,20250719,52,19,17,1,2796.94,15,2377.4
3284,20250311,75,1,92,1,2266.5,15,1926.52
3285,20250227,73,18,,4,6348.65,15,21585.41
3286,20240707,87,13,40,1,2952.23,0,2952.23
3287,20240314,58,15,389,1,5200.5,0,5200.5
3288,20240323,52,7,399,1,2796.94,0,2796.94
3289,20240112,5,10,107,1,2284.3,10,2055.87
3290,20240706,33,9,115,2,2291.4,10,4124.52
3291,20250327,21,19,228,1,1209.52,0,1209.52
3292,20250722,1,18,289,1,1005.84,0,1005.84
3293,20241128,34,2,180,1,1322.31,5,1256.19
3294,20250717,42,4,113,2,2401.74,0,4803.48
3295,20250418,90,6,253,1,3873.38,10,3486.04
3296,20240612,115,19,199,1,2419.05,5,2298.1
3297,20241101,99,19,31,1,4915.0,0,4915.0
3298,20250305,58,13,88,1,5200.5,0,5200.5
3299,20251021,39,12,302,1,3883.73,5,3689.54
3300,20251003,76,12,,2,5042.37,0,10084.74
3301,20250713,56,10,215,2,7088.96,20,11342.34
3302,20250226,109,1,280,1,2954.88,5,2807.14
3303,20240415,73,6,85,1,6348.65,0,6348.65
3304,20250115,100,10,122,1,4823.15,0,4823.15
3305,20250709,74,2,89,2,3249.83,0,6499.66
3306,20240716,32,7,86,1,1604.88,0,1604.88
3307,20240606,104,12,170,1,6527.04,20,5221.63
3308,20240426,80,24,173,1,5880.6,10,5292.54
3309,20251130,115,2,208,1,2419.05,10,2177.15
3310,20250727,37,23,320,1,3761.37,10,3385.23
3311,20240716,113,6,127,1,4385.13,0,4385.13
3312,20250312,17,1,14,1,1735.19,5,1648.43
3313,20250705,83,8,138,2,2689.64,0,5379.28
3314,20250816,8,15,385,1,3576.07,0,3576.07
3315,20250918,77,20,29,1,5233.57,0,5233.57
3316,20250523,52,7,,1,2796.94,5,2657.09
3317,20241011,21,3,197,1,1209.52,10,1088.57
3318,20241001,83,3,230,1,2689.64,20,2151.71
3319,20240410,76,5,229,1,5042.37,0,5042.37
3320,20250508,48,8,66,3,2551.26,10,6888.4
3321,20241007,61,11,261,1,5731.62,0,5731.62
3322,20250127,14,5,318,1,4823.13,0,4823.13
3323,20240822,4,1,82,1,1722.15,15,1463.83
3324,20241002,41,5,98,1,5693.66,0,5693.66
3325,20241228,89,8,182,1,4062.25,0,4062.25
3326,20240802,93,25,298,1,4029.05,0,4029.05
3327,20251113,108,2,227,1,3374.55,5,3205.82
3328,20251015,18,9,65,1,5185.3,5,4926.03
3329,20240514,20,3,121,2,1915.63,0,3831.26
3330,20251122,42,23,57,1,2401.74,5,2281.65
3331,20240108,39,25,253,1,3883.73,0,3883.73
3332,20250126,107,19,107,2,1952.14,10,3513.85
3333,20250826,76,18,49,1,5042.37,5,4790.25
3334,20240228,22,11,278,1,6438.69,20,5150.95
3335,20241008,8,17,258,2,3576.07,0,7152.14
3336,20250623,68,7,278,1,1648.1,10,1483.29
3337,20251217,56,23,70,1,7088.96,0,7088.96
3338,20250604,35,13,338,1,3748.04,0,3748.04
3339,20241108,119,7,327,2,2956.72,5,5617.77
3340,20240323,101,19,285,1,1131.31,0,1131.31
3341,20241224,2,25,94,1,882.35,10,794.12
3342,20251012,52,6,154,1,2796.94,5,2657.09
3343,20240712,76,25,93,1,5042.37,0,5042.37
3344,20240622,102,6,141,1,616.26,5,585.45
3345,20240628,77,1,311,2,5233.57,0,10467.14
3346,20240623,107,23,69,1,1952.14,0,1952.14
3347,20241216,106,2,185,1,717.87,0,717.87
3348,20250503,108,10,10,2,3374.55,5,6411.65
3349,20240221,95,25,,1,3960.41,0,3960.41
3350,20240724,69,20,83,1,2128.62,0,2128.62
3351,20240329,76,8,3,1,5042.37,0,5042.37
3352,20240122,120,17,249,1,5078.17,0,5078.17
3353,20241014,52,4,384,1,2796.94,10,2517.25
3354,20250430,56,5,112,2,7088.96,5,13469.02
3355,20241228,2,1,117,1,882.35,0,882.35
3356,20250309,12,15,338,1,1690.47,0,1690.47
3357,20240423,27,7,59,1,1220.37,15,1037.31
3358,20250924,34,10,223,1,1322.31,15,1123.96
3359,20240411,50,12,148,1,3814.05,5,3623.35
3360,20250415,23,15,199,1,5336.87,0,5336.87
3361,20250306,115,25,,2,2419.05,0,4838.1
3362,20240914,78,10,24,2,1807.55,15,3072.84
3363,20240312,61,11,52,1,5731.62,0,5731.62
3364,20240329,107,16,290,1,1952.14,0,1952.14
3365,20240706,6,6,113,1,843.99,0,843.99
3366,20240930,10,25,113,1,3316.3,0,3316.3
3367,20241209,102,7,200,1,616.26,0,616.26
3368,20240112,22,12,396,1,6438.69,5,6116.76
3369,20250122,108,25,287,1,3374.55,0,3374.55
3370,20250423,23,7,376,2,5336.87,0,10673.74
3371,20240113,1,20,257,2,1005.84,5,1911.1
3372,20241116,62,24,90,1,978.5,5,929.57
3373,20240828,42,25,9,2,2401.74,0,4803.48
3374,20240813,62,18,,1,978.5,0,978.5
3375,20250515,109,21,378,1,2954.88,0,2954.88
3376,20250601,117,17,109,1,5631.66,0,5631.66
3377,20250119,11,18,334,3,5902.88,0,17708.64
3378,20250301,33,14,68,1,2291.4,0,2291.4
3379,20240827,52,18,35,1,2796.94,0,2796.94
3380,20251211,12,17,265,2,1690.47,5,3211.89
3381,20240302,20,15,357,1,1915.63,10,1724.07
3382,20240112,100,17,21,1,4823.15,5,4581.99
3383,20250729,50,1,121,1,3814.05,10,3432.65
3384,20250314,5,11,117,2,2284.3,0,4568.6
3385,20250311,76,17,14,1,5042.37,5,4790.25
3386,20251112,28,1,242,2,3988.05,15,6779.69
3387,20240503,71,5,94,1,3918.6,15,3330.81
3388,20250501,117,19,398,1,5631.66,0,5631.66
3389,20250608,58,17,221,1,5200.5,0,5200.5
3390,20241203,87,20,24,1,2952.23,10,2657.01
3391,20250809,54,7,87,1,2808.33,5,2667.91
3392,20250530,97,16,13,2,4779.12,0,9558.24
3393,20251014,42,1,327,1,2401.74,0,2401.74
3394,20240430,89,15,,1,4062.25,5,3859.14
3395,20251217,98,3,206,1,850.73,0,850.73
3396,20250220,51,7,32,2,2879.69,0,5759.38
3397,20240615,74,22,8,1,3249.83,15,2762.36
3398,20250817,75,6,261,2,2266.5,0,4533.0
3399,20250803,105,18,252,1,2890.92,0,2890.92
3400,20251220,42,25,120,1,2401.74,0,2401.74
3401,20240107,69,14,158,1,2128.62,0,2128.62
3402,20250824,38,6,,2,1729.74,5,3286.51
3403,20251204,86,8,45,1,4002.37,0,4002.37
3404,20241130,39,22,308,1,3883.73,0,3883.73
3405,20250102,100,19,215,1,4823.15,20,3858.52
3406,20250905,23,3,276,1,5336.87,0,5336.87
3407,20240921,78,17,140,1,1807.55,15,1536.42
3408,20241011,85,8,358,1,6169.54,15,5244.11
3409,20251125,106,24,,2,717.87,0,1435.74
3410,20250427,65,1,193,3,3541.34,0,10624.02
3411,20240815,87,4,331,1,2952.23,10,2657.01
3412,20240223,14,13,130,2,4823.13,5,9163.95
3413,20251104,19,21,169,1,3799.68,15,3229.73
3414,20240217,15,16,,1,4621.37,0,4621.37
3415,20251007,39,2,25,1,3883.73,0,3883.73
3416,20250706,5,17,34,1,2284.3,0,2284.3
3417,20250625,22,20,282,1,6438.69,15,5472.89
3418,20241030,107,10,168,2,1952.14,0,3904.28
3419,20240120,59,5,338,1,2020.12,0,2020.12
3420,20250801,24,21,324,1,3205.37,0,3205.37
3421,20250706,1,14,351,1,1005.84,5,955.55
3422,20250129,110,4,242,1,3839.63,0,3839.63
3423,20250724,5,17,9,1,2284.3,0,2284.3
3424,20240228,82,25,216,1,3179.41,15,2702.5
3425,20240927,36,9,305,1,682.61,5,648.48
3426,20251019,33,11,349,2,2291.4,0,4582.8
3427,20240107,11,6,,2,5902.88,10,10625.18
3428,20251104,19,10,192,1,3799.68,5,3609.7
3429,20250822,12,5,235,1,1690.47,0,1690.47
3430,20250718,117,9,208,2,5631.66,15,9573.82
3431,20240301,32,20,390,1,1604.88,0,1604.88
3432,20241027,32,13,392,2,1604.88,0,3209.76
3433,20241226,46,8,218,1,4179.48,10,3761.53
3434,20251217,69,15,399,3,2128.62,5,6066.57
3435,20240905,112,13,140,2,1434.74,15,2439.06
3436,20250713,19,4,368,1,3799.68,20,3039.74
3437,20240911,67,12,365,1,4800.44,0,4800.44
3438,20240721,17,8,196,1,1735.19,0,1735.19
3439,20251001,68,14,38,1,1648.1,5,1565.69
3440,20250803,105,16,342,3,2890.92,0,8672.76
3441,20240221,33,6,199,1,2291.4,20,1833.12
3442,20250731,80,5,,1,5880.6,0,5880.6
3443,20250409,120,19,91,1,5078.17,0,5078.17
3444,20250916,76,20,80,1,5042.37,5,4790.25
3445,20250715,32,7,284,2,1604.88,10,2888.78
3446,20250213,72,17,254,1,1667.62,0,1667.62
3447,20250320,2,10,131,1,882.35,0,882.35
3448,20240914,115,20,49,1,2419.05,5,2298.1
3449,20240713,98,20,,4,850.73,0,3402.92
3450,20240131,1,3,26,1,1005.84,5,955.55
3451,20250422,120,13,316,2,5078.17,15,8632.89
3452,20241108,95,21,18,2,3960.41,5,7524.78
3453,20250731,10,7,9,1,3316.3,10,2984.67
3454,20250522,42,5,279,1,2401.74,0,2401.74
3455,20250919,70,14,344,1,3349.78,0,3349.78
3456,20251114,90,5,6,1,3873.38,20,3098.7
3457,20251026,20,2,120,1,1915.63,0,1915.63
3458,20250806,120,16,220,1,5078.17,10,4570.35
3459,20250929,34,18,206,1,1322.31,15,1123.96
3460,20250712,118,2,190,1,5698.72,0,5698.72
3461,20240105,11,16,126,1,5902.88,0,5902.88
3462,20250922,53,14,270,1,1453.18,0,1453.18
3463,20250506,20,25,376,1,1915.63,10,1724.07
3464,20240107,40,8,158,1,6858.19,0,6858.19
3465,20240616,41,8,337,1,5693.66,5,5408.98
3466,20241119,109,13,,1,2954.88,0,2954.88
3467,20240720,83,6,,4,2689.64,0,10758.56
3468,20240819,54,3,391,1,2808.33,20,2246.66
3469,20240530,89,11,382,2,4062.25,5,7718.27
3470,20240313,76,7,100,1,5042.37,0,5042.37
3471,20241101,94,6,159,1,1460.17,0,1460.17
3472,20250717,78,1,253,1,1807.55,0,1807.55
3473,20250701,54,5,162,4,2808.33,15,9548.32
3474,20240106,89,16,40,2,4062.25,5,7718.27
3475,20250427,81,2,353,1,1242.05,10,1117.85
3476,20241231,12,16,337,1,1690.47,0,1690.47
3477,20241221,11,9,99,4,5902.88,0,23611.52
3478,20240316,72,12,177,1,1667.62,5,1584.24
3479,20240407,42,15,368,2,2401.74,0,4803.48
3480,20250109,32,20,204,1,1604.88,0,1604.88
3481,20250429,1,2,301,1,1005.84,10,905.26
3482,20240113,92,10,160,1,2008.22,0,2008.22
3483,20240119,98,8,365,1,850.73,0,850.73
3484,20250706,4,22,196,1,1722.15,0,1722.15
3485,20240210,31,17,279,1,7243.85,5,6881.66
3486,20241012,81,23,338,1,1242.05,0,1242.05
3487,20240604,51,11,358,1,2879.69,20,2303.75
3488,20250126,37,23,308,1,3761.37,0,3761.37
3489,20240830,44,24,103,1,4747.67,0,4747.67
3490,20250424,39,9,258,3,3883.73,15,9903.51
3491,20250318,63,2,310,1,4196.34,20,3357.07
3492,20240213,77,6,,1,5233.57,0,5233.57
3493,20251217,79,3,371,2,1528.97,5,2905.04
3494,20241015,111,8,,1,1506.58,10,1355.92
3495,20240528,104,13,50,1,6527.04,0,6527.04
3496,20241212,72,2,205,1,1667.62,5,1584.24
3497,20240424,77,21,152,4,5233.57,10,18840.85
3498,20251119,21,5,,1,1209.52,15,1028.09
3499,20251125,1,16,140,1,1005.84,0,1005.84
3500,20250506,93,23,30,2,4029.05,5,7655.19
3501,20251126,99,5,101,1,4915.0,10,4423.5
3502,20241023,50,24,,1,3814.05,0,3814.05
3503,20240906,74,9,249,2,3249.83,20,5199.73
3504,20240515,112,14,168,2,1434.74,5,2726.01
3505,20240103,47,8,71,2,2706.69,0,5413.38
3506,20250701,39,1,249,2,3883.73,15,6602.34
3507,20240107,28,13,25,1,3988.05,10,3589.25
3508,20250206,31,2,123,1,7243.85,0,7243.85
3509,20240215,17,24,329,1,1735.19,5,1648.43
3510,20240929,108,1,301,1,3374.55,10,3037.1
3511,20250823,6,19,85,1,843.99,5,801.79
3512,20251016,4,5,12,1,1722.15,0,1722.15
3513,20251206,26,25,388,1,1355.83,0,1355.83
3514,20250903,47,8,295,1,2706.69,0,2706.69
3515,20250205,6,2,274,1,843.99,0,843.99
3516,20250419,45,16,339,1,1364.28,10,1227.85
3517,20251007,76,5,,1,5042.37,5,4790.25
3518,20250911,37,23,169,1,3761.37,0,3761.37
3519,20250724,3,21,368,1,2631.02,0,2631.02
3520,20251006,45,17,145,2,1364.28,0,2728.56
3521,20250219,21,6,352,1,1209.52,0,1209.52
3522,20250923,64,2,209,1,4068.92,0,4068.92
3523,20250222,14,14,159,1,4823.13,0,4823.13
3524,20240111,38,15,79,2,1729.74,15,2940.56
3525,20250219,3,5,33,1,2631.02,0,2631.02
3526,20240313,48,7,35,1,2551.26,5,2423.7
3527,20251012,12,14,49,1,1690.47,0,1690.47
3528,20250623,57,19,,1,3796.83,0,3796.83
3529,20240317,27,8,158,1,1220.37,0,1220.37
3530,20251227,49,9,188,1,3974.14,5,3775.43
3531,20241123,89,15,164,2,4062.25,0,8124.5
3532,20240322,98,21,327,1,850.73,0,850.73
3533,20241103,109,23,110,1,2954.88,0,2954.88
3534,20240506,71,8,166,2,3918.6,0,7837.2
3535,20251004,86,18,281,3,4002.37,0,12007.11
3536,20250424,7,25,125,4,4794.43,5,18218.83
3537,20250430,103,24,,1,5201.47,10,4681.32
3538,20251019,13,19,14,1,4729.21,0,4729.21
3539,20240904,28,7,74,1,3988.05,5,3788.65
3540,20250505,28,22,290,4,3988.05,0,15952.2
3541,20240922,6,6,69,1,843.99,10,759.59
3542,20250208,120,15,304,1,5078.17,0,5078.17
3543,20250325,61,8,364,1,5731.62,5,5445.04
3544,20241212,84,5,,1,4822.61,0,4822.61
3545,20250812,13,9,1,1,4729.21,5,4492.75
3546,20240821,98,6,151,1,850.73,20,680.58
3547,20250521,85,3,269,1,6169.54,5,5861.06
3548,20251119,62,11,44,1,978.5,0,978.5
3549,20241216,17,13,,3,1735.19,0,5205.57
3550,20250805,89,20,104,1,4062.25,0,4062.25
3551,20240131,1,23,146,4,1005.84,0,4023.36
3552,20240607,24,25,321,2,3205.37,0,6410.74
3553,20240511,64,15,112,1,4068.92,0,4068.92
3554,20250602,90,2,206,3,3873.38,5,11039.13
3555,20240129,119,15,,1,2956.72,0,2956.72
3556,20250122,103,2,161,1,5201.47,0,5201.47
3557,20241107,18,21,373,2,5185.3,5,9852.07
3558,20251226,39,24,,2,3883.73,0,7767.46
3559,20251122,83,14,389,1,2689.64,0,2689.64
3560,20250409,54,5,2,2,2808.33,0,5616.66
3561,20240612,2,2,208,1,882.35,0,882.35
3562,20241231,82,13,135,3,3179.41,5,9061.32
3563,20241016,74,15,305,1,3249.83,5,3087.34
3564,20240416,67,7,358,2,4800.44,5,9120.84
3565,20250811,108,18,307,2,3374.55,0,6749.1
3566,20251224,65,14,,2,3541.34,15,6020.28
3567,20241117,2,10,339,1,882.35,10,794.12
3568,20250322,38,7,382,1,1729.74,5,1643.25
3569,20250125,13,5,368,1,4729.21,5,4492.75
3570,20250630,104,21,,2,6527.04,0,13054.08
3571,20250922,37,18,117,1,3761.37,0,3761.37
3572,20240315,24,22,380,1,3205.37,15,2724.56
3573,20240616,18,7,272,2,5185.3,0,10370.6
3574,20250524,39,6,327,1,3883.73,0,3883.73
3575,20250417,96,17,33,2,3006.66,10,5411.99
3576,20250622,19,5,270,1,3799.68,5,3609.7
3577,20240229,43,22,149,1,3747.63,0,3747.63
3578,20250128,90,3,103,1,3873.38,0,3873.38
3579,20251019,48,13,383,4,2551.26,5,9694.79
3580,20241004,51,1,167,1,2879.69,5,2735.71
3581,20250930,35,19,199,1,3748.04,5,3560.64
3582,20240904,1,20,228,1,1005.84,0,1005.84
3583,20240502,7,18,,2,4794.43,0,9588.86
3584,20250128,52,5,,1,2796.94,0,2796.94
3585,20241122,94,15,209,3,1460.17,0,4380.51
3586,20251112,119,17,166,1,2956.72,10,2661.05
3587,20250520,46,4,89,1,4179.48,0,4179.48
3588,20240106,1,2,229,1,1005.84,10,905.26
3589,20250228,104,17,150,1,6527.04,0,6527.04
3590,20250228,49,12,55,1,3974.14,15,3378.02
3591,20241105,34,3,302,1,1322.31,15,1123.96
3592,20240106,19,7,209,3,3799.68,20,9119.23
3593,20240118,66,25,163,2,6204.11,10,11167.4
3594,20240306,58,1,210,1,5200.5,15,4420.43
3595,20241101,104,9,109,1,6527.04,0,6527.04
3596,20240626,6,23,25,1,843.99,5,801.79
3597,20240816,4,20,143,2,1722.15,0,3444.3
3598,20251115,75,1,222,1,2266.5,10,2039.85
3599,20250502,77,16,295,2,5233.57,0,10467.14
3600,20241006,44,5,57,1,4747.67,0,4747.67
3601,20241003,68,1,22,1,1648.1,0,1648.1
3602,20250121,97,23,261,4,4779.12,0,19116.48
3603,20241125,64,21,115,1,4068.92,5,3865.47
3604,20241210,75,21,24,1,2266.5,20,1813.2
3605,20240102,22,23,139,1,6438.69,15,5472.89
3606,20240215,103,8,182,3,5201.47,5,14824.19
3607,20240523,43,17,9,1,3747.63,10,3372.87
3608,20240606,6,8,,2,843.99,5,1603.58
3609,20250427,37,18,186,1,3761.37,20,3009.1
3610,20240426,85,10,,2,6169.54,5,11722.13
3611,20251204,67,24,2,1,4800.44,10,4320.4
3612,20240512,108,20,329,1,3374.55,0,3374.55
3613,20250610,104,9,216,1,6527.04,5,6200.69
3614,20240813,22,14,,1,6438.69,5,6116.76
3615,20250120,92,20,85,1,2008.22,10,1807.4
3616,20241026,119,17,228,1,2956.72,0,2956.72
3617,20250216,24,19,329,3,3205.37,0,9616.11
3618,20240404,104,17,392,1,6527.04,0,6527.04
3619,20240602,38,25,196,2,1729.74,10,3113.53
3620,20250730,40,14,304,2,6858.19,15,11658.92
3621,20240605,31,5,74,1,7243.85,0,7243.85
3622,20250406,80,17,14,4,5880.6,15,19994.04
3623,20240821,61,22,29,1,5731.62,10,5158.46
3624,20250314,41,9,366,1,5693.66,5,5408.98
3625,20240226,86,18,239,4,4002.37,5,15209.01
3626,20251221,34,3,228,1,1322.31,0,1322.31
3627,20240726,76,17,,2,5042.37,10,9076.27
3628,20250707,80,22,,1,5880.6,0,5880.6
3629,20250610,9,12,165,1,4835.47,0,4835.47
3630,20250817,39,12,312,2,3883.73,5,7379.09
3631,20240620,52,18,135,1,2796.94,0,2796.94
3632,20240729,68,1,9,1,1648.1,0,1648.1
3633,20240603,31,19,56,1,7243.85,15,6157.27
3634,20251114,78,1,171,2,1807.55,0,3615.1
3635,20250713,13,5,332,2,4729.21,0,9458.42
3636,20250131,109,21,51,1,2954.88,0,2954.88
3637,20240128,84,16,,1,4822.61,5,4581.48
3638,20250902,5,4,,1,2284.3,0,2284.3
3639,20240530,76,18,284,1,5042.37,0,5042.37
3640,20241008,116,23,224,1,6480.7,5,6156.66
3641,20250410,118,2,162,1,5698.72,0,5698.72
3642,20250416,66,20,266,2,6204.11,10,11167.4
3643,20240714,44,12,7,2,4747.67,0,9495.34
3644,20240413,99,6,337,2,4915.0,0,9830.0
3645,20241126,43,11,349,2,3747.63,0,7495.26
3646,20251123,116,2,330,1,6480.7,0,6480.7
3647,20250909,87,24,141,2,2952.23,0,5904.46
3648,20240215,40,12,276,1,6858.19,20,5486.55
3649,20241114,9,10,27,1,4835.47,5,4593.7
3650,20240605,120,8,166,2,5078.17,0,10156.34
3651,20250702,57,4,385,1,3796.83,15,3227.31
3652,20250630,78,3,299,1,1807.55,15,1536.42
3653,20250406,80,15,73,1,5880.6,20,4704.48
3654,20251004,35,12,150,1,3748.04,20,2998.43
3655,20250811,104,10,,2,6527.04,0,13054.08
3656,20250309,93,14,12,1,4029.05,0,4029.05
3657,20240517,79,11,389,1,1528.97,5,1452.52
3658,20240501,46,19,188,1,4179.48,15,3552.56
3659,20250907,117,23,340,1,5631.66,0,5631.66
3660,20250206,72,25,364,1,1667.62,5,1584.24
3661,20240331,43,18,362,1,3747.63,5,3560.25
3662,20240820,30,6,193,2,3704.61,5,7038.76
3663,20240311,71,12,131,1,3918.6,5,3722.67
3664,20250202,4,15,154,1,1722.15,0,1722.15
3665,20250427,91,9,373,1,6185.93,5,5876.63
3666,20250809,46,18,43,3,4179.48,0,12538.44
3667,20250916,15,14,,1,4621.37,0,4621.37
3668,20240614,115,6,,1,2419.05,0,2419.05
3669,20250719,10,21,147,2,3316.3,0,6632.6
3670,20241103,108,9,198,1,3374.55,0,3374.55
3671,20250827,33,18,250,2,2291.4,0,4582.8
3672,20240511,76,24,275,1,5042.37,5,4790.25
3673,20240904,26,25,78,1,1355.83,10,1220.25
3674,20241222,120,24,,2,5078.17,5,9648.52
3675,20251225,105,6,97,1,2890.92,0,2890.92
3676,20240506,77,24,213,1,5233.57,20,4186.86
3677,20240102,18,11,124,1,5185.3,10,4666.77
3678,20240202,18,5,358,4,5185.3,0,20741.2
3679,20250825,70,2,,4,3349.78,5,12729.16
3680,20250309,71,8,250,1,3918.6,5,3722.67
3681,20240406,61,15,168,1,5731.62,0,5731.62
3682,20250217,16,9,316,1,4330.21,0,4330.21
3683,20241224,9,15,203,3,4835.47,0,14506.41
3684,20241110,18,13,57,1,5185.3,0,5185.3
3685,20240511,49,7,,1,3974.14,10,3576.73
3686,20251020,49,20,183,1,3974.14,0,3974.14
3687,20240706,63,22,135,2,4196.34,0,8392.68
3688,20240216,4,7,281,1,1722.15,20,1377.72
3689,20241208,44,3,107,2,4747.67,10,8545.81
3690,20241004,100,10,131,2,4823.15,0,9646.3
3691,20240524,24,18,118,1,3205.37,0,3205.37
3692,20240903,30,3,185,1,3704.61,5,3519.38
3693,20251213,11,12,150,1,5902.88,0,5902.88
3694,20250101,12,4,302,1,1690.47,0,1690.47
3695,20250826,106,11,69,2,717.87,0,1435.74
3696,20240115,75,11,226,1,2266.5,0,2266.5
3697,20240407,66,7,,1,6204.11,0,6204.11
3698,20240222,8,4,275,1,3576.07,0,3576.07
3699,20241115,27,19,,1,1220.37,0,1220.37
3700,20240822,56,16,88,1,7088.96,15,6025.62
3701,20240116,63,18,,1,4196.34,0,4196.34
3702,20251118,52,21,217,1,2796.94,0,2796.94
3703,20250410,108,2,281,1,3374.55,0,3374.55
3704,20250314,106,19,126,3,717.87,5,2045.93
3705,20250116,34,6,101,1,1322.31,0,1322.31
3706,20240708,25,2,258,1,659.99,0,659.99
3707,20251024,89,11,10,1,4062.25,15,3452.91
3708,20240521,22,10,50,1,6438.69,0,6438.69
3709,20250217,53,16,,1,1453.18,0,1453.18
3710,20250825,73,5,,4,6348.65,0,25394.6
3711,20240912,27,24,66,1,1220.37,0,1220.37
3712,20240208,5,11,301,1,2284.3,5,2170.09
3713,20240218,48,13,15,1,2551.26,5,2423.7
3714,20250920,97,2,59,2,4779.12,0,9558.24
3715,20241110,27,8,99,1,1220.37,0,1220.37
3716,20240704,67,13,60,2,4800.44,0,9600.88
3717,20250904,33,11,211,1,2291.4,0,2291.4
3718,20240809,39,6,153,2,3883.73,0,7767.46
3719,20250329,55,1,299,1,735.67,0,735.67
3720,20241001,23,24,,2,5336.87,20,8538.99
3721,20240910,56,25,344,1,7088.96,15,6025.62
3722,20240905,36,22,327,1,682.61,0,682.61
3723,20250428,107,8,397,1,1952.14,5,1854.53
3724,20250127,52,12,289,2,2796.94,0,5593.88
3725,20250203,21,12,328,1,1209.52,5,1149.04
3726,20250302,54,10,243,2,2808.33,0,5616.66
3727,20240912,52,19,82,1,2796.94,0,2796.94
3728,20241004,119,25,369,1,2956.72,0,2956.72
3729,20240801,72,19,359,3,1667.62,0,5002.86
3730,20251011,113,25,174,2,4385.13,0,8770.26
3731,20240726,113,23,199,1,4385.13,5,4165.87
3732,20241031,14,11,81,1,4823.13,10,4340.82
3733,20251215,120,14,382,1,5078.17,15,4316.44
3734,20241127,35,7,147,1,3748.04,0,3748.04
3735,20250315,32,22,212,2,1604.88,0,3209.76
3736,20250705,19,10,303,1,3799.68,5,3609.7
3737,20250713,101,22,,1,1131.31,10,1018.18
3738,20251120,65,3,264,1,3541.34,5,3364.27
3739,20240331,4,8,,2,1722.15,0,3444.3
3740,20250123,8,16,397,2,3576.07,0,7152.14
3741,20240407,36,18,247,3,682.61,15,1740.66
3742,20240120,72,5,141,1,1667.62,0,1667.62
3743,20240505,37,13,304,2,3761.37,10,6770.47
3744,20250328,51,6,143,2,2879.69,5,5471.41
3745,20251010,22,13,152,1,6438.69,0,6438.69
3746,20240714,77,4,384,3,5233.57,10,14130.64
3747,20250825,81,10,,1,1242.05,5,1179.95
3748,20250601,109,22,,1,2954.88,0,2954.88
3749,20250227,90,13,291,1,3873.38,5,3679.71
3750,20250407,87,1,282,1,2952.23,0,2952.23
3751,20250906,15,2,200,1,4621.37,0,4621.37
3752,20250807,4,4,368,1,1722.15,5,1636.04
3753,20250822,5,25,100,1,2284.3,0,2284.3
3754,20241005,28,16,215,2,3988.05,5,7577.3
3755,20240729,88,9,52,1,2796.03,10,2516.43
3756,20250712,103,23,373,1,5201.47,0,5201.47
3757,20250320,64,20,38,4,4068.92,15,13834.33
3758,20240403,14,13,,1,4823.13,5,4581.97
3759,20250827,85,22,,1,6169.54,10,5552.59
3760,20251102,116,6,20,1,6480.7,5,6156.66
3761,20250303,110,14,207,3,3839.63,20,9215.11
3762,20240315,113,20,127,1,4385.13,0,4385.13
3763,20240724,34,17,169,1,1322.31,0,1322.31
3764,20240608,8,7,39,1,3576.07,5,3397.27
3765,20250802,86,4,303,1,4002.37,15,3402.01
3766,20250126,8,3,247,1,3576.07,5,3397.27
3767,20240329,102,16,70,2,616.26,0,1232.52
3768,20251129,40,1,156,3,6858.19,5,19545.84
3769,20240105,21,17,336,1,1209.52,0,1209.52
3770,20240515,108,18,324,1,3374.55,0,3374.55
3771,20250511,120,23,,3,5078.17,0,15234.51
3772,20250322,61,17,195,1,5731.62,0,5731.62
3773,20250911,10,8,41,1,3316.3,5,3150.49
3774,20241104,79,4,195,1,1528.97,5,1452.52
3775,20241020,22,8,61,1,6438.69,15,5472.89
3776,20240318,91,8,,1,6185.93,0,6185.93
3777,20250224,77,22,339,1,5233.57,0,5233.57
3778,20250715,33,12,166,1,2291.4,5,2176.83
3779,20241115,115,3,,1,2419.05,0,2419.05
3780,20240307,120,23,278,1,5078.17,5,4824.26
3781,20250617,68,12,310,1,1648.1,5,1565.69
3782,20250904,29,2,,1,1567.62,20,1254.1
3783,20251218,94,11,179,3,1460.17,15,3723.43
3784,20240801,47,12,152,2,2706.69,10,4872.04
3785,20240707,58,21,234,1,5200.5,0,5200.5
3786,20251031,47,13,133,1,2706.69,0,2706.69
3787,20240124,85,2,,2,6169.54,5,11722.13
3788,20241008,15,8,,2,4621.37,0,9242.74
3789,20250307,111,6,359,1,1506.58,10,1355.92
3790,20240415,113,1,,1,4385.13,10,3946.62
3791,20250222,70,20,,1,3349.78,20,2679.82
3792,20240412,63,5,4,1,4196.34,0,4196.34
3793,20250528,93,4,338,1,4029.05,0,4029.05
3794,20250719,19,6,80,1,3799.68,0,3799.68
3795,20250427,42,5,184,4,2401.74,5,9126.61
3796,20241031,5,1,20,2,2284.3,5,4340.17
3797,20250408,78,4,53,2,1807.55,15,3072.84
3798,20241221,86,1,397,1,4002.37,0,4002.37
3799,20250329,119,5,330,1,2956.72,0,2956.72
3800,20240108,102,14,328,2,616.26,5,1170.89
3801,20250516,72,2,238,1,1667.62,0,1667.62
3802,20250707,3,3,,1,2631.02,5,2499.47
3803,20251230,43,8,314,1,3747.63,10,3372.87
3804,20250606,98,4,135,1,850.73,5,808.19
3805,20250410,37,24,66,1,3761.37,0,3761.37
3806,20251018,66,22,313,1,6204.11,0,6204.11
3807,20241218,64,18,13,1,4068.92,0,4068.92
3808,20250725,75,25,75,1,2266.5,10,2039.85
3809,20250927,93,23,123,2,4029.05,0,8058.1
3810,20250812,2,11,283,1,882.35,0,882.35
3811,20250519,101,12,157,1,1131.31,0,1131.31
3812,20241011,24,19,1,2,3205.37,5,6090.2
3813,20250316,73,21,,1,6348.65,15,5396.35
3814,20250616,78,18,194,1,1807.55,0,1807.55
3815,20241205,54,15,232,2,2808.33,0,5616.66
3816,20240214,11,13,228,1,5902.88,15,5017.45
3817,20250304,85,18,,1,6169.54,5,5861.06
3818,20240523,46,8,263,1,4179.48,0,4179.48
3819,20250212,79,20,314,2,1528.97,0,3057.94
3820,20241104,59,25,93,1,2020.12,15,1717.1
3821,20240110,69,10,124,2,2128.62,15,3618.65
3822,20240627,28,10,393,1,3988.05,0,3988.05
3823,20251227,17,10,170,1,1735.19,15,1474.91
3824,20250211,77,4,174,1,5233.57,0,5233.57
3825,20250821,119,1,256,1,2956.72,0,2956.72
3826,20240615,36,6,32,1,682.61,10,614.35
3827,20240814,85,5,174,1,6169.54,0,6169.54
3828,20240704,120,8,165,1,5078.17,15,4316.44
3829,20240522,68,13,144,1,1648.1,10,1483.29
3830,20250911,56,13,354,1,7088.96,0,7088.96
3831,20240610,13,16,81,1,4729.21,10,4256.29
3832,20240128,39,3,278,3,3883.73,0,11651.19
3833,20240502,46,22,91,2,4179.48,0,8358.96
3834,20240802,61,1,65,2,5731.62,10,10316.92
3835,20240808,16,8,257,1,4330.21,0,4330.21
3836,20250101,1,6,215,1,1005.84,5,955.55
3837,20240418,74,8,109,1,3249.83,0,3249.83
3838,20250910,63,3,2,1,4196.34,0,4196.34
3839,20251226,75,21,51,1,2266.5,0,2266.5
3840,20241214,49,23,144,2,3974.14,0,7948.28
3841,20250112,46,20,373,1,4179.48,20,3343.58
3842,20240526,30,1,400,1,3704.61,10,3334.15
3843,20240810,18,24,198,1,5185.3,0,5185.3
3844,20250701,99,3,193,1,4915.0,5,4669.25
3845,20240907,57,1,61,1,3796.83,15,3227.31
3846,20241227,26,22,54,3,1355.83,5,3864.12
3847,20250525,55,14,175,1,735.67,0,735.67
3848,20250427,83,25,65,1,2689.64,5,2555.16
3849,20250721,12,23,245,1,1690.47,0,1690.47
3850,20240316,103,24,80,1,5201.47,0,5201.47
3851,20240426,51,16,349,3,2879.69,0,8639.07
3852,20251006,106,16,105,1,717.87,0,717.87
3853,20240722,88,16,183,1,2796.03,0,2796.03
3854,20240521,49,21,146,1,3974.14,0,3974.14
3855,20240813,117,16,,1,5631.66,0,5631.66
3856,20241115,25,1,,3,659.99,0,1979.97
3857,20241210,99,8,276,1,4915.0,5,4669.25
3858,20240906,90,23,,1,3873.38,0,3873.38
3859,20250905,85,21,195,1,6169.54,0,6169.54
3860,20250505,97,18,53,1,4779.12,5,4540.16
3861,20251130,64,14,37,2,4068.92,0,8137.84
3862,20240803,118,17,49,1,5698.72,0,5698.72
3863,20240201,105,13,84,2,2890.92,0,5781.84
3864,20240707,56,15,113,2,7088.96,0,14177.92
3865,20240527,63,6,162,3,4196.34,0,12589.02
3866,20240911,63,12,161,3,4196.34,0,12589.02
3867,20250425,53,9,262,1,1453.18,0,1453.18
3868,20240617,36,19,189,2,682.61,0,1365.22
3869,20250220,81,5,212,1,1242.05,20,993.64
3870,20250304,42,13,171,2,2401.74,0,4803.48
3871,20251119,7,14,385,1,4794.43,0,4794.43
3872,20250519,23,20,379,1,5336.87,0,5336.87
3873,20250327,75,25,351,2,2266.5,10,4079.7
3874,20240315,17,19,224,2,1735.19,5,3296.86
3875,20240105,24,5,150,2,3205.37,0,6410.74
3876,20251207,120,23,358,1,5078.17,15,4316.44
3877,20250519,93,19,71,1,4029.05,10,3626.15
3878,20241025,90,21,,1,3873.38,0,3873.38
3879,20250917,68,5,,1,1648.1,5,1565.69
3880,20240527,100,8,331,2,4823.15,0,9646.3
3881,20240227,119,19,139,1,2956.72,5,2808.88
3882,20250208,63,13,228,1,4196.34,0,4196.34
3883,20251007,29,22,267,1,1567.62,0,1567.62
3884,20240309,18,5,,3,5185.3,0,15555.9
3885,20251123,67,10,138,1,4800.44,10,4320.4
3886,20250710,27,7,109,1,1220.37,0,1220.37
3887,20250813,49,1,261,1,3974.14,20,3179.31
3888,20250707,78,13,379,1,1807.55,5,1717.17
3889,20250125,2,11,130,1,882.35,0,882.35
3890,20250321,113,20,288,4,4385.13,15,14909.44
3891,20241013,73,23,59,2,6348.65,0,12697.3
3892,20250928,48,25,289,3,2551.26,0,7653.78
3893,20251030,114,1,,2,3973.22,0,7946.44
3894,20240422,61,12,272,2,5731.62,15,9743.75
3895,20251019,8,18,111,3,3576.07,5,10191.8
3896,20250813,82,25,19,1,3179.41,5,3020.44
3897,20240303,37,2,33,1,3761.37,0,3761.37
3898,20250605,44,3,170,1,4747.67,5,4510.29
3899,20240415,36,17,245,1,682.61,0,682.61
3900,20250601,7,7,,1,4794.43,0,4794.43
3901,20250216,67,11,230,1,4800.44,10,4320.4
3902,20250406,71,9,,3,3918.6,5,11168.01
3903,20240607,114,15,337,1,3973.22,15,3377.24
3904,20250623,89,18,105,1,4062.25,0,4062.25
3905,20240405,14,12,200,1,4823.13,10,4340.82
3906,20250308,15,3,241,2,4621.37,0,9242.74
3907,20241230,75,24,104,1,2266.5,0,2266.5
3908,20240308,61,2,15,1,5731.62,20,4585.3
3909,20240731,48,7,330,1,2551.26,5,2423.7
3910,20250308,42,15,280,1,2401.74,0,2401.74
3911,20240902,32,19,395,2,1604.88,0,3209.76
3912,20240612,50,13,49,1,3814.05,10,3432.65
3913,20250508,43,18,,1,3747.63,0,3747.63
3914,20241001,119,14,249,1,2956.72,0,2956.72
3915,20240726,1,5,175,1,1005.84,15,854.96
3916,20250418,23,16,221,1,5336.87,10,4803.18
3917,20240815,33,11,,1,2291.4,5,2176.83
3918,20240303,22,11,266,1,6438.69,0,6438.69
3919,20240419,31,1,240,2,7243.85,15,12314.55
3920,20240108,69,19,65,2,2128.62,10,3831.52
3921,20251016,59,25,285,2,2020.12,10,3636.22
3922,20250510,102,16,383,3,616.26,0,1848.78
3923,20250528,38,5,355,2,1729.74,5,3286.51
3924,20250203,26,1,32,1,1355.83,15,1152.46
3925,20240529,10,2,367,2,3316.3,0,6632.6
3926,20241029,87,10,348,3,2952.23,0,8856.69
3927,20251105,62,23,241,1,978.5,5,929.57
3928,20251229,116,14,348,1,6480.7,5,6156.66
3929,20240420,49,12,223,1,3974.14,0,3974.14
3930,20250411,53,10,,1,1453.18,5,1380.52
3931,20250620,110,8,399,1,3839.63,0,3839.63
3932,20251231,47,5,145,3,2706.69,20,6496.06
3933,20250123,88,23,400,1,2796.03,0,2796.03
3934,20251212,24,5,297,1,3205.37,0,3205.37
3935,20250930,91,1,186,1,6185.93,0,6185.93
3936,20240906,54,2,172,1,2808.33,5,2667.91
3937,20240427,11,11,,2,5902.88,0,11805.76
3938,20250210,91,5,16,1,6185.93,0,6185.93
3939,20241223,72,19,343,1,1667.62,0,1667.62
3940,20241210,77,15,105,1,5233.57,0,5233.57
3941,20250527,92,7,46,1,2008.22,0,2008.22
3942,20250807,52,16,130,1,2796.94,20,2237.55
3943,20251228,65,14,199,2,3541.34,5,6728.55
3944,20240902,104,5,,1,6527.04,15,5547.98
3945,20250521,89,5,209,1,4062.25,0,4062.25
3946,20250614,19,10,171,1,3799.68,15,3229.73
3947,20240619,93,16,149,1,4029.05,10,3626.15
3948,20251206,113,24,73,1,4385.13,0,4385.13
3949,20240220,12,10,194,2,1690.47,0,3380.94
3950,20250826,4,18,144,1,1722.15,0,1722.15
3951,20240427,52,21,30,2,2796.94,5,5314.19
3952,20240721,31,11,336,3,7243.85,0,21731.55
3953,20251230,98,7,46,3,850.73,0,2552.19
3954,20240208,76,2,305,1,5042.37,0,5042.37
3955,20250330,67,4,159,2,4800.44,0,9600.88
3956,20240215,23,17,119,1,5336.87,20,4269.5
3957,20240307,43,18,308,2,3747.63,5,7120.5
3958,20240221,80,24,135,2,5880.6,5,11173.14
3959,20250303,55,3,214,1,735.67,0,735.67
3960,20251020,4,17,43,1,1722.15,0,1722.15
3961,20251012,55,17,,2,735.67,10,1324.21
3962,20250808,39,25,358,4,3883.73,10,13981.43
3963,20240104,112,12,113,1,1434.74,10,1291.27
3964,20240331,5,12,109,1,2284.3,5,2170.09
3965,20240109,111,20,104,1,1506.58,5,1431.25
3966,20241024,18,4,64,2,5185.3,0,10370.6
3967,20250308,78,8,209,2,1807.55,0,3615.1
3968,20240130,97,24,249,1,4779.12,5,4540.16
3969,20240410,66,16,65,1,6204.11,0,6204.11
3970,20240809,53,8,270,3,1453.18,5,4141.56
3971,20240126,12,24,398,2,1690.47,0,3380.94
3972,20250215,23,19,218,1,5336.87,0,5336.87
3973,20251208,66,1,353,1,6204.11,5,5893.9
3974,20240328,51,11,282,3,2879.69,5,8207.12
3975,20250704,78,1,298,1,1807.55,10,1626.8
3976,20250802,69,4,175,1,2128.62,0,2128.62
3977,20240604,56,11,254,1,7088.96,0,7088.96
3978,20240711,117,18,380,1,5631.66,0,5631.66
3979,20240315,118,23,149,1,5698.72,0,5698.72
3980,20250131,43,16,97,1,3747.63,20,2998.1
3981,20240522,76,12,180,2,5042.37,0,10084.74
3982,20250327,11,21,158,1,5902.88,0,5902.88
3983,20251029,47,25,,2,2706.69,0,5413.38
3984,20241003,77,23,268,3,5233.57,5,14915.67
3985,20250518,45,21,26,1,1364.28,5,1296.07
3986,20240524,76,7,,1,5042.37,15,4286.01
3987,20241214,82,1,,1,3179.41,10,2861.47
3988,20240206,64,9,387,3,4068.92,0,12206.76
3989,20251020,77,12,93,1,5233.57,10,4710.21
3990,20250221,78,7,325,1,1807.55,0,1807.55
3991,20240212,2,16,11,3,882.35,10,2382.35
3992,20240625,116,13,217,1,6480.7,5,6156.66
3993,20250810,58,12,377,1,5200.5,20,4160.4
3994,20251215,104,11,354,1,6527.04,5,6200.69
3995,20241010,40,13,306,1,6858.19,0,6858.19
3996,20250522,33,2,278,3,2291.4,10,6186.78
3997,20250105,83,10,191,1,2689.64,0,2689.64
3998,20240308,36,13,282,4,682.61,5,2593.92
3999,20250304,46,17,383,2,4179.48,0,8358.96
4000,20241030,72,24,339,3,1667.62,0,5002.86
4001,20250714,55,21,214,2,735.67,0,1471.34
4002,20250205,107,10,124,1,1952.14,10,1756.93
4003,20250416,61,12,3,3,5731.62,15,14615.63
4004,20241024,32,6,334,1,1604.88,10,1444.39
4005,20250728,28,22,129,1,3988.05,15,3389.84
4006,20250316,77,23,275,1,5233.57,0,5233.57
4007,20241108,41,2,370,1,5693.66,0,5693.66
4008,20241002,52,15,5,1,2796.94,0,2796.94
4009,20240625,118,25,101,1,5698.72,5,5413.78
4010,20250402,30,24,73,2,3704.61,5,7038.76
4011,20241003,82,12,352,1,3179.41,5,3020.44
4012,20240130,9,14,287,4,4835.47,0,19341.88
4013,20240209,87,5,326,1,2952.23,20,2361.78
4014,20240124,85,6,49,1,6169.54,0,6169.54
4015,20240307,18,15,396,1,5185.3,5,4926.03
4016,20240826,106,8,318,2,717.87,10,1292.17
4017,20240711,11,24,52,1,5902.88,0,5902.88
4018,20241227,74,1,86,1,3249.83,0,3249.83
4019,20250416,105,9,223,2,2890.92,0,5781.84
4020,20240706,104,22,355,1,6527.04,0,6527.04
4021,20240816,68,7,347,1,1648.1,0,1648.1
4022,20240323,34,21,21,2,1322.31,10,2380.16
4023,20251002,11,19,49,1,5902.88,5,5607.74
4024,20241107,45,12,351,1,1364.28,0,1364.28
4025,20240202,119,25,243,1,2956.72,10,2661.05
4026,20250301,59,7,129,1,2020.12,20,1616.1
4027,20240523,109,3,244,1,2954.88,0,2954.88
4028,20240619,98,14,52,1,850.73,0,850.73
4029,20250610,33,17,336,1,2291.4,0,2291.4
4030,20250826,80,2,120,1,5880.6,10,5292.54
4031,20240903,3,8,307,1,2631.02,0,2631.02
4032,20250520,8,10,365,1,3576.07,5,3397.27
4033,20250827,70,5,65,3,3349.78,5,9546.87
4034,20250304,57,8,52,3,3796.83,20,9112.39
4035,20240808,36,8,272,3,682.61,0,2047.83
4036,20240209,40,17,47,1,6858.19,5,6515.28
4037,20240228,19,12,125,1,3799.68,0,3799.68
4038,20251126,19,18,370,1,3799.68,0,3799.68
4039,20240515,61,12,227,1,5731.62,0,5731.62
4040,20250916,9,4,150,1,4835.47,5,4593.7
4041,20251005,34,7,267,2,1322.31,0,2644.62
4042,20241102,32,14,191,1,1604.88,10,1444.39
4043,20240209,88,21,341,4,2796.03,0,11184.12
4044,20240501,87,21,9,1,2952.23,5,2804.62
4045,20240427,87,15,200,3,2952.23,20,7085.35
4046,20240306,117,15,83,1,5631.66,10,5068.49
4047,20240524,88,20,,1,2796.03,0,2796.03
4048,20240822,105,20,51,1,2890.92,0,2890.92
4049,20250803,116,3,227,1,6480.7,0,6480.7
4050,20250510,15,25,,1,4621.37,0,4621.37
4051,20250407,63,1,150,1,4196.34,5,3986.52
4052,20250925,108,24,,2,3374.55,0,6749.1
4053,20241007,41,2,,4,5693.66,0,22774.64
4054,20251023,49,24,125,1,3974.14,5,3775.43
4055,20240205,114,7,159,1,3973.22,15,3377.24
4056,20240623,77,11,232,2,5233.57,0,10467.14
4057,20251026,100,2,310,2,4823.15,10,8681.67
4058,20241006,53,22,348,1,1453.18,5,1380.52
4059,20250703,92,24,218,1,2008.22,0,2008.22
4060,20240318,114,8,341,1,3973.22,0,3973.22
4061,20240219,112,25,125,1,1434.74,0,1434.74
4062,20240412,70,10,2,1,3349.78,0,3349.78
4063,20250714,22,12,89,1,6438.69,5,6116.76
4064,20240720,88,24,,2,2796.03,0,5592.06
4065,20240504,93,25,114,1,4029.05,0,4029.05
4066,20250704,73,22,45,1,6348.65,5,6031.22
4067,20240908,95,13,239,2,3960.41,5,7524.78
4068,20241109,83,16,95,1,2689.64,0,2689.64
4069,20240512,11,9,52,2,5902.88,20,9444.61
4070,20240110,59,4,138,1,2020.12,15,1717.1
4071,20240129,102,21,311,1,616.26,0,616.26
4072,20250414,1,17,392,1,1005.84,10,905.26
4073,20240323,80,9,156,1,5880.6,15,4998.51
4074,20250306,78,16,203,1,1807.55,0,1807.55
4075,20240427,77,6,256,1,5233.57,0,5233.57
4076,20251201,104,4,346,1,6527.04,0,6527.04
4077,20240524,109,14,182,1,2954.88,0,2954.88
4078,20250215,98,13,226,1,850.73,15,723.12
4079,20250116,47,16,51,1,2706.69,10,2436.02
4080,20250621,62,24,24,1,978.5,0,978.5
4081,20251204,84,23,148,1,4822.61,20,3858.09
4082,20241105,39,13,91,1,3883.73,0,3883.73
4083,20240811,1,10,57,1,1005.84,0,1005.84
4084,20240409,88,10,344,1,2796.03,0,2796.03
4085,20250607,30,4,273,2,3704.61,0,7409.22
4086,20250301,34,16,,1,1322.31,0,1322.31
4087,20250705,73,13,248,3,6348.65,0,19045.95
4088,20250718,72,25,2,1,1667.62,0,1667.62
4089,20250513,88,20,117,1,2796.03,0,2796.03
4090,20240321,98,12,93,2,850.73,0,1701.46
4091,20251224,77,4,86,1,5233.57,0,5233.57
4092,20241203,77,8,23,3,5233.57,0,15700.71
4093,20251203,19,19,,1,3799.68,0,3799.68
4094,20250609,21,9,266,1,1209.52,0,1209.52
4095,20240426,58,23,206,1,5200.5,10,4680.45
4096,20250506,43,22,314,2,3747.63,10,6745.73
4097,20250617,84,9,245,2,4822.61,5,9162.96
4098,20250404,80,20,,1,5880.6,10,5292.54
4099,20240419,63,4,280,2,4196.34,10,7553.41
4100,20250303,46,17,284,1,4179.48,5,3970.51
4101,20240110,56,3,324,2,7088.96,10,12760.13
4102,20251224,41,14,49,4,5693.66,0,22774.64
4103,20240406,22,20,188,2,6438.69,0,12877.38
4104,20240701,96,25,215,1,3006.66,5,2856.33
4105,20240811,63,18,46,1,4196.34,15,3566.89
4106,20250622,110,23,332,1,3839.63,5,3647.65
4107,20250205,68,6,59,2,1648.1,5,3131.39
4108,20240114,64,3,253,1,4068.92,10,3662.03
4109,20251213,22,4,354,1,6438.69,15,5472.89
4110,20240904,10,16,270,1,3316.3,5,3150.49
4111,20240216,40,23,29,1,6858.19,5,6515.28
4112,20250907,46,24,265,2,4179.48,0,8358.96
4113,20241215,89,14,121,1,4062.25,15,3452.91
4114,20250715,98,4,143,4,850.73,0,3402.92
4115,20251009,20,5,398,3,1915.63,0,5746.89
4116,20250324,104,9,,1,6527.04,5,6200.69
4117,20241126,72,3,131,2,1667.62,10,3001.72
4118,20240702,116,4,94,2,6480.7,0,12961.4
4119,20240208,16,23,120,1,4330.21,0,4330.21
4120,20240921,13,7,285,1,4729.21,0,4729.21
4121,20241117,50,7,309,1,3814.05,15,3241.94
4122,20250426,77,13,378,1,5233.57,20,4186.86
4123,20240217,84,19,339,1,4822.61,15,4099.22
4124,20250816,69,15,143,3,2128.62,0,6385.86
4125,20250917,78,6,236,1,1807.55,10,1626.8
4126,20240711,43,21,48,1,3747.63,0,3747.63
4127,20240309,113,7,319,1,4385.13,15,3727.36
4128,20250408,4,16,62,1,1722.15,0,1722.15
4129,20241027,2,23,157,1,882.35,0,882.35
4130,20240623,95,9,,1,3960.41,15,3366.35
4131,20240823,104,2,126,1,6527.04,0,6527.04
4132,20241116,40,1,,1,6858.19,5,6515.28
4133,20241113,38,9,390,4,1729.74,15,5881.12
4134,20241004,20,22,16,1,1915.63,0,1915.63
4135,20250111,1,23,225,1,1005.84,5,955.55
4136,20240403,16,22,219,1,4330.21,20,3464.17
4137,20250302,36,1,295,1,682.61,0,682.61
4138,20241225,25,20,362,1,659.99,0,659.99
4139,20240209,41,10,69,1,5693.66,0,5693.66
4140,20240405,88,21,261,3,2796.03,0,8388.09
4141,20240318,86,25,,1,4002.37,0,4002.37
4142,20241123,79,9,296,1,1528.97,0,1528.97
4143,20251011,23,8,365,1,5336.87,5,5070.03
4144,20250309,77,6,292,1,5233.57,0,5233.57
4145,20250127,12,19,34,1,1690.47,0,1690.47
4146,20240715,78,22,,1,1807.55,0,1807.55
4147,20241108,17,9,77,1,1735.19,0,1735.19
4148,20251120,23,17,139,1,5336.87,0,5336.87
4149,20241103,87,17,118,3,2952.23,0,8856.69
4150,20250428,48,4,378,1,2551.26,0,2551.26
4151,20250918,33,24,,1,2291.4,10,2062.26
4152,20241021,23,10,288,1,5336.87,15,4536.34
4153,20240516,71,11,231,1,3918.6,0,3918.6
4154,20240123,74,12,389,2,3249.83,5,6174.68
4155,20250619,104,20,312,1,6527.04,20,5221.63
4156,20250506,108,21,128,1,3374.55,10,3037.1
4157,20250911,112,14,108,1,1434.74,0,1434.74
4158,20250426,52,11,,1,2796.94,10,2517.25
4159,20250619,26,1,,1,1355.83,5,1288.04
4160,20241007,18,18,234,1,5185.3,0,5185.3
4161,20241018,95,24,206,1,3960.41,0,3960.41
4162,20250320,56,15,313,1,7088.96,0,7088.96
4163,20250222,90,4,329,1,3873.38,10,3486.04
4164,20250319,75,2,,1,2266.5,0,2266.5
4165,20240325,11,1,111,2,5902.88,0,11805.76
4166,20250403,14,11,184,1,4823.13,5,4581.97
4167,20240101,84,11,,2,4822.61,0,9645.22
4168,20240121,88,4,340,1,2796.03,5,2656.23
4169,20251130,24,7,107,3,3205.37,0,9616.11
4170,20251017,56,19,10,2,7088.96,20,11342.34
4171,20241011,42,25,331,1,2401.74,0,2401.74
4172,20251225,74,8,160,1,3249.83,10,2924.85
4173,20240927,116,6,223,1,6480.7,10,5832.63
4174,20250703,76,6,229,1,5042.37,20,4033.9
4175,20240513,43,2,350,2,3747.63,0,7495.26
4176,20251223,63,14,387,1,4196.34,10,3776.71
4177,20250610,102,3,390,2,616.26,0,1232.52
4178,20241021,74,8,209,2,3249.83,10,5849.69
4179,20251118,50,7,180,1,3814.05,5,3623.35
4180,20240327,3,25,,2,2631.02,0,5262.04
4181,20250814,49,20,313,1,3974.14,0,3974.14
4182,20241028,83,17,76,3,2689.64,15,6858.58
4183,20250516,59,12,389,1,2020.12,15,1717.1
4184,20250131,42,14,100,2,2401.74,0,4803.48
4185,20241107,88,10,305,1,2796.03,0,2796.03
4186,20250904,49,24,126,1,3974.14,0,3974.14
4187,20251121,20,7,226,1,1915.63,0,1915.63
4188,20240218,58,8,229,1,5200.5,10,4680.45
4189,20250417,60,14,212,2,4273.1,0,8546.2
4190,20250205,57,18,22,1,3796.83,15,3227.31
4191,20250721,118,20,254,1,5698.72,0,5698.72
4192,20250118,79,9,333,1,1528.97,0,1528.97
4193,20250529,92,11,182,2,2008.22,0,4016.44
4194,20250415,101,9,15,3,1131.31,10,3054.54
4195,20250502,50,15,244,1,3814.05,0,3814.05
4196,20240602,3,16,182,1,2631.02,5,2499.47
4197,20241225,26,10,,1,1355.83,0,1355.83
4198,20240731,84,25,319,1,4822.61,10,4340.35
4199,20251020,92,2,143,2,2008.22,10,3614.8
4200,20250116,51,12,77,1,2879.69,0,2879.69
4201,20240926,44,8,171,1,4747.67,0,4747.67
4202,20240908,44,6,347,1,4747.67,0,4747.67
4203,20240202,81,22,344,2,1242.05,10,2235.69
4204,20240207,34,15,,4,1322.31,5,5024.78
4205,20240312,8,24,158,1,3576.07,10,3218.46
4206,20250105,106,14,,1,717.87,10,646.08
4207,20250528,73,19,161,4,6348.65,0,25394.6
4208,20240414,88,11,384,3,2796.03,10,7549.28
4209,20241010,52,14,,2,2796.94,0,5593.88
4210,20250311,119,3,392,1,2956.72,0,2956.72
4211,20251115,1,9,376,1,1005.84,0,1005.84
4212,20251028,110,13,76,2,3839.63,0,7679.26
4213,20250116,92,5,176,4,2008.22,5,7631.24
4214,20240118,68,21,142,2,1648.1,5,3131.39
4215,20251209,30,1,295,2,3704.61,0,7409.22
4216,20241019,110,1,247,1,3839.63,5,3647.65
4217,20250308,23,5,,1,5336.87,0,5336.87
4218,20240331,69,13,158,1,2128.62,0,2128.62
4219,20240906,28,18,47,1,3988.05,5,3788.65
4220,20250527,44,6,154,2,4747.67,10,8545.81
4221,20240103,25,11,145,1,659.99,15,560.99
4222,20251119,22,24,259,1,6438.69,0,6438.69
4223,20241231,11,18,350,1,5902.88,10,5312.59
4224,20250227,40,16,49,1,6858.19,20,5486.55
4225,20250110,10,17,5,1,3316.3,0,3316.3
4226,20240719,35,14,274,2,3748.04,0,7496.08
4227,20250928,120,17,187,1,5078.17,5,4824.26
4228,20250515,71,20,319,2,3918.6,0,7837.2
4229,20250814,67,10,347,2,4800.44,0,9600.88
4230,20240623,71,13,266,2,3918.6,20,6269.76
4231,20240423,49,15,318,1,3974.14,0,3974.14
4232,20240409,76,8,391,3,5042.37,0,15127.11
4233,20240212,94,2,273,1,1460.17,0,1460.17
4234,20250129,25,9,311,4,659.99,0,2639.96
4235,20240609,14,23,190,1,4823.13,5,4581.97
4236,20240904,98,2,377,3,850.73,0,2552.19
4237,20250611,41,5,99,1,5693.66,20,4554.93
4238,20241029,93,13,,1,4029.05,0,4029.05
4239,20251018,46,12,28,3,4179.48,0,12538.44
4240,20240209,25,2,152,1,659.99,0,659.99
4241,20240331,86,23,,1,4002.37,20,3201.9
4242,20250221,47,20,340,2,2706.69,0,5413.38
4243,20250220,95,23,384,2,3960.41,0,7920.82
4244,20241106,16,18,95,1,4330.21,0,4330.21
4245,20250220,79,20,79,1,1528.97,0,1528.97
4246,20240325,120,20,53,1,5078.17,20,4062.54
4247,20251212,96,13,195,1,3006.66,0,3006.66
4248,20240301,115,25,360,2,2419.05,5,4596.19
4249,20240612,86,9,379,1,4002.37,0,4002.37
4250,20250303,106,17,78,1,717.87,5,681.98
4251,20250526,46,21,333,2,4179.48,10,7523.06
4252,20250805,100,13,16,1,4823.15,5,4581.99
4253,20250523,74,23,,1,3249.83,0,3249.83
4254,20240823,18,22,325,3,5185.3,15,13222.52
4255,20241226,64,5,283,1,4068.92,0,4068.92
4256,20240725,21,5,,3,1209.52,5,3447.13
4257,20240930,72,11,377,1,1667.62,10,1500.86
4258,20250723,60,4,180,1,4273.1,0,4273.1
4259,20240215,43,22,329,1,3747.63,15,3185.49
4260,20251008,67,13,,1,4800.44,0,4800.44
4261,20240130,23,6,215,2,5336.87,10,9606.37
4262,20250503,34,15,205,1,1322.31,5,1256.19
4263,20241215,6,23,132,2,843.99,5,1603.58
4264,20250821,65,11,353,1,3541.34,0,3541.34
4265,20250202,43,21,221,2,3747.63,0,7495.26
4266,20250726,63,17,262,1,4196.34,15,3566.89
4267,20241221,55,23,315,1,735.67,0,735.67
4268,20240729,50,22,214,1,3814.05,15,3241.94
4269,20240521,108,19,,1,3374.55,0,3374.55
4270,20240717,72,13,,1,1667.62,10,1500.86
4271,20241010,86,25,41,2,4002.37,5,7604.5
4272,20240807,66,1,63,2,6204.11,5,11787.81
4273,20250617,76,25,126,1,5042.37,20,4033.9
4274,20250806,38,10,,2,1729.74,0,3459.48
4275,20250415,104,19,186,1,6527.04,0,6527.04
4276,20250728,31,19,48,3,7243.85,0,21731.55
4277,20240808,82,2,170,2,3179.41,0,6358.82
4278,20250207,64,1,131,2,4068.92,10,7324.06
4279,20250217,105,21,395,1,2890.92,10,2601.83
4280,20250124,89,22,86,1,4062.25,5,3859.14
4281,20251109,69,22,82,1,2128.62,0,2128.62
4282,20250703,116,1,57,1,6480.7,0,6480.7
4283,20250117,27,2,262,1,1220.37,0,1220.37
4284,20241101,88,14,210,1,2796.03,0,2796.03
4285,20250917,52,9,283,1,2796.94,20,2237.55
4286,20241014,74,11,244,1,3249.83,0,3249.83
4287,20241231,82,7,,1,3179.41,15,2702.5
4288,20251201,101,23,322,1,1131.31,0,1131.31
4289,20250929,63,9,235,3,4196.34,0,12589.02
4290,20251203,9,23,270,1,4835.47,15,4110.15
4291,20240609,55,15,62,2,735.67,5,1397.77
4292,20250923,80,16,172,1,5880.6,5,5586.57
4293,20241230,101,11,,1,1131.31,5,1074.74
4294,20241114,114,4,226,1,3973.22,0,3973.22
4295,20240109,117,2,106,1,5631.66,0,5631.66
4296,20240707,8,4,99,2,3576.07,0,7152.14
4297,20241201,74,16,80,1,3249.83,0,3249.83
4298,20240509,68,9,382,1,1648.1,10,1483.29
4299,20250906,22,16,284,1,6438.69,5,6116.76
4300,20240917,56,21,43,2,7088.96,15,12051.23
4301,20240204,36,1,101,3,682.61,5,1945.44
4302,20240314,108,11,225,2,3374.55,0,6749.1
4303,20250623,52,13,249,1,2796.94,0,2796.94
4304,20240924,35,14,177,1,3748.04,0,3748.04
4305,20250206,6,20,249,2,843.99,15,1434.78
4306,20250216,82,23,70,1,3179.41,0,3179.41
4307,20240730,51,23,154,1,2879.69,0,2879.69
4308,20250905,89,5,179,1,4062.25,5,3859.14
4309,20251130,20,17,22,1,1915.63,0,1915.63
4310,20241231,42,24,333,2,2401.74,0,4803.48
4311,20240908,111,1,233,1,1506.58,0,1506.58
4312,20240522,12,6,214,1,1690.47,15,1436.9
4313,20250114,51,16,137,1,2879.69,0,2879.69
4314,20250401,72,20,12,2,1667.62,10,3001.72
4315,20240325,86,19,52,1,4002.37,0,4002.37
4316,20250509,48,12,,1,2551.26,5,2423.7
4317,20241102,13,10,85,1,4729.21,5,4492.75
4318,20250315,118,9,92,1,5698.72,5,5413.78
4319,20240907,67,25,340,1,4800.44,0,4800.44
4320,20250331,56,12,164,1,7088.96,0,7088.96
4321,20240120,47,11,314,1,2706.69,10,2436.02
4322,20240803,82,10,393,1,3179.41,0,3179.41
4323,20250519,14,11,289,1,4823.13,0,4823.13
4324,20240103,107,19,314,2,1952.14,0,3904.28
4325,20250218,89,8,58,1,4062.25,0,4062.25
4326,20250419,60,4,340,1,4273.1,0,4273.1
4327,20241207,83,9,118,2,2689.64,5,5110.32
4328,20240926,31,22,,2,7243.85,0,14487.7
4329,20250703,62,5,188,1,978.5,0,978.5
4330,20250214,33,4,139,1,2291.4,5,2176.83
4331,20250514,40,4,169,2,6858.19,0,13716.38
4332,20240807,80,22,122,2,5880.6,0,11761.2
4333,20250116,45,18,,2,1364.28,5,2592.13
4334,20241218,63,24,250,1,4196.34,0,4196.34
4335,20251031,53,13,,2,1453.18,15,2470.41
4336,20240925,81,21,100,1,1242.05,0,1242.05
4337,20251101,101,21,1,1,1131.31,0,1131.31
4338,20240914,52,19,228,1,2796.94,0,2796.94
4339,20250519,86,19,356,1,4002.37,0,4002.37
4340,20250723,45,23,175,4,1364.28,0,5457.12
4341,20240809,64,10,393,1,4068.92,0,4068.92
4342,20240127,25,20,52,1,659.99,0,659.99
4343,20250922,87,1,21,2,2952.23,0,5904.46
4344,20240206,50,15,331,1,3814.05,0,3814.05
4345,20250710,56,23,271,1,7088.96,5,6734.51
4346,20250211,116,23,384,2,6480.7,5,12313.33
4347,20240830,86,18,300,1,4002.37,0,4002.37
4348,20240912,46,7,250,4,4179.48,0,16717.92
4349,20251120,102,12,305,1,616.26,0,616.26
4350,20250410,17,5,110,1,1735.19,0,1735.19
4351,20240806,30,12,386,1,3704.61,0,3704.61
4352,20241005,25,2,159,1,659.99,5,626.99
4353,20250921,30,14,345,3,3704.61,0,11113.83
4354,20251230,99,24,227,2,4915.0,15,8355.5
4355,20251212,35,17,101,2,3748.04,10,6746.47
4356,20251114,2,22,,1,882.35,5,838.23
4357,20250107,100,21,187,1,4823.15,0,4823.15
4358,20240126,66,6,176,1,6204.11,20,4963.29
4359,20250301,31,24,303,3,7243.85,5,20644.97
4360,20240310,19,17,268,1,3799.68,15,3229.73
4361,20240416,12,5,101,2,1690.47,0,3380.94
4362,20240927,81,22,82,2,1242.05,0,2484.1
4363,20240420,75,16,280,1,2266.5,20,1813.2
4364,20241207,104,20,202,4,6527.04,10,23497.34
4365,20250407,34,21,194,3,1322.31,5,3768.58
4366,20240704,48,22,144,1,2551.26,0,2551.26
4367,20250617,13,25,341,2,4729.21,15,8039.66
4368,20241216,11,7,231,1,5902.88,20,4722.3
4369,20251204,44,5,,1,4747.67,5,4510.29
4370,20250706,13,23,228,2,4729.21,5,8985.5
4371,20250609,39,25,,2,3883.73,0,7767.46
4372,20250523,11,9,69,1,5902.88,15,5017.45
4373,20240924,85,17,125,1,6169.54,20,4935.63
4374,20240409,15,6,278,1,4621.37,0,4621.37
4375,20240719,1,17,399,1,1005.84,0,1005.84
4376,20250509,6,24,216,1,843.99,0,843.99
4377,20240421,70,8,194,1,3349.78,5,3182.29
4378,20240103,62,14,353,2,978.5,5,1859.15
4379,20240708,13,16,145,1,4729.21,10,4256.29
4380,20250208,72,2,53,1,1667.62,10,1500.86
4381,20240815,6,8,344,1,843.99,10,759.59
4382,20251101,43,13,220,1,3747.63,0,3747.63
4383,20250919,11,13,,2,5902.88,5,11215.47
4384,20240824,78,22,,2,1807.55,0,3615.1
4385,20250805,5,19,385,1,2284.3,0,2284.3
4386,20241101,17,11,59,2,1735.19,5,3296.86
4387,20251130,7,4,378,2,4794.43,5,9109.42
4388,20240412,25,13,73,1,659.99,0,659.99
4389,20240112,60,9,171,3,4273.1,0,12819.3
4390,20240911,82,13,400,2,3179.41,20,5087.06
4391,20250215,102,1,58,1,616.26,5,585.45
4392,20240126,71,23,188,2,3918.6,0,7837.2
4393,20240524,111,20,396,4,1506.58,0,6026.32
4394,20250530,106,10,319,1,717.87,0,717.87
4395,20250105,58,8,168,2,5200.5,0,10401.0
4396,20241212,118,9,112,2,5698.72,5,10827.57
4397,20240505,4,6,156,1,1722.15,10,1549.94
4398,20240331,20,18,45,1,1915.63,0,1915.63
4399,20251012,75,23,297,1,2266.5,0,2266.5
4400,20250909,59,4,253,1,2020.12,0,2020.12
4401,20240128,25,2,257,1,659.99,0,659.99
4402,20250809,39,3,358,1,3883.73,0,3883.73
4403,20250205,33,18,390,1,2291.4,5,2176.83
4404,20241124,27,8,287,1,1220.37,10,1098.33
4405,20250409,98,13,342,1,850.73,0,850.73
4406,20250201,36,8,336,2,682.61,15,1160.44
4407,20250410,87,21,120,2,2952.23,5,5609.24
4408,20250428,98,8,,1,850.73,0,850.73
4409,20250306,96,24,171,3,3006.66,20,7215.98
4410,20240927,112,11,1,1,1434.74,0,1434.74
4411,20250630,110,2,359,2,3839.63,0,7679.26
4412,20240810,108,4,177,1,3374.55,10,3037.1
4413,20241023,21,16,,1,1209.52,10,1088.57
4414,20250103,105,19,154,2,2890.92,0,5781.84
4415,20240430,14,4,,3,4823.13,5,13745.92
4416,20250205,40,15,345,2,6858.19,0,13716.38
4417,20250417,20,17,234,1,1915.63,0,1915.63
4418,20250813,27,10,138,3,1220.37,5,3478.05
4419,20240727,75,1,133,3,2266.5,0,6799.5
4420,20241223,95,14,,1,3960.41,5,3762.39
4421,20250903,24,21,209,1,3205.37,0,3205.37
4422,20250223,101,18,320,2,1131.31,0,2262.62
4423,20250327,114,15,192,1,3973.22,10,3575.9
4424,20240729,73,19,209,1,6348.65,0,6348.65
4425,20250424,76,6,389,3,5042.37,0,15127.11
4426,20240328,8,15,184,1,3576.07,5,3397.27
4427,20250305,23,6,17,1,5336.87,20,4269.5
4428,20251030,118,6,84,1,5698.72,5,5413.78
4429,20240904,7,5,302,3,4794.43,0,14383.29
4430,20250123,3,13,15,2,2631.02,20,4209.63
4431,20250121,73,9,349,3,6348.65,0,19045.95
4432,20241218,84,5,225,1,4822.61,0,4822.61
4433,20240523,77,10,,1,5233.57,0,5233.57
4434,20240219,5,13,136,1,2284.3,15,1941.66
4435,20250723,44,10,400,3,4747.67,0,14243.01
4436,20240429,75,21,267,2,2266.5,0,4533.0
4437,20250105,45,10,272,2,1364.28,0,2728.56
4438,20250330,53,25,68,1,1453.18,10,1307.86
4439,20250506,72,14,327,3,1667.62,0,5002.86
4440,20240129,87,6,,2,2952.23,20,4723.57
4441,20240621,16,8,247,1,4330.21,15,3680.68
4442,20250928,92,11,213,3,2008.22,20,4819.73
4443,20250813,85,5,242,1,6169.54,10,5552.59
4444,20240612,118,17,359,1,5698.72,10,5128.85
4445,20241113,73,12,89,1,6348.65,0,6348.65
4446,20251113,74,13,59,1,3249.83,0,3249.83
4447,20240706,70,18,242,1,3349.78,0,3349.78
4448,20251219,6,6,160,1,843.99,0,843.99
4449,20240122,19,22,361,1,3799.68,0,3799.68
4450,20250515,47,10,140,1,2706.69,0,2706.69
4451,20250525,80,5,357,1,5880.6,10,5292.54
4452,20241002,52,14,239,1,2796.94,5,2657.09
4453,20240410,46,6,349,1,4179.48,0,4179.48
4454,20240623,106,2,370,1,717.87,0,717.87
4455,20241215,38,24,97,1,1729.74,5,1643.25
4456,20250116,65,16,122,1,3541.34,0,3541.34
4457,20250701,91,21,,1,6185.93,0,6185.93
4458,20240922,43,15,79,1,3747.63,0,3747.63
4459,20240318,35,24,176,1,3748.04,0,3748.04
4460,20251011,59,1,,1,2020.12,0,2020.12
4461,20250318,64,20,248,1,4068.92,0,4068.92
4462,20240512,45,3,24,1,1364.28,5,1296.07
4463,20250716,93,24,122,1,4029.05,0,4029.05
4464,20250801,58,1,295,1,5200.5,0,5200.5
4465,20250503,75,11,304,3,2266.5,0,6799.5
4466,20251008,117,12,64,1,5631.66,10,5068.49
4467,20250910,83,15,,1,2689.64,20,2151.71
4468,20250422,43,15,57,4,3747.63,20,11992.42
4469,20240706,39,18,122,1,3883.73,0,3883.73
4470,20240513,45,20,,3,1364.28,0,4092.84
4471,20240312,23,10,241,2,5336.87,0,10673.74
4472,20251023,56,23,246,1,7088.96,10,6380.06
4473,20241031,25,21,323,2,659.99,10,1187.98
4474,20250929,115,15,85,1,2419.05,10,2177.15
4475,20250105,61,4,208,2,5731.62,10,10316.92
4476,20240816,115,17,332,1,2419.05,0,2419.05
4477,20250808,7,25,139,3,4794.43,5,13664.13
4478,20251018,38,5,298,2,1729.74,20,2767.58
4479,20251003,4,24,,1,1722.15,5,1636.04
4480,20250305,90,12,245,1,3873.38,0,3873.38
4481,20240620,52,13,356,2,2796.94,0,5593.88
4482,20240924,77,5,114,1,5233.57,5,4971.89
4483,20240224,77,25,,3,5233.57,15,13345.6
4484,20251006,8,4,76,1,3576.07,0,3576.07
4485,20251228,15,25,94,1,4621.37,15,3928.16
4486,20240921,63,11,7,2,4196.34,5,7973.05
4487,20250618,35,5,115,1,3748.04,0,3748.04
4488,20250624,95,9,157,1,3960.41,5,3762.39
4489,20251014,32,25,166,1,1604.88,5,1524.64
4490,20251211,62,16,43,4,978.5,0,3914.0
4491,20250901,3,6,394,3,2631.02,5,7498.41
4492,20250421,94,25,167,1,1460.17,5,1387.16
4493,20240526,78,19,,1,1807.55,20,1446.04
4494,20240226,56,10,209,1,7088.96,10,6380.06
4495,20241115,39,5,251,1,3883.73,5,3689.54
4496,20241128,41,9,27,2,5693.66,0,11387.32
4497,20251018,32,4,253,1,1604.88,5,1524.64
4498,20240303,95,14,187,2,3960.41,0,7920.82
4499,20250807,29,20,119,1,1567.62,0,1567.62
4500,20240120,36,11,379,2,682.61,5,1296.96
4501,20240706,102,23,263,1,616.26,5,585.45
4502,20241208,59,7,262,1,2020.12,0,2020.12
4503,20240121,120,16,175,1,5078.17,15,4316.44
4504,20251126,27,2,118,1,1220.37,0,1220.37
4505,20240702,20,10,130,1,1915.63,5,1819.85
4506,20250118,25,23,81,1,659.99,0,659.99
4507,20240215,42,3,65,1,2401.74,0,2401.74
4508,20240408,105,1,46,1,2890.92,0,2890.92
4509,20250701,110,16,,1,3839.63,20,3071.7
4510,20251011,90,2,78,2,3873.38,10,6972.08
4511,20251122,39,11,37,1,3883.73,5,3689.54
4512,20250115,105,12,68,1,2890.92,0,2890.92
4513,20240206,63,25,301,1,4196.34,0,4196.34
4514,20241219,116,1,381,1,6480.7,5,6156.66
4515,20250917,33,25,316,2,2291.4,0,4582.8
4516,20241207,89,16,161,1,4062.25,15,3452.91
4517,20250205,56,8,264,1,7088.96,0,7088.96
4518,20241011,53,8,,2,1453.18,0,2906.36
4519,20250224,18,3,275,1,5185.3,15,4407.51
4520,20250318,31,11,399,1,7243.85,0,7243.85
4521,20240315,41,2,29,1,5693.66,5,5408.98
4522,20250129,65,12,216,1,3541.34,0,3541.34
4523,20240320,40,7,355,3,6858.19,0,20574.57
4524,20250601,6,24,20,1,843.99,0,843.99
4525,20241018,98,25,50,2,850.73,5,1616.39
4526,20250906,20,16,269,1,1915.63,0,1915.63
4527,20250831,27,2,201,1,1220.37,0,1220.37
4528,20240905,72,17,261,1,1667.62,0,1667.62
4529,20241226,12,17,181,3,1690.47,15,4310.7
4530,20240216,45,21,,1,1364.28,0,1364.28
4531,20250213,98,18,83,1,850.73,0,850.73
4532,20240205,2,16,366,1,882.35,10,794.12
4533,20251015,71,4,149,1,3918.6,5,3722.67
4534,20250414,27,12,10,1,1220.37,0,1220.37
4535,20251230,100,1,114,1,4823.15,0,4823.15
4536,20250330,114,17,300,1,3973.22,5,3774.56
4537,20240415,83,9,146,1,2689.64,0,2689.64
4538,20250417,115,3,247,1,2419.05,0,2419.05
4539,20250321,49,17,214,1,3974.14,0,3974.14
4540,20250728,44,25,52,1,4747.67,0,4747.67
4541,20250317,6,12,188,2,843.99,0,1687.98
4542,20241106,32,25,,1,1604.88,5,1524.64
4543,20250325,27,19,9,2,1220.37,0,2440.74
4544,20250625,107,12,389,2,1952.14,0,3904.28
4545,20250425,91,16,124,1,6185.93,0,6185.93
4546,20250122,64,23,56,1,4068.92,0,4068.92
4547,20250301,14,12,247,1,4823.13,0,4823.13
4548,20240415,19,9,71,3,3799.68,20,9119.23
4549,20241024,44,11,,1,4747.67,0,4747.67
4550,20250827,5,17,369,1,2284.3,5,2170.09
4551,20250717,108,7,254,1,3374.55,0,3374.55
4552,20250616,66,16,194,1,6204.11,0,6204.11
4553,20240726,103,25,270,1,5201.47,5,4941.4
4554,20240129,4,19,,1,1722.15,0,1722.15
4555,20241110,80,8,252,1,5880.6,5,5586.57
4556,20240418,57,19,330,1,3796.83,20,3037.46
4557,20250227,97,13,318,1,4779.12,0,4779.12
4558,20240412,67,20,81,1,4800.44,0,4800.44
4559,20241201,81,13,,1,1242.05,0,1242.05
4560,20240512,29,10,,1,1567.62,0,1567.62
4561,20240414,24,12,,1,3205.37,5,3045.1
4562,20240214,106,9,265,2,717.87,0,1435.74
4563,20250603,113,1,212,1,4385.13,0,4385.13
4564,20250709,103,4,112,1,5201.47,0,5201.47
4565,20250720,38,25,326,1,1729.74,5,1643.25
4566,20250125,103,7,168,1,5201.47,0,5201.47
4567,20241126,107,18,145,1,1952.14,0,1952.14
4568,20240528,21,9,77,1,1209.52,0,1209.52
4569,20250206,25,24,,2,659.99,0,1319.98
4570,20240319,39,12,,3,3883.73,10,10486.07
4571,20240422,117,18,,1,5631.66,5,5350.08
4572,20251008,76,4,63,1,5042.37,0,5042.37
4573,20250810,53,1,13,1,1453.18,15,1235.2
4574,20240404,112,17,382,1,1434.74,0,1434.74
4575,20250817,103,20,162,2,5201.47,0,10402.94
4576,20251104,87,20,156,2,2952.23,0,5904.46
4577,20250719,86,25,33,3,4002.37,0,12007.11
4578,20240321,36,3,36,1,682.61,0,682.61
4579,20250729,82,4,176,3,3179.41,5,9061.32
4580,20240825,21,11,228,2,1209.52,5,2298.09
4581,20241113,40,15,,1,6858.19,0,6858.19
4582,20241008,102,2,198,1,616.26,0,616.26
4583,20250530,59,17,12,1,2020.12,0,2020.12
4584,20241228,98,13,243,1,850.73,10,765.66
4585,20250413,42,22,308,1,2401.74,0,2401.74
4586,20241001,4,8,231,1,1722.15,5,1636.04
4587,20250817,79,17,310,3,1528.97,0,4586.91
4588,20240419,91,8,315,1,6185.93,0,6185.93
4589,20251007,52,10,,2,2796.94,0,5593.88
4590,20240620,55,25,180,1,735.67,0,735.67
4591,20251023,72,2,204,1,1667.62,5,1584.24
4592,20240207,11,1,309,1,5902.88,0,5902.88
4593,20250220,101,4,116,1,1131.31,0,1131.31
4594,20241022,3,2,149,3,2631.02,0,7893.06
4595,20250905,39,18,326,1,3883.73,10,3495.36
4596,20250828,35,17,36,1,3748.04,15,3185.83
4597,20240909,52,4,,1,2796.94,15,2377.4
4598,20250424,1,25,,1,1005.84,20,804.67
4599,20240815,84,16,159,1,4822.61,10,4340.35
4600,20240207,57,17,38,1,3796.83,5,3606.99
4601,20250309,107,2,143,1,1952.14,0,1952.14
4602,20240405,35,10,183,1,3748.04,5,3560.64
4603,20250403,36,8,341,1,682.61,0,682.61
4604,20250801,94,14,176,1,1460.17,0,1460.17
4605,20250804,14,16,14,2,4823.13,5,9163.95
4606,20250103,32,1,388,1,1604.88,5,1524.64
4607,20250822,75,6,207,4,2266.5,0,9066.0
4608,20250130,92,4,315,1,2008.22,10,1807.4
4609,20240829,14,15,291,2,4823.13,10,8681.63
4610,20251212,117,5,254,2,5631.66,0,11263.32
4611,20240719,102,24,179,2,616.26,0,1232.52
4612,20241203,85,8,79,2,6169.54,5,11722.13
4613,20250201,71,15,134,2,3918.6,20,6269.76
4614,20240904,36,19,64,2,682.61,0,1365.22
4615,20250915,50,15,221,1,3814.05,0,3814.05
4616,20251018,13,16,164,1,4729.21,0,4729.21
4617,20240504,50,5,202,1,3814.05,5,3623.35
4618,20250919,25,12,202,1,659.99,0,659.99
4619,20250829,69,23,8,1,2128.62,0,2128.62
4620,20251005,83,11,3,2,2689.64,0,5379.28
4621,20240831,33,22,357,2,2291.4,0,4582.8
4622,20250707,51,13,299,3,2879.69,0,8639.07
4623,20240509,78,21,,1,1807.55,15,1536.42
4624,20250202,7,1,,1,4794.43,20,3835.54
4625,20240423,86,25,43,2,4002.37,0,8004.74
4626,20250301,10,19,288,1,3316.3,0,3316.3
4627,20250930,81,17,,3,1242.05,10,3353.53
4628,20240102,7,22,263,1,4794.43,10,4314.99
4629,20250627,110,10,193,2,3839.63,5,7295.3
4630,20251127,88,23,208,1,2796.03,0,2796.03
4631,20240811,10,2,135,1,3316.3,0,3316.3
4632,20250422,81,8,212,2,1242.05,15,2111.48
4633,20241120,93,14,,1,4029.05,20,3223.24
4634,20250627,71,5,11,1,3918.6,10,3526.74
4635,20250622,94,13,63,1,1460.17,0,1460.17
4636,20251006,81,23,15,1,1242.05,0,1242.05
4637,20240429,89,21,123,1,4062.25,0,4062.25
4638,20251002,79,19,,2,1528.97,0,3057.94
4639,20240116,108,8,296,1,3374.55,5,3205.82
4640,20240821,85,6,72,2,6169.54,0,12339.08
4641,20251012,104,13,53,1,6527.04,15,5547.98
4642,20240903,60,19,320,1,4273.1,10,3845.79
4643,20240618,120,6,315,1,5078.17,0,5078.17
4644,20241104,88,17,128,2,2796.03,5,5312.46
4645,20250315,99,23,223,1,4915.0,15,4177.75
4646,20240428,10,10,114,1,3316.3,0,3316.3
4647,20240125,78,23,165,1,1807.55,0,1807.55
4648,20241207,41,23,346,1,5693.66,5,5408.98
4649,20251017,117,13,86,2,5631.66,0,11263.32
4650,20250916,7,6,296,1,4794.43,0,4794.43
4651,20251231,94,9,121,1,1460.17,0,1460.17
4652,20240701,114,24,203,2,3973.22,0,7946.44
4653,20240713,42,17,275,2,2401.74,0,4803.48
4654,20241123,45,22,291,3,1364.28,0,4092.84
4655,20240820,93,15,293,1,4029.05,10,3626.15
4656,20250515,110,19,178,1,3839.63,20,3071.7
4657,20240529,33,24,350,1,2291.4,0,2291.4
4658,20251122,28,13,234,1,3988.05,5,3788.65
4659,20250311,19,12,335,1,3799.68,0,3799.68
4660,20240415,21,12,150,2,1209.52,0,2419.04
4661,20240731,4,1,186,1,1722.15,0,1722.15
4662,20250604,90,5,86,1,3873.38,20,3098.7
4663,20250726,18,17,88,2,5185.3,0,10370.6
4664,20250428,88,23,104,1,2796.03,5,2656.23
4665,20240823,92,14,391,3,2008.22,0,6024.66
4666,20240601,24,1,4,1,3205.37,0,3205.37
4667,20240124,71,10,241,1,3918.6,5,3722.67
4668,20250323,88,23,314,1,2796.03,10,2516.43
4669,20240802,81,13,81,1,1242.05,5,1179.95
4670,20241227,43,3,10,1,3747.63,0,3747.63
4671,20240323,5,17,156,1,2284.3,10,2055.87
4672,20251228,17,5,89,1,1735.19,0,1735.19
4673,20240802,54,1,69,1,2808.33,0,2808.33
4674,20240606,96,21,2,2,3006.66,0,6013.32
4675,20241005,88,5,328,1,2796.03,20,2236.82
4676,20241204,104,7,223,2,6527.04,0,13054.08
4677,20250727,4,20,213,2,1722.15,0,3444.3
4678,20250308,108,14,286,1,3374.55,5,3205.82
4679,20240110,32,7,131,1,1604.88,15,1364.15
4680,20240306,3,13,,1,2631.02,5,2499.47
4681,20240105,4,22,149,2,1722.15,0,3444.3
4682,20240129,13,11,49,1,4729.21,0,4729.21
4683,20250817,53,23,2,1,1453.18,0,1453.18
4684,20240501,46,1,10,1,4179.48,20,3343.58
4685,20250221,79,19,213,1,1528.97,5,1452.52
4686,20240718,16,11,363,1,4330.21,0,4330.21
4687,20240907,90,6,283,3,3873.38,0,11620.14
4688,20250715,25,15,326,1,659.99,0,659.99
4689,20241004,95,2,366,1,3960.41,20,3168.33
4690,20240627,44,24,102,1,4747.67,0,4747.67
4691,20240419,12,4,398,1,1690.47,0,1690.47
4692,20250602,88,14,238,1,2796.03,0,2796.03
4693,20250705,23,13,,1,5336.87,0,5336.87
4694,20250628,76,1,11,1,5042.37,20,4033.9
4695,20250630,115,17,,2,2419.05,0,4838.1
4696,20250710,56,3,159,2,7088.96,0,14177.92
4697,20250915,115,8,360,1,2419.05,5,2298.1
4698,20241029,85,24,93,1,6169.54,5,5861.06
4699,20241227,73,14,228,1,6348.65,5,6031.22
4700,20240331,14,22,230,4,4823.13,10,17363.27
4701,20240816,3,23,170,1,2631.02,20,2104.82
4702,20250328,112,9,350,1,1434.74,20,1147.79
4703,20240101,71,19,183,3,3918.6,5,11168.01
4704,20240209,103,25,179,1,5201.47,20,4161.18
4705,20240704,15,25,195,2,4621.37,5,8780.6
4706,20250119,8,1,101,1,3576.07,0,3576.07
4707,20240313,17,22,296,2,1735.19,5,3296.86
4708,20240820,1,22,254,1,1005.84,15,854.96
4709,20240429,96,8,293,1,3006.66,5,2856.33
4710,20250814,114,20,54,1,3973.22,15,3377.24
4711,20251213,51,2,113,1,2879.69,5,2735.71
4712,20250707,113,17,75,1,4385.13,5,4165.87
4713,20250728,111,20,263,1,1506.58,0,1506.58
4714,20240921,100,8,240,1,4823.15,0,4823.15
4715,20251229,117,19,,1,5631.66,0,5631.66
4716,20250824,37,20,314,2,3761.37,15,6394.33
4717,20251031,106,10,161,1,717.87,15,610.19
4718,20251106,33,10,23,1,2291.4,5,2176.83
4719,20240623,96,14,328,2,3006.66,0,6013.32
4720,20251031,30,10,182,4,3704.61,0,14818.44
4721,20250204,4,24,175,1,1722.15,15,1463.83
4722,20240802,118,20,321,1,5698.72,10,5128.85
4723,20240225,60,20,294,3,4273.1,0,12819.3
4724,20241117,58,17,345,1,5200.5,0,5200.5
4725,20250719,10,13,159,4,3316.3,0,13265.2
4726,20241109,87,2,356,1,2952.23,20,2361.78
4727,20251029,86,4,239,1,4002.37,0,4002.37
4728,20251203,82,7,14,1,3179.41,0,3179.41
4729,20250604,69,7,81,1,2128.62,0,2128.62
4730,20251229,65,11,121,3,3541.34,0,10624.02
4731,20250824,78,11,284,1,1807.55,10,1626.8
4732,20240710,29,3,71,3,1567.62,5,4467.72
4733,20250206,41,7,122,1,5693.66,5,5408.98
4734,20241204,104,4,231,1,6527.04,5,6200.69
4735,20240224,25,5,126,1,659.99,0,659.99
4736,20241026,55,20,18,1,735.67,5,698.89
4737,20241117,48,12,22,3,2551.26,0,7653.78
4738,20240211,53,4,38,1,1453.18,20,1162.54
4739,20240928,120,12,241,2,5078.17,0,10156.34
4740,20240612,14,18,340,1,4823.13,20,3858.5
4741,20240531,62,22,8,2,978.5,0,1957.0
4742,20250324,95,13,79,1,3960.41,0,3960.41
4743,20250708,84,8,324,1,4822.61,0,4822.61
4744,20241017,54,18,128,1,2808.33,15,2387.08
4745,20250114,48,11,175,1,2551.26,0,2551.26
4746,20250221,28,23,4,1,3988.05,0,3988.05
4747,20250705,78,22,111,1,1807.55,0,1807.55
4748,20250223,110,7,308,1,3839.63,5,3647.65
4749,20250224,5,1,356,2,2284.3,0,4568.6
4750,20250802,49,24,73,3,3974.14,0,11922.42
4751,20250730,3,6,95,1,2631.02,5,2499.47
4752,20250118,44,22,,1,4747.67,10,4272.9
4753,20240208,56,21,237,1,7088.96,5,6734.51
4754,20241214,87,4,29,1,2952.23,10,2657.01
4755,20240915,40,20,,1,6858.19,0,6858.19
4756,20240616,117,4,373,1,5631.66,5,5350.08
4757,20251203,31,25,119,1,7243.85,5,6881.66
4758,20240315,95,20,194,2,3960.41,5,7524.78
4759,20240425,1,11,246,1,1005.84,0,1005.84
4760,20250303,6,2,65,2,843.99,0,1687.98
4761,20251030,60,15,94,1,4273.1,0,4273.1
4762,20241019,80,18,377,1,5880.6,15,4998.51
4763,20240619,115,18,32,1,2419.05,0,2419.05
4764,20251210,85,17,383,2,6169.54,20,9871.26
4765,20240620,54,19,150,1,2808.33,5,2667.91
4766,20250109,65,19,380,2,3541.34,0,7082.68
4767,20240114,109,19,355,2,2954.88,5,5614.27
4768,20240928,57,5,132,3,3796.83,20,9112.39
4769,20240630,47,15,282,1,2706.69,0,2706.69
4770,20250521,71,18,227,1,3918.6,5,3722.67
4771,20250912,35,14,240,1,3748.04,10,3373.24
4772,20250320,12,5,264,1,1690.47,0,1690.47
4773,20240605,70,10,268,1,3349.78,5,3182.29
4774,20250608,102,5,352,2,616.26,5,1170.89
4775,20250121,33,4,1,1,2291.4,10,2062.26
4776,20240317,83,17,18,1,2689.64,5,2555.16
4777,20250211,70,17,,1,3349.78,5,3182.29
4778,20251018,52,13,242,3,2796.94,5,7971.28
4779,20250111,82,3,299,1,3179.41,15,2702.5
4780,20240627,98,25,69,1,850.73,0,850.73
4781,20250117,87,22,205,2,2952.23,0,5904.46
4782,20250910,11,20,134,1,5902.88,0,5902.88
4783,20240103,120,23,1,1,5078.17,10,4570.35
4784,20251202,52,16,53,1,2796.94,0,2796.94
4785,20250423,84,4,29,1,4822.61,0,4822.61
4786,20241018,29,8,281,1,1567.62,5,1489.24
4787,20250903,49,15,332,3,3974.14,0,11922.42
4788,20251116,7,11,47,1,4794.43,10,4314.99
4789,20240101,7,22,55,1,4794.43,5,4554.71
4790,20240129,93,6,,1,4029.05,0,4029.05
4791,20241022,73,16,391,3,6348.65,0,19045.95
4792,20251130,80,6,,1,5880.6,5,5586.57
4793,20250926,116,16,320,2,6480.7,0,12961.4
4794,20251025,59,22,340,2,2020.12,0,4040.24
4795,20240823,112,20,305,2,1434.74,20,2295.58
4796,20241112,33,25,78,1,2291.4,5,2176.83
4797,20250922,98,24,333,1,850.73,0,850.73
4798,20250218,37,4,369,1,3761.37,0,3761.37
4799,20251127,109,12,,2,2954.88,0,5909.76
4800,20250414,120,25,393,1,5078.17,0,5078.17
4801,20250309,102,25,294,2,616.26,5,1170.89
4802,20250403,49,18,347,3,3974.14,10,10730.18
4803,20240105,108,17,255,2,3374.55,10,6074.19
4804,20250413,39,20,186,1,3883.73,5,3689.54
4805,20250204,67,17,,1,4800.44,5,4560.42
4806,20250611,8,7,173,1,3576.07,0,3576.07
4807,20240216,87,12,136,1,2952.23,5,2804.62
4808,20250814,72,14,133,1,1667.62,0,1667.62
4809,20240528,57,24,50,3,3796.83,0,11390.49
4810,20240228,117,23,355,2,5631.66,20,9010.66
4811,20240913,53,22,262,1,1453.18,5,1380.52
4812,20241125,77,8,40,1,5233.57,10,4710.21
4813,20250225,16,17,27,2,4330.21,0,8660.42
4814,20251212,26,21,273,1,1355.83,10,1220.25
4815,20240608,19,22,136,1,3799.68,5,3609.7
4816,20250522,85,5,,2,6169.54,0,12339.08
4817,20240616,106,19,248,3,717.87,0,2153.61
4818,20240414,92,20,33,2,2008.22,10,3614.8
4819,20250426,88,9,277,1,2796.03,0,2796.03
4820,20240106,38,6,234,3,1729.74,0,5189.22
4821,20250714,118,9,93,1,5698.72,0,5698.72
4822,20250414,24,16,25,2,3205.37,0,6410.74
4823,20240527,80,6,220,1,5880.6,0,5880.6
4824,20251026,80,15,278,1,5880.6,15,4998.51
4825,20241204,38,9,133,2,1729.74,10,3113.53
4826,20240311,31,9,,3,7243.85,15,18471.82
4827,20240519,93,19,110,1,4029.05,15,3424.69
4828,20240104,89,11,223,1,4062.25,0,4062.25
4829,20251110,9,23,129,1,4835.47,0,4835.47
4830,20250909,4,4,143,2,1722.15,0,3444.3
4831,20241028,62,20,369,2,978.5,0,1957.0
4832,20240501,118,3,210,1,5698.72,0,5698.72
4833,20251223,17,23,32,3,1735.19,10,4685.01
4834,20240129,85,14,130,1,6169.54,10,5552.59
4835,20240825,14,13,,2,4823.13,0,9646.26
4836,20241102,31,8,,2,7243.85,20,11590.16
4837,20240629,104,21,252,1,6527.04,0,6527.04
4838,20251026,21,10,181,1,1209.52,10,1088.57
4839,20240417,17,21,,1,1735.19,0,1735.19
4840,20250711,109,6,250,1,2954.88,10,2659.39
4841,20250208,54,3,153,1,2808.33,10,2527.5
4842,20241205,66,13,182,1,6204.11,5,5893.9
4843,20241030,11,17,85,1,5902.88,5,5607.74
4844,20250618,23,11,88,3,5336.87,0,16010.61
4845,20250707,49,14,162,2,3974.14,5,7550.87
4846,20250203,76,23,390,1,5042.37,0,5042.37
4847,20240609,89,18,230,2,4062.25,0,8124.5
4848,20240215,32,3,346,1,1604.88,5,1524.64
4849,20250722,111,15,,2,1506.58,10,2711.84
4850,20240802,96,6,107,2,3006.66,15,5111.32
4851,20250619,56,10,227,3,7088.96,5,20203.54
4852,20250712,50,5,278,2,3814.05,10,6865.29
4853,20240709,61,5,379,1,5731.62,0,5731.62
4854,20240906,20,1,248,1,1915.63,0,1915.63
4855,20241002,57,3,4,1,3796.83,5,3606.99
4856,20240821,106,8,325,1,717.87,15,610.19
4857,20251013,91,12,176,2,6185.93,0,12371.86
4858,20251027,17,15,366,2,1735.19,0,3470.38
4859,20241204,28,11,362,1,3988.05,0,3988.05
4860,20240508,100,15,326,1,4823.15,0,4823.15
4861,20250717,45,15,12,1,1364.28,0,1364.28
4862,20240917,6,25,79,1,843.99,0,843.99
4863,20250224,67,20,359,1,4800.44,20,3840.35
4864,20250405,115,15,151,1,2419.05,0,2419.05
4865,20250725,69,3,299,1,2128.62,10,1915.76
4866,20241019,52,21,271,1,2796.94,10,2517.25
4867,20241217,49,20,,3,3974.14,0,11922.42
4868,20251118,119,9,221,1,2956.72,0,2956.72
4869,20240710,92,6,37,3,2008.22,0,6024.66
4870,20250711,78,11,239,3,1807.55,0,5422.65
4871,20240111,85,14,123,1,6169.54,0,6169.54
4872,20241116,75,19,143,3,2266.5,0,6799.5
4873,20240202,63,14,,1,4196.34,0,4196.34
4874,20240301,11,5,25,1,5902.88,20,4722.3
4875,20250812,66,1,124,2,6204.11,0,12408.22
4876,20240403,111,25,279,1,1506.58,0,1506.58
4877,20250716,80,2,281,2,5880.6,0,11761.2
4878,20250707,87,1,188,2,2952.23,0,5904.46
4879,20241013,108,7,235,1,3374.55,5,3205.82
4880,20250405,63,6,236,1,4196.34,0,4196.34
4881,20250125,47,20,318,1,2706.69,5,2571.36
4882,20250818,86,10,254,1,4002.37,0,4002.37
4883,20250806,48,12,,1,2551.26,15,2168.57
4884,20240902,89,21,289,2,4062.25,0,8124.5
4885,20240427,39,17,147,2,3883.73,5,7379.09
4886,20251001,45,6,68,2,1364.28,5,2592.13
4887,20250110,19,2,343,2,3799.68,5,7219.39
4888,20250527,21,25,202,1,1209.52,0,1209.52
4889,20240309,79,21,48,1,1528.97,15,1299.62
4890,20250518,38,23,77,1,1729.74,0,1729.74
4891,20251111,18,16,392,1,5185.3,0,5185.3
4892,20240726,4,17,281,1,1722.15,20,1377.72
4893,20240712,106,24,124,1,717.87,15,610.19
4894,20240621,95,10,147,1,3960.41,5,3762.39
4895,20250819,26,25,149,1,1355.83,10,1220.25
4896,20240123,74,9,,2,3249.83,0,6499.66
4897,20250718,116,2,338,1,6480.7,0,6480.7
4898,20241120,75,19,,1,2266.5,15,1926.52
4899,20250504,78,9,,2,1807.55,5,3434.34
4900,20240606,42,10,45,1,2401.74,5,2281.65
4901,20240426,27,10,374,4,1220.37,0,4881.48
4902,20250529,91,12,104,1,6185.93,10,5567.34
4903,20250930,56,23,237,1,7088.96,0,7088.96
4904,20240709,64,8,66,1,4068.92,0,4068.92
4905,20240127,99,6,357,2,4915.0,0,9830.0
4906,20240817,6,3,157,1,843.99,0,843.99
4907,20250622,78,2,331,1,1807.55,0,1807.55
4908,20250123,87,14,185,1,2952.23,0,2952.23
4909,20250809,14,22,303,1,4823.13,0,4823.13
4910,20251117,28,7,288,2,3988.05,5,7577.3
4911,20240406,57,5,221,2,3796.83,5,7213.98
4912,20250515,7,10,365,2,4794.43,20,7671.09
4913,20250510,11,1,112,1,5902.88,15,5017.45
4914,20240404,80,4,391,1,5880.6,0,5880.6
4915,20240131,15,8,82,1,4621.37,15,3928.16
4916,20240911,35,9,221,1,3748.04,0,3748.04
4917,20240919,115,17,201,1,2419.05,10,2177.15
4918,20250522,59,12,79,1,2020.12,10,1818.11
4919,20250415,20,8,,1,1915.63,5,1819.85
4920,20240430,51,1,340,1,2879.69,5,2735.71
4921,20240319,12,21,344,2,1690.47,10,3042.85
4922,20241119,99,23,16,3,4915.0,10,13270.5
4923,20250810,79,13,106,1,1528.97,0,1528.97
4924,20250417,3,1,312,1,2631.02,15,2236.37
4925,20250210,51,22,367,1,2879.69,10,2591.72
4926,20240811,89,15,,1,4062.25,5,3859.14
4927,20241121,67,1,297,1,4800.44,15,4080.37
4928,20241007,84,2,102,1,4822.61,0,4822.61
4929,20240808,109,1,208,1,2954.88,0,2954.88
4930,20250517,38,10,278,1,1729.74,5,1643.25
4931,20250930,113,21,240,1,4385.13,5,4165.87
4932,20250814,64,6,167,3,4068.92,10,10986.08
4933,20240524,88,12,173,2,2796.03,0,5592.06
4934,20240425,28,20,295,3,3988.05,10,10767.74
4935,20240807,118,10,85,2,5698.72,0,11397.44
4936,20250522,70,18,281,2,3349.78,0,6699.56
4937,20250730,108,21,124,1,3374.55,0,3374.55
4938,20251212,31,14,187,1,7243.85,0,7243.85
4939,20241007,67,14,365,1,4800.44,0,4800.44
4940,20250517,99,3,205,1,4915.0,0,4915.0
4941,20241219,114,6,247,1,3973.22,0,3973.22
4942,20250101,66,10,,1,6204.11,5,5893.9
4943,20241002,33,3,92,1,2291.4,5,2176.83
4944,20251229,28,23,36,1,3988.05,0,3988.05
4945,20240501,14,10,16,2,4823.13,15,8199.32
4946,20240318,12,17,205,2,1690.47,0,3380.94
4947,20241206,44,11,139,1,4747.67,0,4747.67
4948,20240921,23,24,127,1,5336.87,10,4803.18
4949,20240825,64,15,,1,4068.92,0,4068.92
4950,20241024,113,22,352,1,4385.13,20,3508.1
4951,20250803,46,22,218,1,4179.48,0,4179.48
4952,20240108,109,3,,3,2954.88,5,8421.41
4953,20240520,20,16,113,3,1915.63,0,5746.89
4954,20250824,61,9,354,1,5731.62,10,5158.46
4955,20250331,96,7,272,1,3006.66,0,3006.66
4956,20240226,75,11,324,1,2266.5,20,1813.2
4957,20250822,25,9,,2,659.99,5,1253.98
4958,20250220,88,12,,1,2796.03,0,2796.03
4959,20251210,102,9,386,2,616.26,0,1232.52
4960,20241008,105,17,288,1,2890.92,15,2457.28
4961,20250430,105,15,,1,2890.92,0,2890.92
4962,20250513,119,19,339,1,2956.72,15,2513.21
4963,20240507,40,6,182,1,6858.19,5,6515.28
4964,20250131,55,19,71,2,735.67,20,1177.07
4965,20251214,61,23,182,2,5731.62,0,11463.24
4966,20241217,22,17,,1,6438.69,0,6438.69
4967,20240309,83,15,157,1,2689.64,5,2555.16
4968,20241018,90,25,95,1,3873.38,5,3679.71
4969,20250223,92,7,84,1,2008.22,15,1706.99
4970,20250610,78,16,352,3,1807.55,10,4880.39
4971,20240224,12,15,,1,1690.47,15,1436.9
4972,20240508,88,23,326,1,2796.03,0,2796.03
4973,20240317,95,24,139,2,3960.41,10,7128.74
4974,20250802,39,18,358,3,3883.73,0,11651.19
4975,20251002,91,21,126,1,6185.93,0,6185.93
4976,20240602,101,18,110,1,1131.31,5,1074.74
4977,20250428,92,12,338,1,2008.22,20,1606.58
4978,20240507,85,7,,1,6169.54,15,5244.11
4979,20250122,36,21,365,1,682.61,10,614.35
4980,20241215,67,18,374,2,4800.44,0,9600.88
4981,20250621,111,15,346,2,1506.58,10,2711.84
4982,20241011,10,24,250,2,3316.3,0,6632.6
4983,20250302,16,3,206,1,4330.21,0,4330.21
4984,20251027,11,4,259,1,5902.88,10,5312.59
4985,20250413,47,10,393,1,2706.69,15,2300.69
4986,20240805,94,25,280,2,1460.17,10,2628.31
4987,20251228,24,8,370,1,3205.37,20,2564.3
4988,20250726,87,24,3,1,2952.23,5,2804.62
4989,20240503,81,5,89,1,1242.05,0,1242.05
4990,20240329,97,21,285,2,4779.12,5,9080.33
4991,20240616,97,6,293,4,4779.12,0,19116.48
4992,20250222,86,13,10,1,4002.37,0,4002.37
4993,20240727,71,7,332,4,3918.6,0,15674.4
4994,20250223,40,13,343,1,6858.19,20,5486.55
4995,20240102,107,1,382,1,1952.14,10,1756.93
4996,20250830,108,1,126,1,3374.55,10,3037.1
4997,20250624,81,17,214,3,1242.05,5,3539.84
4998,20250321,97,19,19,1,4779.12,10,4301.21
4999,20251224,5,19,264,1,2284.3,0,2284.3
5000,20250831,20,22,223,1,1915.63,0,1915.63
5001,20250326,111,14,91,1,1506.58,0,1506.58
5002,20250501,103,10,138,2,5201.47,0,10402.94
5003,20250328,18,14,185,1,5185.3,0,5185.3
5004,20250904,66,6,229,4,6204.11,0,24816.44
5005,20250503,74,12,,3,3249.83,0,9749.49
5006,20241110,43,25,77,1,3747.63,0,3747.63
5007,20240702,51,20,116,1,2879.69,0,2879.69
5008,20250202,85,9,191,3,6169.54,0,18508.62
5009,20240111,79,23,237,2,1528.97,10,2752.15
5010,20240210,94,13,45,1,1460.17,0,1460.17
5011,20251024,20,9,382,1,1915.63,0,1915.63
5012,20241216,91,18,390,1,6185.93,5,5876.63
5013,20240126,8,24,108,1,3576.07,15,3039.66
5014,20250221,77,7,253,1,5233.57,0,5233.57
5015,20240921,17,5,182,1,1735.19,0,1735.19
5016,20250616,30,15,113,1,3704.61,0,3704.61
5017,20241211,97,19,19,1,4779.12,0,4779.12
5018,20250427,106,25,366,2,717.87,0,1435.74
5019,20251210,75,10,107,1,2266.5,15,1926.52
5020,20240728,96,15,,1,3006.66,0,3006.66
5021,20240720,88,4,276,2,2796.03,0,5592.06
5022,20250630,36,12,393,3,682.61,0,2047.83
5023,20251023,63,18,7,1,4196.34,0,4196.34
5024,20240413,76,17,329,1,5042.37,10,4538.13
5025,20251204,87,4,216,1,2952.23,0,2952.23
5026,20240117,115,21,152,1,2419.05,5,2298.1
5027,20241110,39,24,74,1,3883.73,0,3883.73
5028,20251214,70,8,343,1,3349.78,0,3349.78
5029,20241126,27,23,231,1,1220.37,20,976.3
5030,20250908,55,17,316,1,735.67,5,698.89
5031,20240515,68,18,293,1,1648.1,5,1565.69
5032,20250920,117,20,347,1,5631.66,10,5068.49
5033,20251124,28,3,12,1,3988.05,0,3988.05
5034,20250606,48,25,346,1,2551.26,0,2551.26
5035,20250106,100,3,373,1,4823.15,0,4823.15
5036,20250209,56,14,378,1,7088.96,0,7088.96
5037,20251118,99,2,235,1,4915.0,0,4915.0
5038,20250303,61,3,291,1,5731.62,0,5731.62
5039,20240909,19,18,371,1,3799.68,15,3229.73
5040,20240101,30,17,159,1,3704.61,0,3704.61
5041,20240621,20,4,290,2,1915.63,0,3831.26
5042,20251124,57,10,347,4,3796.83,0,15187.32
5043,20250910,33,20,306,1,2291.4,0,2291.4
5044,20250730,45,11,147,1,1364.28,0,1364.28
5045,20251109,84,12,241,1,4822.61,0,4822.61
5046,20240202,7,5,47,1,4794.43,0,4794.43
5047,20250423,27,13,114,1,1220.37,20,976.3
5048,20241225,95,13,237,1,3960.41,5,3762.39
5049,20240709,22,24,259,1,6438.69,5,6116.76
5050,20250904,9,14,3,2,4835.47,5,9187.39
5051,20240204,78,1,266,1,1807.55,5,1717.17
5052,20240124,96,15,382,1,3006.66,0,3006.66
5053,20250403,100,25,293,1,4823.15,0,4823.15
5054,20250425,66,12,323,3,6204.11,0,18612.33
5055,20250317,102,2,316,1,616.26,5,585.45
5056,20250522,13,14,395,2,4729.21,5,8985.5
5057,20251015,72,4,,1,1667.62,0,1667.62
5058,20240909,92,9,295,2,2008.22,0,4016.44
5059,20250520,102,7,120,1,616.26,10,554.63
5060,20240228,96,25,365,1,3006.66,0,3006.66
5061,20250809,4,22,224,1,1722.15,20,1377.72
5062,20250720,25,15,156,2,659.99,0,1319.98
5063,20250830,68,25,122,4,1648.1,0,6592.4
5064,20240927,46,2,207,1,4179.48,5,3970.51
5065,20250530,6,13,166,1,843.99,0,843.99
5066,20250607,111,19,345,1,1506.58,0,1506.58
5067,20250914,82,6,114,1,3179.41,15,2702.5
5068,20250101,33,17,169,1,2291.4,0,2291.4
5069,20240414,88,12,121,1,2796.03,0,2796.03
5070,20250617,70,2,159,1,3349.78,0,3349.78
5071,20250313,1,10,31,1,1005.84,0,1005.84
5072,20250327,36,15,299,1,682.61,5,648.48
5073,20240324,55,3,60,2,735.67,0,1471.34
5074,20240831,94,19,208,1,1460.17,20,1168.14
5075,20250718,101,14,365,3,1131.31,0,3393.93
5076,20250730,116,21,,2,6480.7,0,12961.4
5077,20241117,67,20,111,1,4800.44,10,4320.4
5078,20250301,92,23,1,1,2008.22,0,2008.22
5079,20241117,41,24,,2,5693.66,0,11387.32
5080,20241212,101,16,266,1,1131.31,20,905.05
5081,20240201,9,6,182,2,4835.47,0,9670.94
5082,20250708,12,12,198,2,1690.47,5,3211.89
5083,20240402,77,10,395,1,5233.57,0,5233.57
5084,20250214,81,24,183,1,1242.05,5,1179.95
5085,20251118,105,24,114,2,2890.92,5,5492.75
5086,20250629,57,3,339,1,3796.83,0,3796.83
5087,20250703,2,21,76,1,882.35,0,882.35
5088,20240615,97,18,188,1,4779.12,15,4062.25
5089,20251219,13,20,79,3,4729.21,0,14187.63
5090,20240523,10,25,296,1,3316.3,20,2653.04
5091,20240213,73,25,22,1,6348.65,15,5396.35
5092,20240806,62,22,,3,978.5,0,2935.5
5093,20250618,72,12,367,1,1667.62,0,1667.62
5094,20250201,52,4,,3,2796.94,15,7132.2
5095,20240704,116,14,380,1,6480.7,0,6480.7
5096,20240823,118,2,304,4,5698.72,0,22794.88
5097,20240316,55,11,48,1,735.67,0,735.67
5098,20250317,7,21,,1,4794.43,0,4794.43
5099,20240514,111,22,400,1,1506.58,5,1431.25
5100,20250915,119,8,94,1,2956.72,5,2808.88
5101,20250604,99,16,70,1,4915.0,10,4423.5
5102,20240814,15,10,175,1,4621.37,5,4390.3
5103,20251205,65,23,54,2,3541.34,15,6020.28
5104,20251221,50,21,391,1,3814.05,0,3814.05
5105,20241022,46,1,46,1,4179.48,10,3761.53
5106,20240810,102,14,,1,616.26,10,554.63
5107,20240415,89,18,130,1,4062.25,10,3656.03
5108,20250220,108,2,360,1,3374.55,5,3205.82
5109,20240414,33,2,283,2,2291.4,0,4582.8
5110,20250731,42,9,181,1,2401.74,0,2401.74
5111,20250827,88,24,257,1,2796.03,10,2516.43
5112,20251209,59,9,222,1,2020.12,0,2020.12
5113,20250925,82,18,179,1,3179.41,0,3179.41
5114,20240921,19,20,41,1,3799.68,5,3609.7
5115,20251104,3,10,233,3,2631.02,20,6314.45
5116,20250329,117,14,98,1,5631.66,5,5350.08
5117,20241021,59,13,310,1,2020.12,5,1919.11
5118,20241219,25,2,,3,659.99,20,1583.98
5119,20250522,18,17,206,1,5185.3,20,4148.24
5120,20251119,92,13,164,1,2008.22,0,2008.22
5121,20251203,50,5,229,3,3814.05,0,11442.15
5122,20250203,50,5,277,1,3814.05,0,3814.05
5123,20240713,40,20,139,2,6858.19,0,13716.38
5124,20250715,77,21,346,1,5233.57,5,4971.89
5125,20240507,51,12,255,2,2879.69,10,5183.44
5126,20241029,6,6,,1,843.99,15,717.39
5127,20240515,27,3,76,1,1220.37,0,1220.37
5128,20240726,44,5,381,1,4747.67,0,4747.67
5129,20250617,42,24,318,1,2401.74,0,2401.74
5130,20240305,58,6,29,1,5200.5,0,5200.5
5131,20251002,47,24,170,1,2706.69,0,2706.69
5132,20240501,66,9,212,1,6204.11,5,5893.9
5133,20250930,30,10,125,1,3704.61,5,3519.38
5134,20251229,16,1,76,3,4330.21,5,12341.1
5135,20240921,114,24,56,2,3973.22,0,7946.44
5136,20251216,83,3,16,2,2689.64,0,5379.28
5137,20250512,66,8,101,1,6204.11,5,5893.9
5138,20250508,76,25,353,2,5042.37,0,10084.74
5139,20240601,13,4,272,1,4729.21,0,4729.21
5140,20250518,80,19,382,1,5880.6,0,5880.6
5141,20251030,2,2,291,1,882.35,10,794.12
5142,20240615,53,12,266,2,1453.18,10,2615.72
5143,20250321,104,7,186,1,6527.04,0,6527.04
5144,20241016,100,12,214,1,4823.15,5,4581.99
5145,20250529,67,18,384,2,4800.44,0,9600.88
5146,20251003,20,11,383,1,1915.63,5,1819.85
5147,20240726,42,4,,1,2401.74,0,2401.74
5148,20250724,97,6,170,1,4779.12,0,4779.12
5149,20241210,47,8,270,1,2706.69,20,2165.35
5150,20240611,1,9,243,1,1005.84,15,854.96
5151,20251226,6,18,280,3,843.99,0,2531.97
5152,20251224,90,17,371,1,3873.38,0,3873.38
5153,20250428,41,7,,2,5693.66,0,11387.32
5154,20250203,72,12,53,1,1667.62,10,1500.86
5155,20240519,51,5,,1,2879.69,0,2879.69
5156,20241029,92,3,135,1,2008.22,5,1907.81
5157,20240504,2,13,,3,882.35,0,2647.05
5158,20250828,101,20,157,1,1131.31,0,1131.31
5159,20241004,120,7,305,2,5078.17,10,9140.71
5160,20240409,104,4,186,1,6527.04,10,5874.34
5161,20241010,101,19,85,1,1131.31,10,1018.18
5162,20250423,4,3,,1,1722.15,0,1722.15
5163,20251010,39,8,308,1,3883.73,0,3883.73
5164,20251229,70,23,283,2,3349.78,5,6364.58
5165,20250627,68,17,,3,1648.1,0,4944.3
5166,20240224,91,5,294,1,6185.93,0,6185.93
5167,20240918,28,15,113,1,3988.05,0,3988.05
5168,20241022,75,2,108,1,2266.5,0,2266.5
5169,20240709,30,20,286,1,3704.61,15,3148.92
5170,20240115,38,15,61,4,1729.74,5,6573.01
5171,20250621,28,13,159,1,3988.05,5,3788.65
5172,20250523,33,1,114,1,2291.4,0,2291.4
5173,20241227,52,1,,3,2796.94,0,8390.82
5174,20240522,21,18,62,2,1209.52,0,2419.04
5175,20251204,83,18,298,2,2689.64,0,5379.28
5176,20250530,54,18,285,2,2808.33,10,5054.99
5177,20240516,55,9,111,1,735.67,0,735.67
5178,20240112,117,10,185,1,5631.66,20,4505.33
5179,20250317,73,6,19,3,6348.65,0,19045.95
5180,20250210,5,9,119,1,2284.3,0,2284.3
5181,20251031,118,9,175,1,5698.72,5,5413.78
5182,20250815,113,18,,3,4385.13,5,12497.62
5183,20250319,45,4,134,1,1364.28,0,1364.28
5184,20250202,96,8,350,1,3006.66,10,2705.99
5185,20240120,40,18,116,2,6858.19,0,13716.38
5186,20250625,13,3,373,1,4729.21,0,4729.21
5187,20250105,95,18,364,1,3960.41,15,3366.35
5188,20240619,10,20,294,2,3316.3,15,5637.71
5189,20240801,98,14,353,1,850.73,5,808.19
5190,20240630,63,13,267,1,4196.34,0,4196.34
5191,20250804,27,12,218,1,1220.37,10,1098.33
5192,20241112,12,16,305,1,1690.47,0,1690.47
5193,20250722,4,18,153,1,1722.15,10,1549.94
5194,20240513,25,7,7,1,659.99,0,659.99
5195,20250219,15,12,17,1,4621.37,0,4621.37
5196,20250916,14,11,1,1,4823.13,0,4823.13
5197,20240722,53,9,81,2,1453.18,0,2906.36
5198,20250822,78,1,,2,1807.55,0,3615.1
5199,20250207,13,13,129,2,4729.21,5,8985.5
5200,20240119,40,21,338,1,6858.19,20,5486.55
5201,20241216,116,16,339,3,6480.7,0,19442.1
5202,20250919,74,13,119,1,3249.83,0,3249.83
5203,20240207,75,22,24,2,2266.5,10,4079.7
5204,20250414,24,14,346,1,3205.37,0,3205.37
5205,20250131,73,19,82,2,6348.65,15,10792.7
5206,20250927,61,4,386,1,5731.62,0,5731.62
5207,20251129,57,20,394,2,3796.83,0,7593.66
5208,20240501,15,22,348,1,4621.37,10,4159.23
5209,20250422,87,16,94,2,2952.23,10,5314.01
5210,20240105,105,19,175,1,2890.92,5,2746.37
5211,20250702,112,21,216,2,1434.74,0,2869.48
5212,20250620,44,22,103,3,4747.67,0,14243.01
5213,20250505,111,19,109,3,1506.58,15,3841.78
5214,20250224,36,9,27,1,682.61,0,682.61
5215,20250516,51,16,392,2,2879.69,5,5471.41
5216,20240927,95,11,336,2,3960.41,0,7920.82
5217,20240922,105,19,227,2,2890.92,0,5781.84
5218,20251005,104,24,227,3,6527.04,10,17623.01
5219,20251025,5,23,130,1,2284.3,0,2284.3
5220,20250329,64,6,3,1,4068.92,0,4068.92
5221,20250620,79,13,117,1,1528.97,0,1528.97
5222,20240128,31,15,179,1,7243.85,10,6519.47
5223,20240203,99,16,192,1,4915.0,0,4915.0
5224,20250630,48,13,96,2,2551.26,0,5102.52
5225,20250220,77,13,380,1,5233.57,5,4971.89
5226,20241010,104,25,,1,6527.04,0,6527.04
5227,20241008,12,12,,2,1690.47,0,3380.94
5228,20251224,33,1,24,2,2291.4,15,3895.38
5229,20250221,47,17,273,1,2706.69,5,2571.36
5230,20240729,26,10,240,1,1355.83,0,1355.83
5231,20251209,101,13,382,1,1131.31,0,1131.31
5232,20240519,116,16,293,1,6480.7,0,6480.7
5233,20241209,77,5,363,3,5233.57,5,14915.67
5234,20240312,7,3,,1,4794.43,0,4794.43
5235,20250509,103,18,306,1,5201.47,0,5201.47
5236,20250614,34,19,244,1,1322.31,0,1322.31
5237,20250614,26,8,12,1,1355.83,0,1355.83
5238,20240808,114,11,336,1,3973.22,5,3774.56
5239,20250429,68,19,175,1,1648.1,10,1483.29
5240,20241218,86,25,352,1,4002.37,0,4002.37
5241,20250423,4,24,271,1,1722.15,0,1722.15
5242,20250426,8,16,,2,3576.07,5,6794.53
5243,20251127,16,6,123,2,4330.21,0,8660.42
5244,20240407,111,7,66,1,1506.58,0,1506.58
5245,20250107,77,21,153,3,5233.57,0,15700.71
5246,20240731,117,8,257,1,5631.66,0,5631.66
5247,20251211,65,25,251,1,3541.34,10,3187.21
5248,20251005,103,25,329,1,5201.47,15,4421.25
5249,20250313,35,2,233,1,3748.04,10,3373.24
5250,20251128,83,10,375,1,2689.64,20,2151.71
5251,20240111,30,9,394,1,3704.61,0,3704.61
5252,20241202,85,10,4,2,6169.54,15,10488.22
5253,20250927,17,16,30,1,1735.19,0,1735.19
5254,20250407,71,17,340,2,3918.6,10,7053.48
5255,20240919,32,24,220,1,1604.88,0,1604.88
5256,20251001,65,9,137,2,3541.34,5,6728.55
5257,20251105,74,11,301,1,3249.83,0,3249.83
5258,20240709,81,2,191,1,1242.05,10,1117.85
5259,20241216,20,14,400,1,1915.63,5,1819.85
5260,20240611,27,21,,1,1220.37,15,1037.31
5261,20251105,80,13,113,1,5880.6,5,5586.57
5262,20240618,117,8,205,1,5631.66,20,4505.33
5263,20240907,4,15,304,1,1722.15,0,1722.15
5264,20240302,103,6,107,3,5201.47,0,15604.41
5265,20240529,111,21,111,1,1506.58,20,1205.26
5266,20241130,1,1,103,1,1005.84,15,854.96
5267,20240523,90,2,355,2,3873.38,15,6584.75
5268,20240509,104,2,64,2,6527.04,0,13054.08
5269,20240831,117,2,178,1,5631.66,0,5631.66
5270,20250404,28,17,388,2,3988.05,5,7577.3
5271,20240728,76,17,77,1,5042.37,5,4790.25
5272,20251015,88,11,54,1,2796.03,0,2796.03
5273,20240609,63,5,97,2,4196.34,15,7133.78
5274,20250323,120,9,301,1,5078.17,20,4062.54
5275,20250531,44,6,187,1,4747.67,5,4510.29
5276,20250624,101,17,41,1,1131.31,0,1131.31
5277,20240212,32,2,64,1,1604.88,5,1524.64
5278,20250927,43,10,257,1,3747.63,0,3747.63
5279,20241212,2,23,263,1,882.35,5,838.23
5280,20240427,114,23,378,1,3973.22,5,3774.56
5281,20251101,33,10,149,1,2291.4,15,1947.69
5282,20240128,57,14,185,1,3796.83,0,3796.83
5283,20251215,103,25,189,2,5201.47,0,10402.94
5284,20240320,110,2,365,1,3839.63,0,3839.63
5285,20250325,100,11,394,2,4823.15,5,9163.98
5286,20250519,35,12,93,1,3748.04,15,3185.83
5287,20240430,17,7,76,2,1735.19,5,3296.86
5288,20240911,62,20,20,1,978.5,0,978.5
5289,20241018,112,11,308,4,1434.74,0,5738.96
5290,20241113,73,23,237,2,6348.65,15,10792.7
5291,20240418,56,14,348,1,7088.96,10,6380.06
5292,20251105,109,16,169,1,2954.88,0,2954.88
5293,20240131,120,6,221,1,5078.17,5,4824.26
5294,20240122,49,10,80,3,3974.14,20,9537.94
5295,20250517,19,22,185,1,3799.68,0,3799.68
5296,20241016,105,12,356,1,2890.92,0,2890.92
5297,20250523,117,21,29,1,5631.66,20,4505.33
5298,20241210,72,8,181,1,1667.62,20,1334.1
5299,20250107,119,14,63,1,2956.72,5,2808.88
5300,20251110,28,7,337,1,3988.05,20,3190.44
5301,20250228,54,17,,2,2808.33,5,5335.83
5302,20240108,39,24,16,1,3883.73,10,3495.36
5303,20240222,38,7,,1,1729.74,15,1470.28
5304,20251127,61,18,82,1,5731.62,5,5445.04
5305,20250412,75,8,285,1,2266.5,0,2266.5
5306,20250922,88,8,343,1,2796.03,0,2796.03
5307,20250812,114,17,280,1,3973.22,5,3774.56
5308,20240331,5,12,391,1,2284.3,5,2170.09
5309,20240405,14,12,89,1,4823.13,0,4823.13
5310,20240219,5,20,352,1,2284.3,0,2284.3
5311,20240810,74,14,301,1,3249.83,15,2762.36
5312,20251112,86,8,326,1,4002.37,0,4002.37
5313,20251101,9,18,109,1,4835.47,0,4835.47
5314,20250405,67,4,212,2,4800.44,0,9600.88
5315,20240911,96,9,70,2,3006.66,0,6013.32
5316,20241102,66,23,,1,6204.11,5,5893.9
5317,20250218,56,10,77,2,7088.96,0,14177.92
5318,20241008,109,1,332,1,2954.88,10,2659.39
5319,20240619,98,16,223,1,850.73,0,850.73
5320,20251028,42,17,,1,2401.74,0,2401.74
5321,20241105,35,20,160,1,3748.04,0,3748.04
5322,20240331,40,9,313,1,6858.19,10,6172.37
5323,20250923,91,11,168,1,6185.93,0,6185.93
5324,20241114,84,5,143,1,4822.61,0,4822.61
5325,20250122,102,19,285,3,616.26,10,1663.9
5326,20241001,99,19,215,1,4915.0,10,4423.5
5327,20240306,115,4,276,1,2419.05,0,2419.05
5328,20240529,32,22,323,4,1604.88,5,6098.54
5329,20240929,50,18,96,3,3814.05,0,11442.15
5330,20240731,30,16,397,1,3704.61,20,2963.69
5331,20251122,92,3,212,1,2008.22,0,2008.22
5332,20250617,42,16,27,3,2401.74,10,6484.7
5333,20241201,75,13,167,1,2266.5,0,2266.5
5334,20250212,84,22,191,2,4822.61,0,9645.22
5335,20250129,72,22,,2,1667.62,0,3335.24
5336,20240514,118,13,246,1,5698.72,0,5698.72
5337,20240918,78,9,213,3,1807.55,0,5422.65
5338,20240207,48,14,223,1,2551.26,15,2168.57
5339,20240916,23,2,,1,5336.87,20,4269.5
5340,20250606,56,15,367,1,7088.96,0,7088.96
5341,20240221,32,11,,1,1604.88,5,1524.64
5342,20250624,45,22,12,2,1364.28,0,2728.56
5343,20251004,13,8,281,1,4729.21,0,4729.21
5344,20251002,34,7,96,2,1322.31,0,2644.62
5345,20250502,116,14,105,1,6480.7,0,6480.7
5346,20250828,89,23,,1,4062.25,0,4062.25
5347,20250715,13,1,381,2,4729.21,5,8985.5
5348,20240320,95,16,,1,3960.41,0,3960.41
5349,20240324,68,9,336,2,1648.1,15,2801.77
5350,20250817,107,25,317,1,1952.14,0,1952.14
5351,20240515,61,1,180,1,5731.62,0,5731.62
5352,20240425,103,10,258,2,5201.47,0,10402.94
5353,20240107,81,16,380,2,1242.05,0,2484.1
5354,20240211,55,3,,2,735.67,15,1250.64
5355,20240523,14,13,234,1,4823.13,10,4340.82
5356,20240724,106,15,229,1,717.87,10,646.08
5357,20240214,37,8,,1,3761.37,0,3761.37
5358,20240330,23,14,180,1,5336.87,0,5336.87
5359,20240814,26,13,,1,1355.83,0,1355.83
5360,20250606,3,14,129,1,2631.02,0,2631.02
5361,20240602,54,15,28,1,2808.33,0,2808.33
5362,20250429,96,2,371,1,3006.66,0,3006.66
5363,20241230,116,24,351,3,6480.7,0,19442.1
5364,20240212,55,19,,1,735.67,0,735.67
5365,20240313,23,3,47,2,5336.87,0,10673.74
5366,20251205,77,7,124,1,5233.57,10,4710.21
5367,20250811,103,8,119,1,5201.47,10,4681.32
5368,20241006,68,10,359,1,1648.1,0,1648.1
5369,20250304,43,16,227,1,3747.63,0,3747.63
5370,20240420,91,17,76,1,6185.93,0,6185.93
5371,20240928,53,24,172,1,1453.18,5,1380.52
5372,20240423,74,1,18,1,3249.83,10,2924.85
5373,20251030,116,3,157,1,6480.7,0,6480.7
5374,20241119,13,2,98,1,4729.21,10,4256.29
5375,20240910,29,14,122,1,1567.62,0,1567.62
5376,20250112,90,10,359,2,3873.38,0,7746.76
5377,20250707,116,10,395,4,6480.7,0,25922.8
5378,20250404,5,21,50,2,2284.3,0,4568.6
5379,20241003,57,2,95,1,3796.83,5,3606.99
5380,20250929,22,18,115,2,6438.69,15,10945.77
5381,20251004,105,19,48,1,2890.92,10,2601.83
5382,20250706,48,13,233,1,2551.26,0,2551.26
5383,20240207,46,20,,3,4179.48,0,12538.44
5384,20251206,100,19,391,2,4823.15,20,7717.04
5385,20251203,45,24,302,1,1364.28,0,1364.28
5386,20250715,25,8,38,1,659.99,0,659.99
5387,20250119,37,21,266,1,3761.37,10,3385.23
5388,20241103,6,13,368,2,843.99,0,1687.98
5389,20241229,106,5,172,1,717.87,15,610.19
5390,20250112,60,1,196,2,4273.1,0,8546.2
5391,20240924,51,6,241,1,2879.69,5,2735.71
5392,20250311,19,21,94,1,3799.68,5,3609.7
5393,20240612,53,1,324,1,1453.18,10,1307.86
5394,20240307,16,18,11,2,4330.21,0,8660.42
5395,20250912,114,8,2,1,3973.22,0,3973.22
5396,20241012,109,19,,1,2954.88,5,2807.14
5397,20240220,7,7,256,1,4794.43,5,4554.71
5398,20250624,4,12,343,1,1722.15,0,1722.15
5399,20250421,106,16,26,1,717.87,5,681.98
5400,20250420,18,23,67,2,5185.3,0,10370.6
5401,20250730,43,14,396,2,3747.63,15,6370.97
5402,20241109,56,1,231,1,7088.96,0,7088.96
5403,20250831,47,13,289,1,2706.69,20,2165.35
5404,20240620,20,2,62,4,1915.63,0,7662.52
5405,20240902,110,24,379,1,3839.63,10,3455.67
5406,20250627,101,22,181,1,1131.31,0,1131.31
5407,20240418,55,15,370,1,735.67,5,698.89
5408,20240712,47,18,67,2,2706.69,0,5413.38
5409,20250523,34,17,145,1,1322.31,5,1256.19
5410,20250117,111,20,342,1,1506.58,0,1506.58
5411,20250717,40,7,191,1,6858.19,5,6515.28
5412,20250425,97,4,75,2,4779.12,10,8602.42
5413,20250918,26,2,131,1,1355.83,5,1288.04
5414,20240601,49,16,46,1,3974.14,20,3179.31
5415,20250812,25,7,348,1,659.99,5,626.99
5416,20240908,98,18,111,1,850.73,5,808.19
5417,20250627,17,17,371,2,1735.19,0,3470.38
5418,20240829,43,11,354,1,3747.63,0,3747.63
5419,20251122,36,25,252,1,682.61,0,682.61
5420,20240426,24,18,303,2,3205.37,5,6090.2
5421,20241024,96,12,119,1,3006.66,0,3006.66
5422,20240510,18,19,226,1,5185.3,0,5185.3
5423,20241209,116,1,291,1,6480.7,5,6156.66
5424,20250325,48,25,29,1,2551.26,20,2041.01
5425,20251210,85,16,400,2,6169.54,0,12339.08
5426,20241103,27,3,343,1,1220.37,0,1220.37
5427,20241122,27,12,357,1,1220.37,5,1159.35
5428,20250521,46,2,73,2,4179.48,0,8358.96
5429,20240221,80,9,376,2,5880.6,0,11761.2
5430,20251219,110,12,181,4,3839.63,0,15358.52
5431,20250918,33,7,52,1,2291.4,0,2291.4
5432,20250416,1,17,167,1,1005.84,5,955.55
5433,20241005,30,25,330,3,3704.61,0,11113.83
5434,20240418,8,23,,1,3576.07,10,3218.46
5435,20250830,61,9,179,1,5731.62,5,5445.04
5436,20240427,118,1,269,2,5698.72,0,11397.44
5437,20251017,79,14,319,1,1528.97,0,1528.97
5438,20240608,98,21,190,1,850.73,20,680.58
5439,20240803,68,10,325,1,1648.1,0,1648.1
5440,20250526,5,7,190,1,2284.3,5,2170.09
5441,20250225,37,22,96,1,3761.37,15,3197.16
5442,20241127,37,14,2,3,3761.37,20,9027.29
5443,20240824,44,23,200,1,4747.67,5,4510.29
5444,20240527,85,8,3,1,6169.54,10,5552.59
5445,20250331,32,22,142,1,1604.88,15,1364.15
5446,20251001,119,11,133,1,2956.72,0,2956.72
5447,20251108,7,14,,2,4794.43,15,8150.53
5448,20250622,110,3,,1,3839.63,10,3455.67
5449,20240420,51,7,39,1,2879.69,10,2591.72
5450,20240328,95,6,,1,3960.41,0,3960.41
5451,20240419,63,11,197,1,4196.34,15,3566.89
5452,20241211,56,9,44,1,7088.96,20,5671.17
5453,20241209,35,4,346,1,3748.04,0,3748.04
5454,20240113,18,17,306,2,5185.3,0,10370.6
5455,20250317,90,25,283,1,3873.38,5,3679.71
5456,20240411,86,12,281,1,4002.37,0,4002.37
5457,20241203,23,24,304,1,5336.87,0,5336.87
5458,20250821,111,4,53,1,1506.58,0,1506.58
5459,20250819,117,20,58,1,5631.66,0,5631.66
5460,20240327,28,17,356,2,3988.05,15,6779.69
5461,20250818,25,19,87,1,659.99,0,659.99
5462,20240503,107,6,16,1,1952.14,0,1952.14
5463,20240213,20,2,260,1,1915.63,5,1819.85
5464,20250322,80,17,267,1,5880.6,0,5880.6
5465,20241031,70,3,76,1,3349.78,15,2847.31
5466,20250906,16,8,235,2,4330.21,0,8660.42
5467,20250913,14,14,140,1,4823.13,5,4581.97
5468,20241116,25,5,287,1,659.99,15,560.99
5469,20240410,25,2,71,1,659.99,0,659.99
5470,20250630,99,6,121,1,4915.0,0,4915.0
5471,20240113,94,5,372,2,1460.17,15,2482.29
5472,20250208,23,13,42,1,5336.87,20,4269.5
5473,20240610,2,5,388,2,882.35,0,1764.7
5474,20250703,55,15,230,1,735.67,0,735.67
5475,20240517,80,24,325,3,5880.6,5,16759.71
5476,20250702,64,21,219,2,4068.92,15,6917.16
5477,20241105,7,18,256,1,4794.43,0,4794.43
5478,20240210,58,21,150,2,5200.5,0,10401.0
5479,20240903,107,7,190,2,1952.14,0,3904.28
5480,20251120,105,25,253,3,2890.92,0,8672.76
5481,20250418,103,5,94,1,5201.47,0,5201.47
5482,20240307,56,24,273,1,7088.96,0,7088.96
5483,20240701,63,14,386,2,4196.34,0,8392.68
5484,20250718,41,23,285,1,5693.66,10,5124.29
5485,20240622,102,17,196,1,616.26,20,493.01
5486,20251003,22,25,282,1,6438.69,0,6438.69
5487,20250504,114,24,141,1,3973.22,15,3377.24
5488,20241226,116,15,119,1,6480.7,5,6156.66
5489,20250111,75,8,,1,2266.5,0,2266.5
5490,20250815,76,6,334,1,5042.37,0,5042.37
5491,20251225,60,24,,1,4273.1,0,4273.1
5492,20251102,1,16,4,2,1005.84,5,1911.1
5493,20241031,73,10,313,1,6348.65,15,5396.35
5494,20240721,101,12,259,1,1131.31,20,905.05
5495,20240508,99,3,6,2,4915.0,15,8355.5
5496,20250102,10,20,132,1,3316.3,5,3150.49
5497,20241011,96,6,190,1,3006.66,0,3006.66
5498,20240719,105,7,381,1,2890.92,0,2890.92
5499,20241028,13,19,338,1,4729.21,0,4729.21
5500,20251221,119,4,,1,2956.72,0,2956.72
5501,20240419,87,8,220,1,2952.23,10,2657.01
5502,20250911,2,11,129,1,882.35,0,882.35
5503,20240525,19,8,215,2,3799.68,0,7599.36
5504,20250529,101,15,21,4,1131.31,0,4525.24
5505,20251125,23,7,280,1,5336.87,0,5336.87
5506,20250327,9,17,335,2,4835.47,10,8703.85
5507,20241227,111,10,380,1,1506.58,5,1431.25
5508,20240522,106,4,,1,717.87,5,681.98
5509,20250818,55,8,255,2,735.67,0,1471.34
5510,20240330,40,20,106,1,6858.19,20,5486.55
5511,20240117,69,17,124,1,2128.62,0,2128.62
5512,20241208,101,19,345,2,1131.31,0,2262.62
5513,20250629,13,17,125,2,4729.21,0,9458.42
5514,20250116,92,3,23,1,2008.22,0,2008.22
5515,20241107,10,23,279,1,3316.3,0,3316.3
5516,20250614,34,14,,1,1322.31,0,1322.31
5517,20250401,83,21,389,1,2689.64,5,2555.16
5518,20250810,62,1,66,3,978.5,0,2935.5
5519,20251021,40,22,110,2,6858.19,0,13716.38
5520,20240512,14,2,34,2,4823.13,10,8681.63
5521,20241028,108,13,,1,3374.55,0,3374.55
5522,20240723,16,8,171,3,4330.21,0,12990.63
5523,20241106,18,2,390,4,5185.3,0,20741.2
5524,20251128,17,22,183,1,1735.19,10,1561.67
5525,20251210,60,5,251,1,4273.1,10,3845.79
5526,20251228,67,25,389,1,4800.44,5,4560.42
5527,20250523,92,18,233,1,2008.22,0,2008.22
5528,20250324,118,12,112,1,5698.72,0,5698.72
5529,20240319,17,7,44,1,1735.19,5,1648.43
5530,20250921,59,21,83,1,2020.12,0,2020.12
5531,20240818,5,9,301,1,2284.3,0,2284.3
5532,20250528,53,17,44,1,1453.18,10,1307.86
5533,20240816,36,4,352,1,682.61,20,546.09
5534,20250815,85,13,373,1,6169.54,0,6169.54
5535,20251010,102,4,249,2,616.26,0,1232.52
5536,20250926,25,19,277,1,659.99,0,659.99
5537,20250204,93,5,,3,4029.05,10,10878.44
5538,20250907,25,25,94,1,659.99,5,626.99
5539,20241119,33,1,117,1,2291.4,10,2062.26
5540,20250412,2,5,379,1,882.35,5,838.23
5541,20241229,26,15,143,1,1355.83,5,1288.04
5542,20241220,46,22,369,1,4179.48,0,4179.48
5543,20241123,35,10,19,1,3748.04,15,3185.83
5544,20250612,91,19,234,1,6185.93,20,4948.74
5545,20250622,69,19,85,1,2128.62,15,1809.33
5546,20240518,103,4,17,2,5201.47,0,10402.94
5547,20240523,87,22,,1,2952.23,10,2657.01
5548,20250925,40,16,35,4,6858.19,10,24689.48
5549,20241029,52,4,188,1,2796.94,0,2796.94
5550,20240116,115,9,,2,2419.05,20,3870.48
5551,20241114,71,14,42,1,3918.6,0,3918.6
5552,20241006,20,14,150,1,1915.63,15,1628.29
5553,20250524,8,23,281,1,3576.07,0,3576.07
5554,20240117,16,17,399,1,4330.21,0,4330.21
5555,20241130,60,25,,1,4273.1,0,4273.1
5556,20240130,60,8,193,1,4273.1,10,3845.79
5557,20250802,79,16,132,1,1528.97,10,1376.07
5558,20240302,97,7,30,1,4779.12,20,3823.3
5559,20250609,13,15,305,2,4729.21,0,9458.42
5560,20250827,74,5,294,1,3249.83,0,3249.83
5561,20241016,110,17,349,1,3839.63,0,3839.63
5562,20250312,99,10,127,1,4915.0,0,4915.0
5563,20241231,89,13,50,1,4062.25,0,4062.25
5564,20250419,48,20,,2,2551.26,0,5102.52
5565,20240908,35,8,236,1,3748.04,5,3560.64
5566,20240607,46,13,241,1,4179.48,20,3343.58
5567,20251206,43,7,162,1,3747.63,5,3560.25
5568,20240607,27,4,,1,1220.37,0,1220.37
5569,20240309,15,19,14,1,4621.37,0,4621.37
5570,20240112,63,4,206,1,4196.34,0,4196.34
5571,20240203,47,5,346,1,2706.69,0,2706.69
5572,20250310,101,15,126,2,1131.31,0,2262.62
5573,20240723,72,9,162,2,1667.62,0,3335.24
5574,20250223,14,22,392,1,4823.13,5,4581.97
5575,20241114,35,24,360,1,3748.04,0,3748.04
5576,20241203,41,7,397,4,5693.66,0,22774.64
5577,20240606,52,17,329,1,2796.94,0,2796.94
5578,20240419,35,20,337,1,3748.04,0,3748.04
5579,20240715,18,7,190,1,5185.3,10,4666.77
5580,20250607,8,23,343,2,3576.07,5,6794.53
5581,20251022,22,17,173,1,6438.69,10,5794.82
5582,20241119,6,16,261,1,843.99,5,801.79
5583,20251007,106,15,185,1,717.87,10,646.08
5584,20241028,117,5,144,2,5631.66,0,11263.32
5585,20250515,62,9,141,1,978.5,0,978.5
5586,20250824,32,2,145,2,1604.88,0,3209.76
5587,20240109,50,19,262,3,3814.05,0,11442.15
5588,20250713,56,5,344,1,7088.96,10,6380.06
5589,20240731,64,15,288,1,4068.92,5,3865.47
5590,20241024,84,13,,1,4822.61,0,4822.61
5591,20240917,4,15,185,1,1722.15,20,1377.72
5592,20240721,78,14,,2,1807.55,0,3615.1
5593,20250921,110,8,324,2,3839.63,0,7679.26
5594,20250326,73,5,70,1,6348.65,15,5396.35
5595,20240416,91,16,64,1,6185.93,10,5567.34
5596,20240810,17,12,,2,1735.19,5,3296.86
5597,20251210,100,19,346,1,4823.15,0,4823.15
5598,20250627,34,9,236,1,1322.31,0,1322.31
5599,20251203,119,8,256,1,2956.72,0,2956.72
5600,20250228,93,9,157,1,4029.05,5,3827.6
5601,20241228,92,20,234,2,2008.22,15,3413.97
5602,20240626,58,24,56,1,5200.5,15,4420.43
5603,20251128,94,22,225,2,1460.17,0,2920.34
5604,20240515,109,5,144,3,2954.88,0,8864.64
5605,20250906,27,13,67,1,1220.37,0,1220.37
5606,20250222,118,9,393,1,5698.72,20,4558.98
5607,20241011,94,13,188,1,1460.17,0,1460.17
5608,20250121,30,17,,1,3704.61,0,3704.61
5609,20240107,18,23,68,1,5185.3,5,4926.03
5610,20240208,62,25,348,1,978.5,5,929.57
5611,20240622,102,17,70,1,616.26,15,523.82
5612,20250306,63,16,94,1,4196.34,0,4196.34
5613,20251216,34,7,118,2,1322.31,20,2115.7
5614,20250412,25,24,367,1,659.99,20,527.99
5615,20250914,54,25,96,1,2808.33,20,2246.66
5616,20240502,6,1,1,1,843.99,10,759.59
5617,20240310,33,7,321,1,2291.4,20,1833.12
5618,20250618,50,19,196,4,3814.05,15,12967.77
5619,20241217,28,16,,3,3988.05,0,11964.15
5620,20240424,4,12,287,1,1722.15,0,1722.15
5621,20250723,59,8,,2,2020.12,20,3232.19
5622,20240222,61,20,120,1,5731.62,10,5158.46
5623,20240821,14,5,99,2,4823.13,0,9646.26
5624,20240328,95,10,27,2,3960.41,10,7128.74
5625,20251201,89,15,192,1,4062.25,10,3656.03
5626,20251214,4,17,279,2,1722.15,0,3444.3
5627,20240301,61,5,288,1,5731.62,0,5731.62
5628,20240609,97,4,386,4,4779.12,0,19116.48
5629,20240908,77,21,292,1,5233.57,0,5233.57
5630,20240828,27,3,318,3,1220.37,15,3111.94
5631,20250612,93,15,59,1,4029.05,0,4029.05
5632,20250927,4,7,8,2,1722.15,5,3272.09
5633,20250705,8,14,310,1,3576.07,0,3576.07
5634,20241210,2,6,376,1,882.35,15,750.0
5635,20240125,7,15,280,1,4794.43,5,4554.71
5636,20250612,90,16,350,1,3873.38,15,3292.37
5637,20240106,76,11,50,1,5042.37,0,5042.37
5638,20250925,107,15,128,1,1952.14,5,1854.53
5639,20251124,51,5,257,1,2879.69,0,2879.69
5640,20250707,117,4,354,1,5631.66,0,5631.66
5641,20240819,84,18,340,1,4822.61,0,4822.61
5642,20251206,34,13,250,2,1322.31,0,2644.62
5643,20240717,119,10,104,2,2956.72,15,5026.42
5644,20240419,55,23,194,1,735.67,20,588.54
5645,20250328,72,22,356,1,1667.62,0,1667.62
5646,20251214,115,12,229,1,2419.05,0,2419.05
5647,20240329,7,13,224,1,4794.43,0,4794.43
5648,20250315,38,3,320,1,1729.74,5,1643.25
5649,20250704,79,11,243,1,1528.97,20,1223.18
5650,20241012,74,7,57,1,3249.83,0,3249.83
5651,20251123,86,20,76,3,4002.37,0,12007.11
5652,20240909,120,15,139,1,5078.17,0,5078.17
5653,20250509,81,19,177,1,1242.05,0,1242.05
5654,20250402,48,13,92,4,2551.26,15,8674.28
5655,20250826,18,25,,4,5185.3,10,18667.08
5656,20240813,86,24,107,3,4002.37,10,10806.4
5657,20240430,19,12,248,4,3799.68,20,12158.98
5658,20240607,110,8,,1,3839.63,0,3839.63
5659,20251106,65,19,301,1,3541.34,0,3541.34
5660,20251223,40,6,199,1,6858.19,0,6858.19
5661,20250706,101,24,171,3,1131.31,10,3054.54
5662,20240805,53,21,358,3,1453.18,0,4359.54
5663,20241002,10,8,208,1,3316.3,0,3316.3
5664,20250825,66,11,275,1,6204.11,15,5273.49
5665,20250908,110,15,226,2,3839.63,0,7679.26
5666,20250525,103,2,13,1,5201.47,15,4421.25
5667,20240411,107,9,127,2,1952.14,0,3904.28
5668,20240222,101,9,41,2,1131.31,5,2149.49
5669,20241112,115,10,287,1,2419.05,5,2298.1
5670,20251014,106,13,360,1,717.87,0,717.87
5671,20240322,117,12,363,1,5631.66,0,5631.66
5672,20240107,95,11,192,2,3960.41,0,7920.82
5673,20240504,68,5,277,2,1648.1,0,3296.2
5674,20241007,22,16,120,1,6438.69,0,6438.69
5675,20250910,65,17,215,1,3541.34,0,3541.34
5676,20250808,23,3,70,1,5336.87,0,5336.87
5677,20250822,107,17,82,1,1952.14,5,1854.53
5678,20240125,2,15,63,1,882.35,20,705.88
5679,20251108,90,1,140,3,3873.38,0,11620.14
5680,20241225,54,15,248,1,2808.33,10,2527.5
5681,20251113,35,4,238,1,3748.04,0,3748.04
5682,20240108,38,11,302,2,1729.74,5,3286.51
5683,20240411,52,22,159,1,2796.94,5,2657.09
5684,20250518,118,22,385,2,5698.72,15,9687.82
5685,20250430,93,14,129,1,4029.05,0,4029.05
5686,20250729,46,5,,1,4179.48,15,3552.56
5687,20251018,18,19,169,2,5185.3,15,8815.01
5688,20240313,63,12,,1,4196.34,0,4196.34
5689,20250521,68,5,257,1,1648.1,0,1648.1
5690,20250104,39,24,86,1,3883.73,0,3883.73
5691,20251217,71,12,213,2,3918.6,0,7837.2
5692,20250703,60,22,270,1,4273.1,5,4059.45
5693,20240205,8,13,72,1,3576.07,10,3218.46
5694,20250318,26,19,,1,1355.83,10,1220.25
5695,20240920,32,2,279,1,1604.88,20,1283.9
5696,20240901,31,1,56,3,7243.85,10,19558.4
5697,20250604,34,22,,1,1322.31,0,1322.31
5698,20241127,44,17,191,1,4747.67,0,4747.67
5699,20240606,73,13,39,1,6348.65,0,6348.65
5700,20250413,120,9,363,3,5078.17,0,15234.51
5701,20240315,120,15,280,1,5078.17,0,5078.17
5702,20251230,119,3,169,1,2956.72,0,2956.72
5703,20250310,117,20,127,1,5631.66,0,5631.66
5704,20250709,92,19,382,1,2008.22,5,1907.81
5705,20240310,60,21,73,1,4273.1,5,4059.45
5706,20240217,89,4,384,1,4062.25,0,4062.25
5707,20250318,17,9,309,1,1735.19,0,1735.19
5708,20251221,22,19,351,3,6438.69,0,19316.07
5709,20250317,68,12,249,3,1648.1,0,4944.3
5710,20250320,62,19,311,2,978.5,0,1957.0
5711,20240105,17,21,254,2,1735.19,5,3296.86
5712,20240229,87,20,369,2,2952.23,10,5314.01
5713,20240110,25,18,233,1,659.99,15,560.99
5714,20240507,100,12,293,1,4823.15,0,4823.15
5715,20241226,94,13,157,2,1460.17,5,2774.32
5716,20250303,89,6,49,1,4062.25,0,4062.25
5717,20240810,81,8,348,1,1242.05,0,1242.05
5718,20241021,25,24,66,1,659.99,5,626.99
5719,20240403,36,1,330,1,682.61,0,682.61
5720,20250901,97,17,34,1,4779.12,15,4062.25
5721,20240303,19,10,98,2,3799.68,0,7599.36
5722,20250514,36,12,,3,682.61,5,1945.44
5723,20240909,24,17,,1,3205.37,15,2724.56
5724,20250801,78,15,,1,1807.55,0,1807.55
5725,20240726,12,1,7,1,1690.47,0,1690.47
5726,20250724,23,8,360,1,5336.87,15,4536.34
5727,20240512,97,16,330,1,4779.12,0,4779.12
5728,20241217,33,15,225,1,2291.4,0,2291.4
5729,20240818,44,11,55,1,4747.67,15,4035.52
5730,20240703,117,13,55,1,5631.66,5,5350.08
5731,20250817,28,25,66,1,3988.05,0,3988.05
5732,20251225,7,5,178,1,4794.43,5,4554.71
5733,20240731,114,9,114,1,3973.22,5,3774.56
5734,20250323,21,16,380,1,1209.52,5,1149.04
5735,20241204,65,6,229,1,3541.34,0,3541.34
5736,20250801,9,5,310,2,4835.47,0,9670.94
5737,20240424,89,20,227,1,4062.25,0,4062.25
5738,20251214,101,12,342,3,1131.31,15,2884.84
5739,20240704,11,24,,3,5902.88,0,17708.64
5740,20240630,5,23,335,2,2284.3,0,4568.6
5741,20240331,6,1,129,1,843.99,0,843.99
5742,20240808,51,9,108,2,2879.69,5,5471.41
5743,20250730,104,14,130,1,6527.04,5,6200.69
5744,20251225,1,21,,1,1005.84,0,1005.84
5745,20250328,51,23,164,1,2879.69,0,2879.69
5746,20251004,65,15,164,1,3541.34,0,3541.34
5747,20250908,118,7,385,1,5698.72,0,5698.72
5748,20240214,76,2,341,1,5042.37,5,4790.25
5749,20240523,44,17,218,1,4747.67,0,4747.67
5750,20250401,114,11,190,1,3973.22,0,3973.22
5751,20240618,71,22,237,1,3918.6,0,3918.6
5752,20241007,103,14,113,1,5201.47,0,5201.47
5753,20250122,46,21,390,1,4179.48,10,3761.53
5754,20250625,37,25,,1,3761.37,0,3761.37
5755,20240724,43,4,254,1,3747.63,20,2998.1
5756,20240310,105,17,374,2,2890.92,0,5781.84
5757,20250805,87,13,290,1,2952.23,5,2804.62
5758,20241201,102,14,,2,616.26,5,1170.89
5759,20240822,91,8,162,1,6185.93,5,5876.63
5760,20250208,95,9,327,1,3960.41,0,3960.41
5761,20240612,24,5,375,1,3205.37,0,3205.37
5762,20250824,82,12,102,1,3179.41,0,3179.41
5763,20250511,51,14,,1,2879.69,0,2879.69
5764,20250315,40,7,,1,6858.19,0,6858.19
5765,20250712,10,8,80,1,3316.3,5,3150.49
5766,20240504,3,20,186,1,2631.02,0,2631.02
5767,20251118,25,20,311,1,659.99,0,659.99
5768,20251120,86,10,69,1,4002.37,0,4002.37
5769,20250318,87,21,169,1,2952.23,0,2952.23
5770,20250712,60,18,338,4,4273.1,0,17092.4
5771,20250525,52,15,13,1,2796.94,20,2237.55
5772,20250601,20,10,221,4,1915.63,0,7662.52
5773,20241112,89,18,351,2,4062.25,5,7718.27
5774,20250801,82,10,210,1,3179.41,15,2702.5
5775,20241230,116,24,,1,6480.7,5,6156.66
5776,20241208,101,21,293,1,1131.31,0,1131.31
5777,20250124,73,25,108,2,6348.65,10,11427.57
5778,20241201,58,24,250,1,5200.5,15,4420.43
5779,20250226,118,18,311,2,5698.72,0,11397.44
5780,20240226,94,22,91,1,1460.17,5,1387.16
5781,20240903,33,21,221,1,2291.4,0,2291.4
5782,20241227,13,10,381,1,4729.21,0,4729.21
5783,20250122,112,17,258,2,1434.74,0,2869.48
5784,20250616,90,17,316,3,3873.38,0,11620.14
5785,20240913,78,9,387,1,1807.55,15,1536.42
5786,20251027,87,20,267,3,2952.23,5,8413.86
5787,20241127,54,3,154,1,2808.33,10,2527.5
5788,20250707,30,23,52,1,3704.61,0,3704.61
5789,20240504,51,19,138,1,2879.69,5,2735.71
5790,20240518,83,7,253,1,2689.64,10,2420.68
5791,20251008,79,18,47,2,1528.97,15,2599.25
5792,20240612,120,1,,1,5078.17,0,5078.17
5793,20250110,24,1,,1,3205.37,5,3045.1
5794,20250107,20,7,,1,1915.63,10,1724.07
5795,20250208,82,25,348,1,3179.41,10,2861.47
5796,20250830,71,6,,1,3918.6,0,3918.6
5797,20240505,71,20,248,1,3918.6,10,3526.74
5798,20240706,80,12,126,1,5880.6,10,5292.54
5799,20250512,82,11,295,1,3179.41,0,3179.41
5800,20251216,1,23,298,1,1005.84,10,905.26
5801,20240322,60,13,109,2,4273.1,0,8546.2
5802,20241028,109,10,132,4,2954.88,10,10637.57
5803,20250606,117,25,191,3,5631.66,0,16894.98
5804,20250519,39,14,59,1,3883.73,5,3689.54
5805,20251207,71,15,,1,3918.6,0,3918.6
5806,20240709,116,2,28,1,6480.7,0,6480.7
5807,20250616,2,18,104,1,882.35,5,838.23
5808,20251018,15,6,86,1,4621.37,5,4390.3
5809,20240113,4,12,364,1,1722.15,0,1722.15
5810,20240318,70,8,377,2,3349.78,0,6699.56
5811,20250406,50,6,336,2,3814.05,15,6483.89
5812,20240331,29,4,,1,1567.62,0,1567.62
5813,20241024,22,17,382,1,6438.69,15,5472.89
5814,20250520,87,1,388,1,2952.23,0,2952.23
5815,20240423,15,14,240,2,4621.37,5,8780.6
5816,20250225,95,5,4,1,3960.41,0,3960.41
5817,20240712,65,13,387,1,3541.34,0,3541.34
5818,20240117,22,6,,1,6438.69,0,6438.69
5819,20251203,104,11,12,1,6527.04,5,6200.69
5820,20250104,102,7,,1,616.26,10,554.63
5821,20240303,86,11,,1,4002.37,0,4002.37
5822,20250624,34,17,281,1,1322.31,15,1123.96
5823,20250402,8,8,259,1,3576.07,0,3576.07
5824,20250518,7,24,,1,4794.43,0,4794.43
5825,20240125,84,15,338,1,4822.61,0,4822.61
5826,20250606,30,11,4,1,3704.61,15,3148.92
5827,20250328,22,15,227,1,6438.69,5,6116.76
5828,20250715,24,19,,2,3205.37,0,6410.74
5829,20240829,17,1,47,2,1735.19,0,3470.38
5830,20240716,33,1,101,2,2291.4,0,4582.8
5831,20240315,114,20,187,1,3973.22,0,3973.22
5832,20250214,41,3,,1,5693.66,5,5408.98
5833,20241006,110,16,369,1,3839.63,0,3839.63
5834,20250206,35,18,226,1,3748.04,15,3185.83
5835,20250723,52,7,46,1,2796.94,20,2237.55
5836,20240917,107,2,339,1,1952.14,0,1952.14
5837,20241031,70,22,,1,3349.78,20,2679.82
5838,20250617,16,19,,1,4330.21,20,3464.17
5839,20241007,106,11,256,2,717.87,0,1435.74
5840,20250325,54,3,174,1,2808.33,5,2667.91
5841,20240130,13,16,,1,4729.21,0,4729.21
5842,20250308,40,11,,2,6858.19,15,11658.92
5843,20250422,98,2,79,1,850.73,5,808.19
5844,20240914,91,12,157,1,6185.93,15,5258.04
5845,20250326,59,22,98,2,2020.12,0,4040.24
5846,20241227,82,19,94,1,3179.41,0,3179.41
5847,20250722,61,8,258,1,5731.62,20,4585.3
5848,20240624,80,20,98,1,5880.6,5,5586.57
5849,20251218,61,22,84,2,5731.62,0,11463.24
5850,20250919,32,19,341,1,1604.88,5,1524.64
5851,20250625,40,25,274,1,6858.19,0,6858.19
5852,20250410,32,19,164,2,1604.88,0,3209.76
5853,20251124,45,5,309,1,1364.28,5,1296.07
5854,20250302,85,15,80,1,6169.54,0,6169.54
5855,20240819,107,8,2,3,1952.14,5,5563.6
5856,20240227,110,4,100,1,3839.63,10,3455.67
5857,20240429,34,23,48,1,1322.31,5,1256.19
5858,20240918,113,23,91,4,4385.13,0,17540.52
5859,20250214,22,17,94,2,6438.69,0,12877.38
5860,20250415,5,10,187,1,2284.3,5,2170.09
5861,20251030,40,7,149,3,6858.19,0,20574.57
5862,20240417,60,11,295,1,4273.1,20,3418.48
5863,20241206,62,21,392,2,978.5,5,1859.15
5864,20250628,92,10,321,2,2008.22,0,4016.44
5865,20250601,15,12,,1,4621.37,0,4621.37
5866,20250221,35,25,313,1,3748.04,0,3748.04
5867,20250131,37,6,257,4,3761.37,0,15045.48
5868,20250327,94,7,334,3,1460.17,5,4161.48
5869,20250522,48,25,61,1,2551.26,10,2296.13
5870,20240303,60,11,134,1,4273.1,15,3632.14
5871,20240318,103,17,143,1,5201.47,5,4941.4
5872,20251204,115,8,,3,2419.05,10,6531.44
5873,20250725,22,9,101,4,6438.69,0,25754.76
5874,20250530,12,5,154,3,1690.47,0,5071.41
5875,20250504,69,21,197,3,2128.62,0,6385.86
5876,20240218,105,21,,1,2890.92,0,2890.92
5877,20250311,54,24,200,1,2808.33,0,2808.33
5878,20250901,81,14,229,3,1242.05,5,3539.84
5879,20240530,103,3,252,1,5201.47,5,4941.4
5880,20240207,50,11,,1,3814.05,10,3432.65
5881,20250324,11,12,53,1,5902.88,0,5902.88
5882,20240103,18,24,42,1,5185.3,0,5185.3
5883,20240917,98,2,247,1,850.73,15,723.12
5884,20250927,70,14,262,3,3349.78,5,9546.87
5885,20240425,119,6,,1,2956.72,0,2956.72
5886,20251219,79,18,191,1,1528.97,0,1528.97
5887,20250208,98,13,326,2,850.73,0,1701.46
5888,20240924,21,2,332,1,1209.52,0,1209.52
5889,20241003,18,9,329,1,5185.3,10,4666.77
5890,20240622,32,23,217,1,1604.88,20,1283.9
5891,20250815,48,6,165,2,2551.26,5,4847.39
5892,20250906,35,15,338,1,3748.04,0,3748.04
5893,20250516,90,25,88,1,3873.38,0,3873.38
5894,20241117,64,16,338,2,4068.92,5,7730.95
5895,20240801,50,15,241,1,3814.05,5,3623.35
5896,20240211,48,19,140,2,2551.26,0,5102.52
5897,20241120,1,25,118,1,1005.84,20,804.67
5898,20241215,104,14,69,1,6527.04,10,5874.34
5899,20251009,53,20,197,1,1453.18,0,1453.18
5900,20250924,54,7,347,1,2808.33,15,2387.08
5901,20240118,117,16,42,2,5631.66,0,11263.32
5902,20240331,65,10,85,1,3541.34,0,3541.34
5903,20251102,37,4,67,2,3761.37,0,7522.74
5904,20241027,8,17,311,1,3576.07,0,3576.07
5905,20250117,31,11,142,1,7243.85,0,7243.85
5906,20250409,98,24,170,1,850.73,0,850.73
5907,20250303,118,22,397,2,5698.72,0,11397.44
5908,20240816,63,9,384,2,4196.34,0,8392.68
5909,20240607,43,3,170,3,3747.63,5,10680.75
5910,20241024,54,15,328,1,2808.33,5,2667.91
5911,20241128,99,6,246,1,4915.0,5,4669.25
5912,20240628,80,9,390,2,5880.6,0,11761.2
5913,20240614,27,20,131,1,1220.37,5,1159.35
5914,20250731,79,2,115,1,1528.97,0,1528.97
5915,20240208,57,1,,1,3796.83,0,3796.83
5916,20250807,92,3,145,1,2008.22,5,1907.81
5917,20241123,61,11,356,1,5731.62,0,5731.62
5918,20240725,87,20,193,2,2952.23,0,5904.46
5919,20250921,37,14,,1,3761.37,0,3761.37
5920,20240620,3,9,,1,2631.02,0,2631.02
5921,20240908,27,9,40,1,1220.37,5,1159.35
5922,20250622,64,7,267,1,4068.92,0,4068.92
5923,20241223,78,7,355,1,1807.55,0,1807.55
5924,20251229,79,3,197,1,1528.97,0,1528.97
5925,20251124,30,2,192,1,3704.61,0,3704.61
5926,20251027,39,8,221,1,3883.73,0,3883.73
5927,20240117,81,20,45,1,1242.05,15,1055.74
5928,20250707,7,24,35,1,4794.43,0,4794.43
5929,20250301,63,24,212,1,4196.34,0,4196.34
5930,20250419,59,8,176,2,2020.12,0,4040.24
5931,20241114,46,12,317,2,4179.48,0,8358.96
5932,20250531,15,20,357,1,4621.37,0,4621.37
5933,20240423,14,2,320,1,4823.13,0,4823.13
5934,20240729,31,2,375,2,7243.85,0,14487.7
5935,20240912,25,21,43,1,659.99,5,626.99
5936,20240312,40,21,173,2,6858.19,0,13716.38
5937,20240124,19,13,222,1,3799.68,10,3419.71
5938,20240115,50,15,55,1,3814.05,20,3051.24
5939,20241031,40,17,81,1,6858.19,15,5829.46
5940,20250306,37,18,377,4,3761.37,5,14293.21
5941,20250409,90,19,28,1,3873.38,0,3873.38
5942,20250323,73,11,87,1,6348.65,5,6031.22
5943,20240610,30,24,185,1,3704.61,0,3704.61
5944,20250418,99,4,280,1,4915.0,0,4915.0
5945,20250726,78,3,368,1,1807.55,20,1446.04
5946,20250909,46,3,372,1,4179.48,5,3970.51
5947,20251224,90,19,202,1,3873.38,0,3873.38
5948,20241101,56,9,74,1,7088.96,5,6734.51
5949,20240131,34,3,87,1,1322.31,0,1322.31
5950,20250622,49,16,170,1,3974.14,15,3378.02
5951,20240311,65,19,250,1,3541.34,0,3541.34
5952,20240216,16,22,232,3,4330.21,5,12341.1
5953,20250922,87,25,251,1,2952.23,5,2804.62
5954,20241217,116,2,258,1,6480.7,0,6480.7
5955,20251208,40,22,,1,6858.19,5,6515.28
5956,20251012,64,8,217,1,4068.92,0,4068.92
5957,20250227,13,8,7,2,4729.21,5,8985.5
5958,20240510,103,22,198,2,5201.47,0,10402.94
5959,20241127,108,6,148,1,3374.55,5,3205.82
5960,20251229,118,22,65,2,5698.72,10,10257.7
5961,20250516,88,17,47,3,2796.03,5,7968.69
5962,20250309,117,13,261,1,5631.66,0,5631.66
5963,20250424,15,23,213,1,4621.37,0,4621.37
5964,20250307,54,18,155,4,2808.33,5,10671.65
5965,20250306,120,24,129,1,5078.17,0,5078.17
5966,20250805,113,12,357,1,4385.13,10,3946.62
5967,20240314,29,7,213,4,1567.62,0,6270.48
5968,20240924,117,12,262,1,5631.66,0,5631.66
5969,20250217,9,19,75,1,4835.47,0,4835.47
5970,20250804,58,24,286,2,5200.5,5,9880.95
5971,20250201,75,16,270,1,2266.5,10,2039.85
5972,20250603,81,20,379,1,1242.05,5,1179.95
5973,20240817,8,12,322,1,3576.07,5,3397.27
5974,20250202,74,6,178,2,3249.83,5,6174.68
5975,20250308,33,5,62,1,2291.4,0,2291.4
5976,20250823,118,23,57,1,5698.72,0,5698.72
5977,20240420,97,20,,2,4779.12,10,8602.42
5978,20240906,60,22,269,1,4273.1,0,4273.1
5979,20250201,1,14,89,1,1005.84,0,1005.84
5980,20241222,54,16,378,1,2808.33,0,2808.33
5981,20250204,80,24,393,1,5880.6,0,5880.6
5982,20240307,1,10,364,1,1005.84,10,905.26
5983,20240612,61,7,,2,5731.62,0,11463.24
5984,20250620,23,23,356,4,5336.87,0,21347.48
5985,20241128,17,22,175,2,1735.19,0,3470.38
5986,20250724,66,23,7,3,6204.11,10,16751.1
5987,20250707,1,22,345,2,1005.84,5,1911.1
5988,20250601,86,14,339,1,4002.37,0,4002.37
5989,20251027,86,3,49,1,4002.37,0,4002.37
5990,20240321,60,16,16,2,4273.1,0,8546.2
5991,20250204,55,13,201,1,735.67,15,625.32
5992,20241107,62,6,333,1,978.5,0,978.5
5993,20241130,75,17,6,1,2266.5,20,1813.2
5994,20250518,79,2,342,1,1528.97,0,1528.97
5995,20240201,107,8,112,1,1952.14,5,1854.53
5996,20251113,96,4,80,2,3006.66,5,5712.65
5997,20240509,109,23,353,1,2954.88,0,2954.88
5998,20240410,75,21,375,1,2266.5,0,2266.5
5999,20250528,59,18,,2,2020.12,0,4040.24
6000,20250211,43,5,319,1,3747.63,0,3747.63
6001,20240314,65,12,371,1,3541.34,0,3541.34
6002,20250603,65,6,366,1,3541.34,0,3541.34
6003,20250824,60,15,138,1,4273.1,0,4273.1
6004,20240327,53,12,178,1,1453.18,15,1235.2
6005,20240619,18,23,385,1,5185.3,10,4666.77
6006,20251102,42,22,289,1,2401.74,0,2401.74
6007,20240514,73,10,135,1,6348.65,0,6348.65
6008,20251118,110,24,380,2,3839.63,0,7679.26
6009,20250223,111,13,,2,1506.58,15,2561.19
6010,20250702,109,14,175,1,2954.88,5,2807.14
6011,20240204,91,19,358,1,6185.93,0,6185.93
6012,20250213,96,15,73,3,3006.66,5,8568.98
6013,20251028,95,25,388,1,3960.41,0,3960.41
6014,20240116,119,4,146,1,2956.72,5,2808.88
6015,20240201,54,13,397,1,2808.33,0,2808.33
6016,20240205,91,17,22,4,6185.93,0,24743.72
6017,20240101,86,5,,2,4002.37,0,8004.74
6018,20251011,92,7,282,1,2008.22,0,2008.22
6019,20240112,98,19,203,2,850.73,0,1701.46
6020,20240813,57,6,103,1,3796.83,0,3796.83
6021,20240913,65,8,193,1,3541.34,0,3541.34
6022,20250416,82,4,357,1,3179.41,0,3179.41
6023,20241129,63,10,100,1,4196.34,0,4196.34
6024,20240204,41,9,231,1,5693.66,0,5693.66
6025,20250205,33,24,303,3,2291.4,20,5499.36
6026,20241004,55,18,254,2,735.67,0,1471.34
6027,20251107,7,25,258,1,4794.43,0,4794.43
6028,20240613,43,7,70,3,3747.63,10,10118.6
6029,20250308,108,14,140,4,3374.55,10,12148.38
6030,20240219,88,2,265,1,2796.03,0,2796.03
6031,20240402,100,10,162,1,4823.15,0,4823.15
6032,20240114,6,1,,1,843.99,0,843.99
6033,20240205,58,7,164,1,5200.5,0,5200.5
6034,20251227,30,21,255,1,3704.61,10,3334.15
6035,20250809,30,19,17,1,3704.61,0,3704.61
6036,20240803,14,19,295,1,4823.13,0,4823.13
6037,20240812,19,4,7,1,3799.68,0,3799.68
6038,20251107,70,21,364,1,3349.78,5,3182.29
6039,20240416,12,19,101,2,1690.47,5,3211.89
6040,20240115,74,10,296,1,3249.83,10,2924.85
6041,20241117,73,15,379,2,6348.65,0,12697.3
6042,20251130,30,25,127,1,3704.61,5,3519.38
6043,20251126,54,15,221,1,2808.33,5,2667.91
6044,20240618,108,24,164,2,3374.55,10,6074.19
6045,20240725,100,10,,1,4823.15,5,4581.99
6046,20250426,71,7,147,1,3918.6,5,3722.67
6047,20240718,3,17,,1,2631.02,0,2631.02
6048,20251208,97,19,325,1,4779.12,5,4540.16
6049,20250403,91,1,386,1,6185.93,0,6185.93
6050,20240105,61,4,159,1,5731.62,5,5445.04
6051,20240430,29,8,54,1,1567.62,0,1567.62
6052,20250228,8,11,230,1,3576.07,0,3576.07
6053,20240314,76,5,341,1,5042.37,5,4790.25
6054,20240204,112,8,,1,1434.74,20,1147.79
6055,20250330,41,15,184,1,5693.66,10,5124.29
6056,20240709,31,22,108,1,7243.85,0,7243.85
6057,20250515,68,16,330,1,1648.1,10,1483.29
6058,20250428,85,6,175,2,6169.54,0,12339.08
6059,20240712,119,13,213,1,2956.72,0,2956.72
6060,20250107,13,23,162,1,4729.21,0,4729.21
6061,20240630,46,15,153,1,4179.48,15,3552.56
6062,20250614,69,5,166,1,2128.62,0,2128.62
6063,20250910,74,2,267,1,3249.83,0,3249.83
6064,20240415,105,4,222,1,2890.92,0,2890.92
6065,20240825,70,12,,1,3349.78,0,3349.78
6066,20250306,64,2,31,1,4068.92,10,3662.03
6067,20250628,2,20,259,2,882.35,20,1411.76
6068,20250819,29,9,360,1,1567.62,10,1410.86
6069,20241123,66,14,,3,6204.11,0,18612.33
6070,20241218,49,7,106,2,3974.14,5,7550.87
6071,20240907,39,20,185,1,3883.73,10,3495.36
6072,20250407,7,11,,2,4794.43,15,8150.53
6073,20250426,110,17,327,1,3839.63,0,3839.63
6074,20250710,1,21,86,3,1005.84,20,2414.02
6075,20240528,60,3,341,1,4273.1,5,4059.45
6076,20240613,92,23,324,1,2008.22,15,1706.99
6077,20240913,62,14,93,3,978.5,20,2348.4
6078,20251009,61,1,285,1,5731.62,20,4585.3
6079,20250425,72,25,356,1,1667.62,0,1667.62
6080,20250807,112,7,313,1,1434.74,5,1363.0
6081,20241014,12,25,90,3,1690.47,5,4817.84
6082,20240522,66,25,392,4,6204.11,0,24816.44
6083,20241222,31,22,375,1,7243.85,0,7243.85
6084,20241008,44,12,277,1,4747.67,0,4747.67
6085,20250626,114,8,,2,3973.22,0,7946.44
6086,20240825,45,13,104,3,1364.28,0,4092.84
6087,20240603,56,16,342,1,7088.96,5,6734.51
6088,20241111,58,19,280,3,5200.5,0,15601.5
6089,20240412,55,17,224,1,735.67,0,735.67
6090,20240531,100,24,31,1,4823.15,0,4823.15
6091,20250706,53,18,150,3,1453.18,0,4359.54
6092,20250324,50,2,269,2,3814.05,15,6483.89
6093,20240628,27,1,186,1,1220.37,0,1220.37
6094,20250904,102,21,203,1,616.26,15,523.82
6095,20240806,51,7,,1,2879.69,0,2879.69
6096,20250721,38,13,,1,1729.74,5,1643.25
6097,20240604,66,25,,3,6204.11,5,17681.71
6098,20250218,40,20,,2,6858.19,0,13716.38
6099,20251114,64,10,324,1,4068.92,10,3662.03
6100,20240902,33,21,349,1,2291.4,15,1947.69
6101,20240303,92,23,,1,2008.22,10,1807.4
6102,20250317,23,25,269,1,5336.87,10,4803.18
6103,20241109,10,10,274,1,3316.3,0,3316.3
6104,20250122,20,6,181,1,1915.63,10,1724.07
6105,20251011,1,17,219,1,1005.84,0,1005.84
6106,20250228,96,2,31,1,3006.66,0,3006.66
6107,20240107,38,14,327,1,1729.74,0,1729.74
6108,20251106,43,7,325,1,3747.63,15,3185.49
6109,20250123,115,5,143,1,2419.05,0,2419.05
6110,20250202,81,16,148,1,1242.05,0,1242.05
6111,20240814,109,5,221,1,2954.88,15,2511.65
6112,20251130,36,5,397,1,682.61,0,682.61
6113,20240929,96,9,8,1,3006.66,10,2705.99
6114,20251019,119,1,388,1,2956.72,0,2956.72
6115,20240125,22,8,14,4,6438.69,5,24467.02
6116,20240201,108,14,49,1,3374.55,0,3374.55
6117,20240815,85,7,256,2,6169.54,0,12339.08
6118,20250811,98,11,377,2,850.73,0,1701.46
6119,20250719,89,6,389,1,4062.25,0,4062.25
6120,20240703,65,22,37,1,3541.34,5,3364.27
6121,20240218,66,19,349,1,6204.11,0,6204.11
6122,20250327,112,13,62,4,1434.74,0,5738.96
6123,20250913,56,6,24,2,7088.96,10,12760.13
6124,20250503,95,8,70,1,3960.41,15,3366.35
6125,20240305,30,20,28,1,3704.61,20,2963.69
6126,20240621,47,2,87,1,2706.69,5,2571.36
6127,20240604,101,8,259,3,1131.31,0,3393.93
6128,20251126,108,8,202,1,3374.55,0,3374.55
6129,20250821,76,9,375,1,5042.37,0,5042.37
6130,20250621,3,7,14,1,2631.02,5,2499.47
6131,20240408,37,18,126,2,3761.37,5,7146.6
6132,20240217,66,11,171,4,6204.11,10,22334.8
6133,20241005,120,22,254,1,5078.17,0,5078.17
6134,20240129,108,11,65,3,3374.55,0,10123.65
6135,20240623,14,2,248,1,4823.13,0,4823.13
6136,20250809,89,8,355,1,4062.25,0,4062.25
6137,20240914,110,23,,1,3839.63,0,3839.63
6138,20250207,68,22,353,1,1648.1,15,1400.88
6139,20250209,43,22,387,1,3747.63,0,3747.63
6140,20241011,77,13,3,1,5233.57,0,5233.57
6141,20250122,94,2,241,1,1460.17,0,1460.17
6142,20250725,14,18,,1,4823.13,5,4581.97
6143,20250528,82,5,68,2,3179.41,5,6040.88
6144,20250822,81,10,,1,1242.05,0,1242.05
6145,20250108,15,13,,1,4621.37,10,4159.23
6146,20241202,62,15,354,3,978.5,0,2935.5
6147,20241023,72,2,380,1,1667.62,0,1667.62
6148,20250426,67,3,77,1,4800.44,5,4560.42
6149,20240309,32,11,198,2,1604.88,0,3209.76
6150,20250611,30,25,6,1,3704.61,5,3519.38
6151,20250101,31,20,380,1,7243.85,10,6519.47
6152,20240212,67,21,178,1,4800.44,5,4560.42
6153,20250726,108,15,149,2,3374.55,0,6749.1
6154,20240327,33,20,251,2,2291.4,0,4582.8
6155,20241202,35,24,345,2,3748.04,0,7496.08
6156,20250419,5,9,316,1,2284.3,20,1827.44
6157,20250414,69,3,187,2,2128.62,0,4257.24
6158,20241210,74,16,120,1,3249.83,0,3249.83
6159,20240202,85,7,129,1,6169.54,0,6169.54
6160,20250215,70,24,27,1,3349.78,5,3182.29
6161,20241027,104,4,255,3,6527.04,0,19581.12
6162,20251001,82,9,17,1,3179.41,5,3020.44
6163,20240614,104,4,258,1,6527.04,0,6527.04
6164,20251108,59,3,218,3,2020.12,5,5757.34
6165,20240413,50,11,93,1,3814.05,0,3814.05
6166,20240312,16,2,170,1,4330.21,5,4113.7
6167,20250305,58,4,198,1,5200.5,0,5200.5
6168,20240612,71,3,74,2,3918.6,5,7445.34
6169,20240430,22,16,320,1,6438.69,0,6438.69
6170,20250110,117,21,296,3,5631.66,5,16050.23
6171,20251001,113,13,,1,4385.13,0,4385.13
6172,20251213,45,22,399,1,1364.28,0,1364.28
6173,20250421,92,8,,2,2008.22,0,4016.44
6174,20250302,27,4,189,1,1220.37,20,976.3
6175,20240123,64,4,319,2,4068.92,0,8137.84
6176,20251228,119,4,157,1,2956.72,0,2956.72
6177,20241005,5,15,24,1,2284.3,10,2055.87
6178,20240505,7,24,398,1,4794.43,10,4314.99
6179,20250913,63,6,269,2,4196.34,0,8392.68
6180,20250729,65,22,384,2,3541.34,0,7082.68
6181,20240730,96,9,302,2,3006.66,5,5712.65
6182,20250905,20,12,329,3,1915.63,0,5746.89
6183,20240718,104,14,165,4,6527.04,0,26108.16
6184,20250110,66,15,360,4,6204.11,5,23575.62
6185,20240906,86,16,31,2,4002.37,0,8004.74
6186,20250824,96,23,332,2,3006.66,0,6013.32
6187,20250316,89,16,286,1,4062.25,5,3859.14
6188,20240103,99,21,149,3,4915.0,5,14007.75
6189,20240920,8,6,31,1,3576.07,0,3576.07
6190,20240411,53,22,254,1,1453.18,0,1453.18
6191,20240101,57,4,230,1,3796.83,5,3606.99
6192,20251206,60,4,110,2,4273.1,0,8546.2
6193,20250224,112,25,357,1,1434.74,5,1363.0
6194,20250914,118,1,108,1,5698.72,5,5413.78
6195,20250513,117,24,204,1,5631.66,10,5068.49
6196,20250324,5,5,160,1,2284.3,0,2284.3
6197,20251017,30,19,,1,3704.61,20,2963.69
6198,20241006,114,16,215,1,3973.22,0,3973.22
6199,20250423,115,17,335,1,2419.05,0,2419.05
6200,20250927,3,13,56,1,2631.02,10,2367.92
6201,20241225,5,22,202,3,2284.3,0,6852.9
6202,20240131,90,20,242,1,3873.38,10,3486.04
6203,20240607,102,25,365,1,616.26,0,616.26
6204,20250219,42,10,167,1,2401.74,5,2281.65
6205,20241011,21,21,59,1,1209.52,0,1209.52
6206,20250801,36,8,360,1,682.61,20,546.09
6207,20250320,117,3,341,1,5631.66,5,5350.08
6208,20240310,31,17,,1,7243.85,0,7243.85
6209,20240428,29,13,228,2,1567.62,10,2821.72
6210,20251031,72,13,171,2,1667.62,0,3335.24
6211,20240422,41,4,,1,5693.66,5,5408.98
6212,20251112,47,16,,3,2706.69,0,8120.07
6213,20250117,5,18,253,2,2284.3,0,4568.6
6214,20240404,17,25,345,1,1735.19,10,1561.67
6215,20251216,70,19,89,3,3349.78,0,10049.34
6216,20250210,77,5,127,1,5233.57,0,5233.57
6217,20250127,83,6,178,1,2689.64,0,2689.64
6218,20250824,112,25,186,1,1434.74,5,1363.0
6219,20250501,113,17,172,1,4385.13,10,3946.62
6220,20240625,59,7,129,2,2020.12,0,4040.24
6221,20251023,3,22,,4,2631.02,0,10524.08
6222,20240612,15,7,214,2,4621.37,0,9242.74
6223,20251130,49,3,359,2,3974.14,0,7948.28
6224,20241209,32,5,66,2,1604.88,10,2888.78
6225,20250405,6,24,49,4,843.99,0,3375.96
6226,20241003,68,23,299,2,1648.1,0,3296.2
6227,20250725,69,9,,2,2128.62,5,4044.38
6228,20251105,33,8,155,1,2291.4,10,2062.26
6229,20251025,94,24,70,2,1460.17,0,2920.34
6230,20250514,97,20,373,1,4779.12,10,4301.21
6231,20241127,66,18,312,2,6204.11,0,12408.22
6232,20251101,117,17,,1,5631.66,0,5631.66
6233,20240809,37,23,175,4,3761.37,5,14293.21
6234,20240425,89,24,174,1,4062.25,15,3452.91
6235,20240814,44,21,337,1,4747.67,10,4272.9
6236,20250827,5,21,55,2,2284.3,20,3654.88
6237,20240409,53,23,156,1,1453.18,15,1235.2
6238,20251013,10,6,149,3,3316.3,20,7959.12
6239,20250308,100,9,59,1,4823.15,5,4581.99
6240,20241221,73,17,204,2,6348.65,0,12697.3
6241,20240930,80,17,135,1,5880.6,5,5586.57
6242,20241124,77,3,200,1,5233.57,5,4971.89
6243,20240101,32,8,,2,1604.88,5,3049.27
6244,20250113,54,22,367,3,2808.33,0,8424.99
6245,20250305,51,12,263,1,2879.69,0,2879.69
6246,20241019,74,20,30,1,3249.83,15,2762.36
6247,20250806,87,25,333,1,2952.23,0,2952.23
6248,20240210,68,13,371,2,1648.1,5,3131.39
6249,20241126,25,5,116,1,659.99,20,527.99
6250,20241004,115,24,283,3,2419.05,0,7257.15
6251,20240406,118,6,112,1,5698.72,5,5413.78
6252,20250106,63,9,204,1,4196.34,5,3986.52
6253,20251205,42,17,126,1,2401.74,20,1921.39
6254,20250614,29,12,143,2,1567.62,5,2978.48
6255,20250430,66,17,280,3,6204.11,0,18612.33
6256,20240625,2,14,191,1,882.35,0,882.35
6257,20250114,86,20,73,3,4002.37,0,12007.11
6258,20240616,18,8,121,1,5185.3,0,5185.3
6259,20241214,30,9,106,1,3704.61,5,3519.38
6260,20241218,44,21,288,2,4747.67,10,8545.81
6261,20240203,21,5,10,1,1209.52,0,1209.52
6262,20240323,87,1,289,1,2952.23,10,2657.01
6263,20240119,18,24,389,1,5185.3,0,5185.3
6264,20240816,100,12,143,1,4823.15,15,4099.68
6265,20251019,37,23,38,1,3761.37,0,3761.37
6266,20240901,95,23,271,1,3960.41,5,3762.39
6267,20250313,60,19,218,1,4273.1,0,4273.1
6268,20240920,61,16,70,2,5731.62,5,10890.08
6269,20240409,11,22,152,1,5902.88,0,5902.88
6270,20240913,32,24,286,1,1604.88,0,1604.88
6271,20240327,83,18,365,1,2689.64,5,2555.16
6272,20241220,83,8,383,3,2689.64,0,8068.92
6273,20241128,28,19,316,1,3988.05,0,3988.05
6274,20250103,114,25,231,2,3973.22,0,7946.44
6275,20240915,47,15,25,1,2706.69,0,2706.69
6276,20250617,68,12,52,3,1648.1,0,4944.3
6277,20241112,56,2,194,1,7088.96,0,7088.96
6278,20250209,92,25,278,2,2008.22,15,3413.97
6279,20240629,104,1,342,1,6527.04,0,6527.04
6280,20251205,81,23,396,1,1242.05,0,1242.05
6281,20250530,102,20,386,1,616.26,15,523.82
6282,20250813,90,24,350,1,3873.38,0,3873.38
6283,20240904,17,21,77,4,1735.19,15,5899.65
6284,20241113,53,3,365,1,1453.18,5,1380.52
6285,20250829,38,14,228,1,1729.74,0,1729.74
6286,20240310,67,25,223,1,4800.44,0,4800.44
6287,20240321,112,8,167,1,1434.74,0,1434.74
6288,20251014,42,19,34,1,2401.74,5,2281.65
6289,20250324,23,8,171,3,5336.87,0,16010.61
6290,20250925,36,15,250,1,682.61,0,682.61
6291,20251121,26,17,299,1,1355.83,10,1220.25
6292,20241026,99,19,253,1,4915.0,5,4669.25
6293,20251225,62,18,79,2,978.5,10,1761.3
6294,20240121,6,18,64,1,843.99,0,843.99
6295,20240918,23,17,342,1,5336.87,0,5336.87
6296,20240705,41,3,166,1,5693.66,0,5693.66
6297,20250819,99,25,290,1,4915.0,0,4915.0
6298,20251009,90,22,8,1,3873.38,0,3873.38
6299,20251231,34,21,264,1,1322.31,15,1123.96
6300,20241006,21,22,345,2,1209.52,0,2419.04
6301,20251209,76,13,361,1,5042.37,5,4790.25
6302,20250612,26,2,177,1,1355.83,0,1355.83
6303,20250420,20,24,93,1,1915.63,10,1724.07
6304,20240919,27,25,168,1,1220.37,0,1220.37
6305,20250117,87,15,255,1,2952.23,0,2952.23
6306,20240513,50,25,247,1,3814.05,0,3814.05
6307,20240312,2,10,303,1,882.35,0,882.35
6308,20240102,61,16,,2,5731.62,5,10890.08
6309,20250606,4,14,,1,1722.15,5,1636.04
6310,20240206,62,9,202,2,978.5,20,1565.6
6311,20250910,98,16,140,1,850.73,10,765.66
6312,20240402,59,4,88,1,2020.12,0,2020.12
6313,20250203,55,17,126,2,735.67,5,1397.77
6314,20240811,20,12,199,3,1915.63,10,5172.2
6315,20250809,48,23,186,1,2551.26,0,2551.26
6316,20250123,63,7,6,1,4196.34,5,3986.52
6317,20240405,96,2,91,1,3006.66,0,3006.66
6318,20250901,39,15,138,3,3883.73,0,11651.19
6319,20251125,10,6,46,1,3316.3,5,3150.49
6320,20250914,27,22,122,1,1220.37,5,1159.35
6321,20240629,111,15,358,1,1506.58,0,1506.58
6322,20240209,75,11,,1,2266.5,0,2266.5
6323,20250214,28,1,,1,3988.05,0,3988.05
6324,20251229,119,4,28,1,2956.72,0,2956.72
6325,20240922,8,15,380,3,3576.07,10,9655.39
6326,20251025,8,10,257,1,3576.07,0,3576.07
6327,20251031,47,25,386,1,2706.69,15,2300.69
6328,20250502,96,21,324,1,3006.66,0,3006.66
6329,20240612,62,21,392,2,978.5,0,1957.0
6330,20250711,51,15,357,1,2879.69,0,2879.69
6331,20250613,76,19,19,1,5042.37,20,4033.9
6332,20251211,76,20,392,1,5042.37,0,5042.37
6333,20241026,91,18,245,1,6185.93,5,5876.63
6334,20250810,32,7,54,1,1604.88,0,1604.88
6335,20250605,74,7,135,1,3249.83,0,3249.83
6336,20240912,56,25,275,1,7088.96,0,7088.96
6337,20250508,11,23,312,4,5902.88,0,23611.52
6338,20240625,90,21,33,2,3873.38,0,7746.76
6339,20250227,97,3,342,4,4779.12,0,19116.48
6340,20250725,77,6,355,1,5233.57,15,4448.53
6341,20251208,70,11,343,1,3349.78,20,2679.82
6342,20250323,25,1,78,2,659.99,0,1319.98
6343,20251231,23,20,121,1,5336.87,0,5336.87
6344,20250325,68,20,192,2,1648.1,0,3296.2
6345,20250904,84,14,81,1,4822.61,5,4581.48
6346,20250525,35,14,185,1,3748.04,0,3748.04
6347,20240603,115,17,389,1,2419.05,20,1935.24
6348,20250717,46,24,270,1,4179.48,15,3552.56
6349,20250506,41,13,180,2,5693.66,5,10817.95
6350,20241212,70,4,164,1,3349.78,0,3349.78
6351,20250729,116,21,349,2,6480.7,0,12961.4
6352,20250518,103,9,223,1,5201.47,0,5201.47
6353,20250628,104,25,219,1,6527.04,10,5874.34
6354,20251011,38,13,125,3,1729.74,0,5189.22
6355,20250330,57,9,210,4,3796.83,0,15187.32
6356,20250506,74,5,355,1,3249.83,15,2762.36
6357,20250529,15,20,177,1,4621.37,0,4621.37
6358,20241024,27,18,256,1,1220.37,20,976.3
6359,20240221,42,6,149,1,2401.74,15,2041.48
6360,20240104,33,16,214,1,2291.4,0,2291.4
6361,20251018,73,14,39,1,6348.65,15,5396.35
6362,20250513,58,8,210,1,5200.5,5,4940.47
6363,20241120,75,4,48,1,2266.5,0,2266.5
6364,20240825,50,14,315,1,3814.05,0,3814.05
6365,20241224,68,15,260,2,1648.1,5,3131.39
6366,20241220,116,21,232,1,6480.7,0,6480.7
6367,20251008,79,18,135,1,1528.97,10,1376.07
6368,20250907,120,13,,1,5078.17,10,4570.35
6369,20241123,24,11,245,1,3205.37,0,3205.37
6370,20250325,82,6,,1,3179.41,0,3179.41
6371,20250411,57,12,38,2,3796.83,15,6454.61
6372,20240324,119,18,266,1,2956.72,0,2956.72
6373,20250829,112,22,114,1,1434.74,0,1434.74
6374,20250831,6,21,31,1,843.99,0,843.99
6375,20241020,45,24,118,1,1364.28,5,1296.07
6376,20241018,5,11,35,1,2284.3,0,2284.3
6377,20240708,38,14,337,2,1729.74,0,3459.48
6378,20240517,25,20,29,2,659.99,10,1187.98
6379,20241210,31,7,100,2,7243.85,0,14487.7
6380,20250428,41,19,11,1,5693.66,20,4554.93
6381,20240609,65,6,62,1,3541.34,15,3010.14
6382,20250621,63,18,323,1,4196.34,0,4196.34
6383,20251029,111,18,360,2,1506.58,20,2410.53
6384,20250421,110,14,302,3,3839.63,0,11518.89
6385,20250817,83,17,224,2,2689.64,0,5379.28
6386,20250805,64,22,256,1,4068.92,0,4068.92
6387,20241209,2,25,,1,882.35,0,882.35
6388,20250107,85,2,72,1,6169.54,0,6169.54
6389,20250916,115,24,396,2,2419.05,5,4596.19
6390,20240118,119,15,364,1,2956.72,15,2513.21
6391,20250218,46,5,82,1,4179.48,0,4179.48
6392,20240117,43,20,41,2,3747.63,0,7495.26
6393,20240503,9,15,105,1,4835.47,10,4351.92
6394,20250328,22,9,162,1,6438.69,5,6116.76
6395,20250827,101,18,18,4,1131.31,5,4298.98
6396,20241107,1,16,162,2,1005.84,5,1911.1
6397,20240103,47,7,174,1,2706.69,0,2706.69
6398,20250323,67,7,190,1,4800.44,0,4800.44
6399,20251215,4,12,,1,1722.15,0,1722.15
6400,20250912,54,15,400,1,2808.33,0,2808.33
6401,20250201,71,8,15,2,3918.6,0,7837.2
6402,20250617,120,11,292,2,5078.17,5,9648.52
6403,20240608,15,10,372,1,4621.37,0,4621.37
6404,20240816,61,4,2,2,5731.62,0,11463.24
6405,20240715,73,2,271,1,6348.65,0,6348.65
6406,20250221,72,9,257,1,1667.62,10,1500.86
6407,20250612,119,4,83,1,2956.72,0,2956.72
6408,20241210,86,14,,1,4002.37,0,4002.37
6409,20241224,73,12,125,2,6348.65,10,11427.57
6410,20241130,38,4,164,3,1729.74,10,4670.3
6411,20251116,114,15,338,1,3973.22,20,3178.58
6412,20241027,6,6,384,1,843.99,5,801.79
6413,20250529,71,3,,1,3918.6,0,3918.6
6414,20241129,68,15,176,1,1648.1,0,1648.1
6415,20250103,101,16,24,1,1131.31,0,1131.31
6416,20240426,3,10,,1,2631.02,0,2631.02
6417,20241106,75,8,195,1,2266.5,5,2153.17
6418,20250314,99,22,45,1,4915.0,0,4915.0
6419,20250126,56,3,146,1,7088.96,0,7088.96
6420,20251110,84,12,,1,4822.61,10,4340.35
6421,20241209,71,10,,1,3918.6,5,3722.67
6422,20240513,81,16,,2,1242.05,5,2359.89
6423,20251129,5,21,311,2,2284.3,5,4340.17
6424,20241206,56,21,357,2,7088.96,5,13469.02
6425,20250602,6,22,336,1,843.99,5,801.79
6426,20250217,38,16,85,1,1729.74,0,1729.74
6427,20250606,118,24,,1,5698.72,5,5413.78
6428,20240829,45,3,396,1,1364.28,5,1296.07
6429,20240707,34,9,314,1,1322.31,5,1256.19
6430,20250215,90,8,19,2,3873.38,5,7359.42
6431,20240923,46,7,364,1,4179.48,0,4179.48
6432,20250717,112,25,378,1,1434.74,5,1363.0
6433,20241119,14,10,,1,4823.13,0,4823.13
6434,20250324,7,19,230,1,4794.43,0,4794.43
6435,20240115,76,17,204,3,5042.37,20,12101.69
6436,20250728,14,8,118,2,4823.13,0,9646.26
6437,20250123,78,4,282,1,1807.55,0,1807.55
6438,20250125,33,11,210,1,2291.4,0,2291.4
6439,20250325,30,4,179,1,3704.61,0,3704.61
6440,20250327,52,19,203,1,2796.94,10,2517.25
6441,20250821,46,16,328,1,4179.48,0,4179.48
6442,20241013,47,2,324,1,2706.69,0,2706.69
6443,20250407,16,15,334,1,4330.21,10,3897.19
6444,20250522,13,14,,1,4729.21,0,4729.21
6445,20240325,34,25,45,2,1322.31,0,2644.62
6446,20240928,34,25,95,1,1322.31,0,1322.31
6447,20241219,88,22,325,1,2796.03,15,2376.63
6448,20250228,95,20,189,1,3960.41,5,3762.39
6449,20250810,103,4,374,2,5201.47,5,9882.79
6450,20240917,77,17,220,1,5233.57,5,4971.89
6451,20250714,104,7,305,1,6527.04,0,6527.04
6452,20240617,40,6,344,1,6858.19,5,6515.28
6453,20250512,37,22,160,1,3761.37,10,3385.23
6454,20241003,1,6,64,1,1005.84,0,1005.84
6455,20240607,42,12,45,1,2401.74,0,2401.74
6456,20250316,93,5,107,1,4029.05,15,3424.69
6457,20251205,47,12,,1,2706.69,5,2571.36
6458,20241006,120,5,322,1,5078.17,0,5078.17
6459,20250507,44,1,278,1,4747.67,0,4747.67
6460,20241007,83,17,357,1,2689.64,0,2689.64
6461,20240314,20,13,158,1,1915.63,5,1819.85
6462,20251103,80,7,54,2,5880.6,0,11761.2
6463,20250220,61,6,125,1,5731.62,0,5731.62
6464,20250404,58,24,150,1,5200.5,5,4940.47
6465,20250602,102,17,298,1,616.26,0,616.26
6466,20250129,69,15,235,2,2128.62,5,4044.38
6467,20240603,74,10,313,1,3249.83,0,3249.83
6468,20250303,63,12,254,1,4196.34,10,3776.71
6469,20250216,53,17,310,3,1453.18,0,4359.54
6470,20251204,43,8,217,2,3747.63,5,7120.5
6471,20240802,98,6,,1,850.73,0,850.73
6472,20251231,92,25,55,1,2008.22,5,1907.81
6473,20241215,32,10,,1,1604.88,5,1524.64
6474,20240814,25,7,164,2,659.99,5,1253.98
6475,20240408,66,1,207,1,6204.11,10,5583.7
6476,20240610,32,14,30,2,1604.88,15,2728.3
6477,20240815,65,17,378,3,3541.34,5,10092.82
6478,20250109,25,3,142,2,659.99,5,1253.98
6479,20240903,73,16,49,1,6348.65,0,6348.65
6480,20240329,111,11,44,1,1506.58,0,1506.58
6481,20250312,2,17,94,1,882.35,0,882.35
6482,20240302,38,13,,1,1729.74,15,1470.28
6483,20251030,23,5,254,1,5336.87,5,5070.03
6484,20240528,120,11,282,4,5078.17,0,20312.68
6485,20250312,83,4,398,1,2689.64,0,2689.64
6486,20250301,17,3,,1,1735.19,0,1735.19
6487,20250506,109,20,255,3,2954.88,0,8864.64
6488,20240519,91,20,33,1,6185.93,20,4948.74
6489,20250504,83,12,217,1,2689.64,0,2689.64
6490,20250118,7,18,283,1,4794.43,0,4794.43
6491,20251120,120,6,22,1,5078.17,0,5078.17
6492,20240719,7,17,233,1,4794.43,0,4794.43
6493,20240721,75,1,6,1,2266.5,20,1813.2
6494,20240127,117,2,379,1,5631.66,0,5631.66
6495,20240210,62,1,334,3,978.5,0,2935.5
6496,20250609,106,11,230,1,717.87,5,681.98
6497,20250626,79,6,,1,1528.97,0,1528.97
6498,20240430,114,11,79,1,3973.22,10,3575.9
6499,20240626,18,19,348,1,5185.3,10,4666.77
6500,20240919,5,4,344,2,2284.3,0,4568.6
6501,20251201,109,10,189,1,2954.88,5,2807.14
6502,20250602,69,13,185,1,2128.62,0,2128.62
6503,20240223,8,16,294,1,3576.07,20,2860.86
6504,20250314,28,13,307,2,3988.05,0,7976.1
6505,20241224,47,21,332,1,2706.69,10,2436.02
6506,20241210,70,8,185,1,3349.78,15,2847.31
6507,20250526,96,15,316,1,3006.66,5,2856.33
6508,20240428,57,5,,2,3796.83,10,6834.29
6509,20250106,76,23,145,1,5042.37,0,5042.37
6510,20250118,87,14,136,1,2952.23,0,2952.23
6511,20241115,52,1,,1,2796.94,0,2796.94
6512,20240801,42,6,,3,2401.74,0,7205.22
6513,20240627,104,13,,1,6527.04,0,6527.04
6514,20250201,96,9,198,1,3006.66,15,2555.66
6515,20240824,15,13,,1,4621.37,0,4621.37
6516,20240608,25,4,,1,659.99,5,626.99
6517,20240503,78,19,239,3,1807.55,0,5422.65
6518,20241208,98,4,327,1,850.73,0,850.73
6519,20240316,77,23,,2,5233.57,10,9420.43
6520,20241206,53,25,120,1,1453.18,0,1453.18
6521,20250303,29,12,45,1,1567.62,0,1567.62
6522,20250105,24,9,334,3,3205.37,0,9616.11
6523,20240709,104,17,193,1,6527.04,0,6527.04
6524,20250210,54,11,12,1,2808.33,5,2667.91
6525,20240716,47,15,148,1,2706.69,0,2706.69
6526,20240214,48,16,,1,2551.26,0,2551.26
6527,20251231,64,22,317,2,4068.92,0,8137.84
6528,20251124,99,12,63,1,4915.0,0,4915.0
6529,20250619,80,23,269,1,5880.6,5,5586.57
6530,20250214,105,24,128,1,2890.92,20,2312.74
6531,20241120,111,4,,1,1506.58,5,1431.25
6532,20240428,21,10,257,1,1209.52,0,1209.52
6533,20241108,54,15,345,3,2808.33,0,8424.99
6534,20250426,115,23,294,2,2419.05,0,4838.1
6535,20250223,52,20,163,1,2796.94,0,2796.94
6536,20250502,95,1,4,2,3960.41,5,7524.78
6537,20240402,120,16,46,1,5078.17,0,5078.17
6538,20240730,84,2,345,1,4822.61,0,4822.61
6539,20240814,110,3,268,1,3839.63,5,3647.65
6540,20250410,21,1,163,1,1209.52,0,1209.52
6541,20250308,34,1,,1,1322.31,5,1256.19
6542,20251027,120,24,149,2,5078.17,10,9140.71
6543,20240228,91,15,77,2,6185.93,0,12371.86
6544,20250307,112,9,391,1,1434.74,0,1434.74
6545,20251107,91,3,130,2,6185.93,0,12371.86
6546,20241025,85,13,74,1,6169.54,10,5552.59
6547,20240529,17,8,32,1,1735.19,15,1474.91
6548,20241027,17,24,,1,1735.19,15,1474.91
6549,20240924,52,2,306,2,2796.94,0,5593.88
6550,20251219,44,20,143,3,4747.67,0,14243.01
6551,20241122,19,3,254,1,3799.68,0,3799.68
6552,20240711,98,8,,1,850.73,10,765.66
6553,20250817,102,11,,1,616.26,0,616.26
6554,20241021,14,4,110,1,4823.13,20,3858.5
6555,20251030,14,8,149,1,4823.13,5,4581.97
6556,20240904,81,4,7,3,1242.05,0,3726.15
6557,20251201,6,21,220,1,843.99,5,801.79
6558,20241124,58,24,58,1,5200.5,10,4680.45
6559,20240820,2,9,345,1,882.35,10,794.12
6560,20241011,82,10,256,1,3179.41,0,3179.41
6561,20240816,48,21,312,1,2551.26,0,2551.26
6562,20250909,62,2,,1,978.5,10,880.65
6563,20240608,108,12,40,1,3374.55,10,3037.1
6564,20250510,103,11,,4,5201.47,10,18725.29
6565,20240807,61,1,,2,5731.62,0,11463.24
6566,20250928,51,18,230,1,2879.69,0,2879.69
6567,20250927,46,6,168,2,4179.48,5,7941.01
6568,20241228,5,20,293,1,2284.3,0,2284.3
6569,20240930,58,24,204,1,5200.5,0,5200.5
6570,20240729,95,20,89,1,3960.41,0,3960.41
6571,20251012,13,3,138,1,4729.21,5,4492.75
6572,20251013,107,13,250,1,1952.14,15,1659.32
6573,20250918,4,17,377,2,1722.15,0,3444.3
6574,20250529,103,7,,1,5201.47,20,4161.18
6575,20240430,59,19,72,2,2020.12,0,4040.24
6576,20240613,27,8,95,1,1220.37,0,1220.37
6577,20240520,45,1,363,2,1364.28,0,2728.56
6578,20241218,97,14,90,1,4779.12,5,4540.16
6579,20240924,12,7,90,1,1690.47,5,1605.95
6580,20240712,19,7,252,1,3799.68,0,3799.68
6581,20240917,24,4,159,2,3205.37,0,6410.74
6582,20240915,24,2,123,2,3205.37,0,6410.74
6583,20250113,84,17,317,2,4822.61,0,9645.22
6584,20241216,7,22,291,1,4794.43,20,3835.54
6585,20241203,29,21,2,2,1567.62,5,2978.48
6586,20250102,89,24,252,1,4062.25,10,3656.03
6587,20251224,78,8,344,2,1807.55,0,3615.1
6588,20250416,75,12,114,1,2266.5,5,2153.17
6589,20250308,88,3,77,1,2796.03,0,2796.03
6590,20240414,85,21,,1,6169.54,0,6169.54
6591,20240131,61,11,392,1,5731.62,0,5731.62
6592,20240923,52,19,269,2,2796.94,10,5034.49
6593,20251229,94,4,72,2,1460.17,0,2920.34
6594,20240821,110,6,286,1,3839.63,0,3839.63
6595,20241125,114,23,243,1,3973.22,10,3575.9
6596,20250812,39,7,54,1,3883.73,0,3883.73
6597,20250623,46,18,266,1,4179.48,5,3970.51
6598,20240506,29,4,380,1,1567.62,0,1567.62
6599,20251027,7,17,,4,4794.43,5,18218.83
6600,20250402,9,12,119,1,4835.47,0,4835.47
6601,20250710,39,9,279,1,3883.73,10,3495.36
6602,20240909,70,1,327,1,3349.78,5,3182.29
6603,20240824,70,4,,2,3349.78,0,6699.56
6604,20251118,33,19,87,1,2291.4,0,2291.4
6605,20241111,4,15,8,1,1722.15,15,1463.83
6606,20241230,42,21,266,1,2401.74,0,2401.74
6607,20240927,71,24,64,2,3918.6,0,7837.2
6608,20250722,104,6,382,1,6527.04,20,5221.63
6609,20240229,104,5,274,1,6527.04,0,6527.04
6610,20250720,98,6,264,1,850.73,0,850.73
6611,20250420,9,12,151,1,4835.47,15,4110.15
6612,20240828,28,24,,2,3988.05,0,7976.1
6613,20250302,88,16,,2,2796.03,5,5312.46
6614,20240806,98,8,,1,850.73,20,680.58
6615,20250317,90,3,303,1,3873.38,5,3679.71
6616,20240127,77,8,372,1,5233.57,0,5233.57
6617,20251202,8,8,319,1,3576.07,0,3576.07
6618,20240808,63,19,109,1,4196.34,0,4196.34
6619,20250705,75,5,8,1,2266.5,15,1926.52
6620,20250613,17,2,50,1,1735.19,10,1561.67
6621,20250404,89,10,221,1,4062.25,15,3452.91
6622,20240906,19,12,165,1,3799.68,0,3799.68
6623,20241202,107,5,311,1,1952.14,5,1854.53
6624,20240812,50,15,62,1,3814.05,10,3432.65
6625,20240611,117,24,319,1,5631.66,0,5631.66
6626,20251108,78,1,161,1,1807.55,5,1717.17
6627,20240112,118,18,,1,5698.72,10,5128.85
6628,20250228,70,24,165,1,3349.78,20,2679.82
6629,20250402,96,23,400,1,3006.66,5,2856.33
6630,20240926,38,6,,1,1729.74,0,1729.74
6631,20251013,47,3,190,3,2706.69,5,7714.07
6632,20250305,62,9,,2,978.5,0,1957.0
6633,20250207,83,16,308,2,2689.64,5,5110.32
6634,20240206,119,1,,2,2956.72,10,5322.1
6635,20240321,39,2,323,1,3883.73,0,3883.73
6636,20250505,3,19,,1,2631.02,10,2367.92
6637,20250319,46,10,3,4,4179.48,0,16717.92
6638,20241027,5,1,212,1,2284.3,0,2284.3
6639,20250930,60,13,109,1,4273.1,20,3418.48
6640,20250327,45,6,10,1,1364.28,15,1159.64
6641,20250817,78,5,203,1,1807.55,0,1807.55
6642,20250308,8,3,272,1,3576.07,0,3576.07
6643,20241205,95,3,,1,3960.41,0,3960.41
6644,20240419,102,13,349,1,616.26,0,616.26
6645,20251122,16,12,309,1,4330.21,0,4330.21
6646,20241212,3,15,37,2,2631.02,0,5262.04
6647,20251009,56,22,248,2,7088.96,20,11342.34
6648,20251108,50,7,52,1,3814.05,5,3623.35
6649,20240822,100,6,63,1,4823.15,0,4823.15
6650,20240229,21,12,193,1,1209.52,0,1209.52
6651,20241026,36,13,145,1,682.61,15,580.22
6652,20250601,78,25,350,1,1807.55,15,1536.42
6653,20250709,30,6,396,1,3704.61,0,3704.61
6654,20240904,111,15,140,3,1506.58,5,4293.75
6655,20241012,99,16,305,2,4915.0,0,9830.0
6656,20250815,59,24,295,1,2020.12,10,1818.11
6657,20241102,68,19,11,2,1648.1,5,3131.39
6658,20241112,50,11,279,1,3814.05,0,3814.05
6659,20250816,20,21,287,2,1915.63,10,3448.13
6660,20250521,72,1,245,2,1667.62,0,3335.24
6661,20251113,82,22,215,2,3179.41,10,5722.94
6662,20250426,119,7,24,1,2956.72,0,2956.72
6663,20240531,45,4,276,1,1364.28,0,1364.28
6664,20250705,74,15,223,2,3249.83,0,6499.66
6665,20251211,52,25,,1,2796.94,5,2657.09
6666,20250907,25,12,130,1,659.99,5,626.99
6667,20251026,79,7,223,2,1528.97,0,3057.94
6668,20240116,68,12,230,1,1648.1,0,1648.1
6669,20251005,48,21,109,2,2551.26,5,4847.39
6670,20251029,86,14,339,1,4002.37,0,4002.37
6671,20250401,62,16,57,1,978.5,0,978.5
6672,20250406,109,15,29,1,2954.88,0,2954.88
6673,20240119,90,3,145,1,3873.38,0,3873.38
6674,20251017,107,20,276,1,1952.14,10,1756.93
6675,20240515,48,13,111,1,2551.26,15,2168.57
6676,20240930,120,24,183,1,5078.17,0,5078.17
6677,20251116,84,16,386,1,4822.61,0,4822.61
6678,20241212,89,9,2,2,4062.25,20,6499.6
6679,20240128,73,11,400,1,6348.65,0,6348.65
6680,20250426,119,24,271,1,2956.72,5,2808.88
6681,20240526,61,13,345,1,5731.62,5,5445.04
6682,20240302,92,18,140,2,2008.22,10,3614.8
6683,20251022,55,13,,1,735.67,0,735.67
6684,20250916,70,1,96,2,3349.78,0,6699.56
6685,20241109,34,18,395,1,1322.31,10,1190.08
6686,20241019,26,23,29,3,1355.83,5,3864.12
6687,20250211,103,4,115,1,5201.47,15,4421.25
6688,20250423,88,17,143,1,2796.03,0,2796.03
6689,20241021,73,3,200,1,6348.65,5,6031.22
6690,20250818,43,1,352,1,3747.63,0,3747.63
6691,20250913,23,12,,1,5336.87,0,5336.87
6692,20250313,79,16,246,1,1528.97,0,1528.97
6693,20240224,62,22,,1,978.5,0,978.5
6694,20241111,106,24,73,1,717.87,10,646.08
6695,20241102,30,6,222,1,3704.61,5,3519.38
6696,20241012,80,10,,1,5880.6,5,5586.57
6697,20251119,74,21,313,1,3249.83,0,3249.83
6698,20251211,23,19,216,3,5336.87,0,16010.61
6699,20240310,14,18,237,4,4823.13,15,16398.64
6700,20240926,56,12,50,4,7088.96,5,26938.05
6701,20240129,104,7,289,2,6527.04,5,12401.38
6702,20240301,48,20,222,1,2551.26,5,2423.7
6703,20240916,20,7,149,2,1915.63,5,3639.7
6704,20240731,93,16,347,2,4029.05,20,6446.48
6705,20240611,68,17,125,1,1648.1,0,1648.1
6706,20241109,81,18,167,1,1242.05,0,1242.05
6707,20240702,112,15,70,1,1434.74,0,1434.74
6708,20250409,74,7,206,1,3249.83,0,3249.83
6709,20241203,46,7,228,1,4179.48,0,4179.48
6710,20251101,82,10,360,1,3179.41,5,3020.44
6711,20240527,51,18,391,2,2879.69,5,5471.41
6712,20240903,94,17,270,1,1460.17,0,1460.17
6713,20250831,11,6,224,1,5902.88,0,5902.88
6714,20250506,33,16,197,3,2291.4,0,6874.2
6715,20241028,3,15,85,1,2631.02,10,2367.92
6716,20250125,41,6,145,1,5693.66,0,5693.66
6717,20240813,10,22,73,1,3316.3,0,3316.3
6718,20240320,91,1,53,1,6185.93,0,6185.93
6719,20241013,32,23,29,4,1604.88,0,6419.52
6720,20250108,57,17,150,1,3796.83,0,3796.83
6721,20250101,41,1,,1,5693.66,0,5693.66
6722,20240305,85,3,,1,6169.54,0,6169.54
6723,20241105,48,13,116,3,2551.26,0,7653.78
6724,20240812,62,2,371,1,978.5,0,978.5
6725,20251111,89,15,98,1,4062.25,20,3249.8
6726,20250103,54,1,120,1,2808.33,15,2387.08
6727,20251223,120,23,228,1,5078.17,0,5078.17
6728,20250901,62,21,43,2,978.5,15,1663.45
6729,20240410,85,10,212,1,6169.54,10,5552.59
6730,20250718,79,6,82,3,1528.97,5,4357.56
6731,20240924,2,1,107,1,882.35,0,882.35
6732,20251210,76,14,28,1,5042.37,5,4790.25
6733,20240328,35,8,370,1,3748.04,0,3748.04
6734,20250427,11,3,365,2,5902.88,20,9444.61
6735,20240203,39,11,,2,3883.73,5,7379.09
6736,20240312,91,4,168,1,6185.93,15,5258.04
6737,20251004,53,2,78,1,1453.18,5,1380.52
6738,20240714,103,23,388,1,5201.47,0,5201.47
6739,20250323,54,2,132,3,2808.33,10,7582.49
6740,20241206,49,5,180,1,3974.14,0,3974.14
6741,20240702,40,13,388,1,6858.19,5,6515.28
6742,20240926,85,24,213,2,6169.54,10,11105.17
6743,20250518,44,9,379,1,4747.67,0,4747.67
6744,20250525,14,4,286,2,4823.13,0,9646.26
6745,20240226,48,18,,1,2551.26,0,2551.26
6746,20241204,46,16,,1,4179.48,0,4179.48
6747,20250715,49,11,135,1,3974.14,0,3974.14
6748,20241102,116,9,320,4,6480.7,0,25922.8
6749,20240528,96,13,323,1,3006.66,0,3006.66
6750,20251217,45,2,,2,1364.28,0,2728.56
6751,20251116,66,22,395,2,6204.11,0,12408.22
6752,20240915,113,20,228,1,4385.13,0,4385.13
6753,20240305,53,24,259,1,1453.18,0,1453.18
6754,20240106,57,13,41,1,3796.83,0,3796.83
6755,20250315,69,3,113,1,2128.62,5,2022.19
6756,20240606,86,8,334,2,4002.37,0,8004.74
6757,20240417,88,2,63,2,2796.03,10,5032.85
6758,20241126,5,1,222,1,2284.3,5,2170.09
6759,20250413,45,25,364,2,1364.28,15,2319.28
6760,20240106,116,15,284,1,6480.7,0,6480.7
6761,20250111,47,15,272,1,2706.69,15,2300.69
6762,20250508,103,2,250,1,5201.47,0,5201.47
6763,20240612,103,6,120,1,5201.47,10,4681.32
6764,20240922,27,1,304,2,1220.37,0,2440.74
6765,20240611,58,6,319,1,5200.5,0,5200.5
6766,20250308,107,15,144,2,1952.14,0,3904.28
6767,20250620,87,19,352,2,2952.23,0,5904.46
6768,20250821,104,9,353,1,6527.04,15,5547.98
6769,20250204,76,24,277,1,5042.37,0,5042.37
6770,20240618,44,25,67,1,4747.67,0,4747.67
6771,20240408,96,1,277,1,3006.66,0,3006.66
6772,20251104,5,3,333,1,2284.3,0,2284.3
6773,20251031,51,23,32,1,2879.69,0,2879.69
6774,20241211,80,12,319,1,5880.6,0,5880.6
6775,20250324,116,13,224,2,6480.7,0,12961.4
6776,20250809,52,12,204,3,2796.94,5,7971.28
6777,20250130,110,2,185,1,3839.63,10,3455.67
6778,20250609,63,7,32,1,4196.34,0,4196.34
6779,20241009,47,2,11,1,2706.69,0,2706.69
6780,20250919,57,18,238,2,3796.83,10,6834.29
6781,20251027,111,18,50,2,1506.58,0,3013.16
6782,20240723,82,10,387,1,3179.41,0,3179.41
6783,20240105,56,13,150,1,7088.96,20,5671.17
6784,20240903,110,23,289,1,3839.63,0,3839.63
6785,20240106,36,14,,2,682.61,0,1365.22
6786,20251027,92,14,,1,2008.22,5,1907.81
6787,20251005,64,2,290,2,4068.92,5,7730.95
6788,20250426,48,20,146,1,2551.26,15,2168.57
6789,20240222,82,11,125,1,3179.41,0,3179.41
6790,20240509,63,21,13,1,4196.34,0,4196.34
6791,20240926,48,4,3,1,2551.26,10,2296.13
6792,20241124,118,21,61,2,5698.72,0,11397.44
6793,20241201,118,16,247,1,5698.72,0,5698.72
6794,20240101,70,10,158,1,3349.78,0,3349.78
6795,20240617,65,11,228,1,3541.34,0,3541.34
6796,20240707,2,12,275,1,882.35,0,882.35
6797,20250113,115,2,169,1,2419.05,0,2419.05
6798,20240404,103,15,243,1,5201.47,20,4161.18
6799,20241219,2,24,107,4,882.35,5,3352.93
6800,20251209,16,17,45,1,4330.21,0,4330.21
6801,20240404,106,10,12,3,717.87,15,1830.57
6802,20240104,64,9,22,4,4068.92,5,15461.9
6803,20250117,9,11,310,3,4835.47,0,14506.41
6804,20240606,61,14,75,2,5731.62,0,11463.24
6805,20250808,115,19,116,1,2419.05,10,2177.15
6806,20240726,6,19,346,1,843.99,10,759.59
6807,20250909,7,13,188,1,4794.43,0,4794.43
6808,20240216,57,3,64,1,3796.83,0,3796.83
6809,20241031,79,3,161,1,1528.97,10,1376.07
6810,20250804,29,14,148,2,1567.62,0,3135.24
6811,20240731,55,12,100,1,735.67,0,735.67
6812,20241118,89,20,144,1,4062.25,0,4062.25
6813,20240430,48,2,299,1,2551.26,0,2551.26
6814,20241027,49,23,335,3,3974.14,0,11922.42
6815,20250403,80,18,211,2,5880.6,0,11761.2
6816,20251120,98,2,5,1,850.73,10,765.66
6817,20240803,31,8,269,1,7243.85,0,7243.85
6818,20251108,73,13,,1,6348.65,0,6348.65
6819,20251231,85,5,133,1,6169.54,10,5552.59
6820,20240908,100,18,195,1,4823.15,0,4823.15
6821,20240211,104,16,200,1,6527.04,0,6527.04
6822,20241118,62,24,215,3,978.5,0,2935.5
6823,20250530,4,12,249,1,1722.15,0,1722.15
6824,20250722,100,17,76,1,4823.15,15,4099.68
6825,20240214,73,15,,1,6348.65,20,5078.92
6826,20250709,22,10,26,1,6438.69,0,6438.69
6827,20240411,68,23,71,1,1648.1,5,1565.69
6828,20251107,81,21,212,2,1242.05,0,2484.1
6829,20250624,120,22,333,1,5078.17,15,4316.44
6830,20250711,74,13,,1,3249.83,15,2762.36
6831,20250212,110,17,269,1,3839.63,15,3263.69
6832,20250513,76,2,84,1,5042.37,0,5042.37
6833,20240929,49,11,12,1,3974.14,10,3576.73
6834,20251124,58,20,324,1,5200.5,5,4940.47
6835,20250916,101,15,227,1,1131.31,0,1131.31
6836,20250724,8,17,287,2,3576.07,5,6794.53
6837,20241220,114,24,272,4,3973.22,5,15098.24
6838,20240215,105,9,274,1,2890.92,0,2890.92
6839,20241121,70,13,235,3,3349.78,5,9546.87
6840,20250131,8,6,,1,3576.07,20,2860.86
6841,20251205,4,14,383,2,1722.15,0,3444.3
6842,20241123,119,21,296,1,2956.72,5,2808.88
6843,20240815,82,1,372,1,3179.41,10,2861.47
6844,20240804,57,17,329,2,3796.83,5,7213.98
6845,20240903,57,4,377,2,3796.83,0,7593.66
6846,20250523,3,10,42,1,2631.02,20,2104.82
6847,20250513,70,21,,1,3349.78,0,3349.78
6848,20240320,37,6,62,2,3761.37,5,7146.6
6849,20250201,18,9,309,1,5185.3,5,4926.03
6850,20240909,26,4,279,1,1355.83,0,1355.83
6851,20240209,46,21,245,1,4179.48,0,4179.48
6852,20250624,40,1,226,1,6858.19,5,6515.28
6853,20250214,33,1,171,1,2291.4,0,2291.4
6854,20250130,18,4,358,1,5185.3,5,4926.03
6855,20250313,44,21,176,1,4747.67,0,4747.67
6856,20240926,43,18,206,1,3747.63,5,3560.25
6857,20250809,78,2,83,1,1807.55,5,1717.17
6858,20250428,79,9,,1,1528.97,0,1528.97
6859,20240923,14,8,225,2,4823.13,15,8199.32
6860,20250724,53,22,112,4,1453.18,5,5522.08
6861,20240726,107,18,311,1,1952.14,0,1952.14
6862,20250101,83,9,257,2,2689.64,0,5379.28
6863,20250226,115,14,31,1,2419.05,0,2419.05
6864,20250524,35,21,287,3,3748.04,0,11244.12
6865,20251029,119,3,396,1,2956.72,0,2956.72
6866,20250507,30,21,332,1,3704.61,0,3704.61
6867,20240320,20,14,147,2,1915.63,5,3639.7
6868,20240207,75,14,,1,2266.5,0,2266.5
6869,20240326,1,2,221,1,1005.84,10,905.26
6870,20250830,112,11,160,3,1434.74,0,4304.22
6871,20240225,13,16,138,2,4729.21,0,9458.42
6872,20250517,94,10,334,1,1460.17,10,1314.15
6873,20240105,117,21,366,1,5631.66,5,5350.08
6874,20250717,74,17,235,1,3249.83,10,2924.85
6875,20240227,64,25,81,1,4068.92,20,3255.14
6876,20250117,106,25,292,2,717.87,0,1435.74
6877,20250403,8,21,342,1,3576.07,15,3039.66
6878,20240430,105,16,,1,2890.92,0,2890.92
6879,20251016,19,12,,1,3799.68,0,3799.68
6880,20240531,59,14,132,1,2020.12,10,1818.11
6881,20251023,40,25,174,1,6858.19,0,6858.19
6882,20251203,118,12,,1,5698.72,0,5698.72
6883,20250526,114,16,135,1,3973.22,20,3178.58
6884,20240116,21,17,294,2,1209.52,0,2419.04
6885,20250716,69,24,184,1,2128.62,15,1809.33
6886,20250520,119,11,379,1,2956.72,0,2956.72
6887,20240312,87,12,84,3,2952.23,20,7085.35
6888,20240617,98,8,,2,850.73,0,1701.46
6889,20241007,94,8,,1,1460.17,5,1387.16
6890,20240517,78,16,143,1,1807.55,10,1626.8
6891,20240820,30,25,75,1,3704.61,0,3704.61
6892,20251126,59,17,256,1,2020.12,5,1919.11
6893,20251225,7,10,242,3,4794.43,0,14383.29
6894,20251013,82,25,141,3,3179.41,0,9538.23
6895,20250606,28,22,53,1,3988.05,0,3988.05
6896,20250406,81,22,12,1,1242.05,5,1179.95
6897,20250726,38,10,315,1,1729.74,5,1643.25
6898,20240910,9,13,68,1,4835.47,0,4835.47
6899,20250309,46,17,310,1,4179.48,10,3761.53
6900,20240703,37,17,1,1,3761.37,0,3761.37
6901,20250731,74,19,,2,3249.83,10,5849.69
6902,20240924,30,9,180,2,3704.61,0,7409.22
6903,20240429,84,5,115,1,4822.61,15,4099.22
6904,20241008,8,23,355,1,3576.07,10,3218.46
6905,20250228,110,21,376,1,3839.63,0,3839.63
6906,20251026,38,8,231,1,1729.74,10,1556.77
6907,20241002,110,11,381,1,3839.63,20,3071.7
6908,20240506,20,17,327,1,1915.63,0,1915.63
6909,20250206,40,21,338,1,6858.19,0,6858.19
6910,20240925,99,16,259,1,4915.0,10,4423.5
6911,20251012,59,2,190,2,2020.12,0,4040.24
6912,20250928,48,21,327,1,2551.26,0,2551.26
6913,20251115,28,6,92,3,3988.05,5,11365.94
6914,20240726,17,14,79,1,1735.19,10,1561.67
6915,20250912,68,2,252,1,1648.1,0,1648.1
6916,20251018,31,15,265,1,7243.85,5,6881.66
6917,20240615,90,21,302,1,3873.38,10,3486.04
6918,20240718,50,19,266,1,3814.05,0,3814.05
6919,20240420,111,22,280,1,1506.58,20,1205.26
6920,20250106,58,23,79,1,5200.5,0,5200.5
6921,20240530,96,20,,1,3006.66,15,2555.66
6922,20240417,41,20,161,1,5693.66,15,4839.61
6923,20250402,110,18,253,3,3839.63,0,11518.89
6924,20241205,95,8,105,1,3960.41,5,3762.39
6925,20250810,100,8,,1,4823.15,5,4581.99
6926,20250521,43,13,316,2,3747.63,5,7120.5
6927,20250420,49,12,73,1,3974.14,0,3974.14
6928,20240121,101,2,271,1,1131.31,5,1074.74
6929,20250730,46,17,387,2,4179.48,0,8358.96
6930,20240106,45,4,167,1,1364.28,15,1159.64
6931,20240224,112,21,99,1,1434.74,5,1363.0
6932,20241204,116,7,197,4,6480.7,0,25922.8
6933,20250723,60,21,351,1,4273.1,15,3632.14
6934,20250524,37,22,198,2,3761.37,0,7522.74
6935,20250611,87,20,100,1,2952.23,5,2804.62
6936,20241222,21,22,106,1,1209.52,0,1209.52
6937,20251103,4,15,309,1,1722.15,0,1722.15
6938,20251028,39,9,138,2,3883.73,10,6990.71
6939,20250830,91,19,139,1,6185.93,5,5876.63
6940,20251029,50,6,343,1,3814.05,0,3814.05
6941,20250811,120,23,393,1,5078.17,15,4316.44
6942,20240317,109,12,118,1,2954.88,0,2954.88
6943,20241205,1,21,165,1,1005.84,15,854.96
6944,20240608,45,3,61,2,1364.28,15,2319.28
6945,20240401,84,18,67,4,4822.61,0,19290.44
6946,20250815,14,9,380,1,4823.13,0,4823.13
6947,20240320,80,14,373,1,5880.6,0,5880.6
6948,20240110,12,24,367,1,1690.47,0,1690.47
6949,20240102,99,3,,1,4915.0,5,4669.25
6950,20241216,59,13,237,1,2020.12,10,1818.11
6951,20250208,47,24,99,2,2706.69,5,5142.71
6952,20250503,62,10,,1,978.5,0,978.5
6953,20250616,42,20,,2,2401.74,5,4563.31
6954,20240904,32,2,153,2,1604.88,0,3209.76
6955,20251220,24,4,249,1,3205.37,10,2884.83
6956,20240410,108,13,172,1,3374.55,10,3037.1
6957,20250418,29,1,398,2,1567.62,0,3135.24
6958,20250710,77,1,364,1,5233.57,5,4971.89
6959,20250303,20,19,295,2,1915.63,0,3831.26
6960,20241226,112,2,26,1,1434.74,0,1434.74
6961,20250910,7,8,236,1,4794.43,5,4554.71
6962,20241002,16,4,294,1,4330.21,5,4113.7
6963,20250329,78,14,54,1,1807.55,20,1446.04
6964,20250226,57,2,319,1,3796.83,0,3796.83
6965,20250417,35,20,36,2,3748.04,0,7496.08
6966,20250607,29,1,385,1,1567.62,0,1567.62
6967,20251230,61,15,277,1,5731.62,0,5731.62
6968,20240919,100,7,319,1,4823.15,0,4823.15
6969,20250205,69,22,91,1,2128.62,0,2128.62
6970,20250529,24,23,400,3,3205.37,5,9135.3
6971,20250326,9,11,171,1,4835.47,0,4835.47
6972,20240428,104,7,111,1,6527.04,10,5874.34
6973,20251104,12,3,196,1,1690.47,5,1605.95
6974,20240308,36,1,274,1,682.61,0,682.61
6975,20250219,40,20,61,1,6858.19,0,6858.19
6976,20250306,102,11,,1,616.26,5,585.45
6977,20251110,104,7,192,3,6527.04,0,19581.12
6978,20240829,61,18,,1,5731.62,15,4871.88
6979,20250917,9,12,373,1,4835.47,0,4835.47
6980,20250817,103,1,,3,5201.47,5,14824.19
6981,20241107,56,24,307,1,7088.96,10,6380.06
6982,20251129,104,18,,1,6527.04,10,5874.34
6983,20250923,33,5,290,2,2291.4,20,3666.24
6984,20251221,81,3,352,1,1242.05,10,1117.85
6985,20250701,77,2,,1,5233.57,20,4186.86
6986,20251125,7,21,268,1,4794.43,20,3835.54
6987,20241025,40,3,328,1,6858.19,5,6515.28
6988,20240408,14,16,351,1,4823.13,5,4581.97
6989,20240616,1,14,241,1,1005.84,20,804.67
6990,20241216,95,17,177,1,3960.41,0,3960.41
6991,20251125,2,9,246,1,882.35,5,838.23
6992,20251220,42,23,146,4,2401.74,0,9606.96
6993,20240301,26,3,383,2,1355.83,10,2440.49
6994,20240404,58,12,312,1,5200.5,10,4680.45
6995,20251203,40,20,240,1,6858.19,5,6515.28
6996,20240412,79,9,178,2,1528.97,15,2599.25
6997,20240704,47,3,20,1,2706.69,0,2706.69
6998,20250217,30,7,319,2,3704.61,20,5927.38
6999,20250329,118,25,390,1,5698.72,0,5698.72
7000,20250814,40,22,260,1,6858.19,5,6515.28
7001,20250104,95,12,356,1,3960.41,0,3960.41
7002,20240705,12,8,3,1,1690.47,0,1690.47
7003,20241213,62,13,399,1,978.5,20,782.8
7004,20240415,27,20,186,4,1220.37,10,4393.33
7005,20240911,21,7,8,1,1209.52,0,1209.52
7006,20250521,32,4,86,2,1604.88,0,3209.76
7007,20240813,19,9,358,1,3799.68,5,3609.7
7008,20250805,45,24,295,2,1364.28,0,2728.56
7009,20250323,22,18,,1,6438.69,0,6438.69
7010,20240120,2,14,354,1,882.35,0,882.35
7011,20250619,6,10,88,1,843.99,0,843.99
7012,20250502,110,22,266,1,3839.63,0,3839.63
7013,20241221,67,15,296,1,4800.44,5,4560.42
7014,20250407,3,25,386,1,2631.02,5,2499.47
7015,20250602,60,24,10,1,4273.1,0,4273.1
7016,20250705,18,22,74,2,5185.3,15,8815.01
7017,20251111,11,14,192,2,5902.88,0,11805.76
7018,20250113,26,5,231,2,1355.83,20,2169.33
7019,20240808,107,10,147,3,1952.14,0,5856.42
7020,20241211,97,13,279,1,4779.12,5,4540.16
7021,20240804,95,16,,4,3960.41,20,12673.31
7022,20250824,69,16,,1,2128.62,10,1915.76
7023,20241206,32,17,299,1,1604.88,20,1283.9
7024,20240629,91,5,398,1,6185.93,5,5876.63
7025,20250918,50,11,383,1,3814.05,0,3814.05
7026,20251022,63,25,148,1,4196.34,0,4196.34
7027,20241201,119,13,87,1,2956.72,0,2956.72
7028,20251103,27,9,132,1,1220.37,10,1098.33
7029,20240514,76,19,198,1,5042.37,0,5042.37
7030,20250403,10,18,193,1,3316.3,5,3150.49
7031,20250806,76,21,307,1,5042.37,0,5042.37
7032,20250128,85,17,369,1,6169.54,0,6169.54
7033,20250125,19,19,375,1,3799.68,0,3799.68
7034,20240708,63,17,254,2,4196.34,0,8392.68
7035,20240228,32,14,325,1,1604.88,0,1604.88
7036,20241207,84,21,91,1,4822.61,0,4822.61
7037,20250818,50,20,72,1,3814.05,0,3814.05
7038,20250625,70,20,1,1,3349.78,15,2847.31
7039,20250610,98,25,197,2,850.73,0,1701.46
7040,20240403,114,1,145,1,3973.22,0,3973.22
7041,20240728,91,13,,2,6185.93,0,12371.86
7042,20240131,65,21,286,1,3541.34,0,3541.34
7043,20241005,27,16,58,2,1220.37,0,2440.74
7044,20251228,64,16,109,2,4068.92,10,7324.06
7045,20240817,100,3,39,1,4823.15,0,4823.15
7046,20241107,30,17,358,1,3704.61,10,3334.15
7047,20250425,73,16,395,1,6348.65,5,6031.22
7048,20240924,23,4,285,2,5336.87,0,10673.74
7049,20250622,109,24,237,1,2954.88,0,2954.88
7050,20251210,115,8,82,3,2419.05,0,7257.15
7051,20251209,57,10,112,1,3796.83,5,3606.99
7052,20240419,18,3,59,1,5185.3,10,4666.77
7053,20241111,23,23,72,1,5336.87,0,5336.87
7054,20250711,71,3,273,1,3918.6,10,3526.74
7055,20240125,54,7,,1,2808.33,0,2808.33
7056,20240513,111,15,203,1,1506.58,15,1280.59
7057,20240415,2,19,50,3,882.35,0,2647.05
7058,20240312,59,20,93,2,2020.12,0,4040.24
7059,20250210,112,21,100,1,1434.74,0,1434.74
7060,20240808,85,15,91,1,6169.54,5,5861.06
7061,20250727,114,3,160,1,3973.22,10,3575.9
7062,20241010,50,20,361,1,3814.05,0,3814.05
7063,20250421,64,5,81,1,4068.92,5,3865.47
7064,20250108,7,23,283,1,4794.43,5,4554.71
7065,20240728,89,22,180,1,4062.25,20,3249.8
7066,20250106,4,4,364,1,1722.15,0,1722.15
7067,20240310,5,10,296,1,2284.3,15,1941.66
7068,20250511,32,2,186,1,1604.88,10,1444.39
7069,20241212,13,7,65,1,4729.21,0,4729.21
7070,20240726,8,19,77,1,3576.07,0,3576.07
7071,20241112,12,21,174,1,1690.47,5,1605.95
7072,20250228,44,8,26,1,4747.67,0,4747.67
7073,20251107,67,12,103,1,4800.44,0,4800.44
7074,20241123,112,17,,1,1434.74,10,1291.27
7075,20241101,14,13,194,1,4823.13,0,4823.13
7076,20251231,40,14,332,1,6858.19,0,6858.19
7077,20240106,107,1,131,2,1952.14,15,3318.64
7078,20250114,112,12,346,2,1434.74,20,2295.58
7079,20250201,111,24,83,1,1506.58,0,1506.58
7080,20251023,118,20,,1,5698.72,0,5698.72
7081,20250119,45,4,281,3,1364.28,0,4092.84
7082,20240117,108,20,250,2,3374.55,0,6749.1
7083,20241217,16,24,83,1,4330.21,15,3680.68
7084,20250429,82,12,144,1,3179.41,15,2702.5
7085,20251025,21,22,327,3,1209.52,5,3447.13
7086,20241017,26,24,221,1,1355.83,0,1355.83
7087,20251013,72,25,85,1,1667.62,15,1417.48
7088,20240920,109,18,42,2,2954.88,10,5318.78
7089,20250127,101,22,146,1,1131.31,10,1018.18
7090,20240331,33,10,370,3,2291.4,10,6186.78
7091,20250425,15,22,225,3,4621.37,0,13864.11
7092,20240306,111,10,189,1,1506.58,20,1205.26
7093,20240222,7,5,10,4,4794.43,5,18218.83
7094,20241224,40,16,162,1,6858.19,15,5829.46
7095,20240518,104,15,304,1,6527.04,0,6527.04
7096,20240405,5,20,,1,2284.3,0,2284.3
7097,20241127,8,21,136,2,3576.07,5,6794.53
7098,20250328,6,5,215,1,843.99,0,843.99
7099,20250518,8,14,,1,3576.07,0,3576.07
7100,20241126,117,7,42,1,5631.66,5,5350.08
7101,20250405,54,6,280,1,2808.33,5,2667.91
7102,20241102,119,3,137,1,2956.72,0,2956.72
7103,20240910,58,20,,2,5200.5,0,10401.0
7104,20240617,71,4,315,1,3918.6,10,3526.74
7105,20250917,96,13,53,1,3006.66,15,2555.66
7106,20250710,21,19,339,4,1209.52,0,4838.08
7107,20240421,18,2,196,1,5185.3,0,5185.3
7108,20250222,108,16,238,1,3374.55,0,3374.55
7109,20240622,43,2,181,1,3747.63,5,3560.25
7110,20251026,111,10,294,1,1506.58,0,1506.58
7111,20250424,113,1,297,2,4385.13,0,8770.26
7112,20240502,2,5,322,1,882.35,10,794.12
7113,20240913,31,17,79,1,7243.85,0,7243.85
7114,20240112,32,6,345,2,1604.88,0,3209.76
7115,20250223,44,19,391,3,4747.67,10,12818.71
7116,20250730,102,17,,1,616.26,0,616.26
7117,20240729,104,20,22,2,6527.04,0,13054.08
7118,20240116,56,16,8,2,7088.96,0,14177.92
7119,20240224,30,18,149,1,3704.61,5,3519.38
7120,20251014,61,15,304,1,5731.62,5,5445.04
7121,20240307,75,21,9,1,2266.5,10,2039.85
7122,20240413,75,15,,1,2266.5,0,2266.5
7123,20241109,45,23,224,1,1364.28,20,1091.42
7124,20240429,114,10,233,2,3973.22,0,7946.44
7125,20250719,83,10,396,1,2689.64,5,2555.16
7126,20250116,53,16,162,1,1453.18,0,1453.18
7127,20240616,73,13,210,1,6348.65,5,6031.22
7128,20240811,22,9,251,2,6438.69,0,12877.38
7129,20251011,79,3,21,1,1528.97,0,1528.97
7130,20241124,88,4,136,1,2796.03,0,2796.03
7131,20240714,3,15,334,2,2631.02,0,5262.04
7132,20250814,100,17,356,1,4823.15,5,4581.99
7133,20250317,5,12,322,1,2284.3,0,2284.3
7134,20240108,21,22,122,1,1209.52,0,1209.52
7135,20240913,94,22,128,1,1460.17,0,1460.17
7136,20240318,68,9,39,1,1648.1,10,1483.29
7137,20250508,92,4,384,1,2008.22,0,2008.22
7138,20240307,14,24,237,1,4823.13,15,4099.66
7139,20240126,57,7,276,1,3796.83,10,3417.15
7140,20240822,94,12,144,2,1460.17,0,2920.34
7141,20241223,102,14,232,3,616.26,20,1479.02
7142,20240306,84,4,263,1,4822.61,5,4581.48
7143,20250218,52,8,372,1,2796.94,0,2796.94
7144,20251024,67,20,281,1,4800.44,0,4800.44
7145,20250714,86,12,377,4,4002.37,0,16009.48
7146,20250117,116,14,,1,6480.7,0,6480.7
7147,20251125,102,9,261,1,616.26,0,616.26
7148,20251118,17,10,206,2,1735.19,0,3470.38
7149,20250623,101,6,240,1,1131.31,5,1074.74
7150,20240204,119,18,392,2,2956.72,10,5322.1
7151,20240321,34,19,48,1,1322.31,0,1322.31
7152,20240516,98,5,104,1,850.73,20,680.58
7153,20241108,44,1,2,2,4747.67,5,9020.57
7154,20240823,36,19,42,1,682.61,0,682.61
7155,20240918,75,6,102,1,2266.5,20,1813.2
7156,20250722,104,4,120,3,6527.04,0,19581.12
7157,20240514,114,23,250,2,3973.22,10,7151.8
7158,20240415,72,3,107,1,1667.62,0,1667.62
7159,20251205,65,18,90,1,3541.34,0,3541.34
7160,20240305,53,2,126,1,1453.18,0,1453.18
7161,20250429,98,17,7,1,850.73,0,850.73
7162,20250904,2,16,354,1,882.35,0,882.35
7163,20240313,1,11,128,1,1005.84,0,1005.84
7164,20250703,10,6,343,1,3316.3,5,3150.49
7165,20240814,78,21,325,1,1807.55,15,1536.42
7166,20240229,100,18,95,2,4823.15,5,9163.98
7167,20250613,13,9,179,1,4729.21,0,4729.21
7168,20250307,76,17,125,3,5042.37,10,13614.4
7169,20240213,57,6,262,1,3796.83,10,3417.15
7170,20240328,44,14,345,2,4747.67,10,8545.81
7171,20240612,30,2,200,1,3704.61,0,3704.61
7172,20251126,74,9,20,4,3249.83,0,12999.32
7173,20240320,109,5,1,1,2954.88,0,2954.88
7174,20240611,5,18,215,1,2284.3,0,2284.3
7175,20241110,65,11,110,2,3541.34,0,7082.68
7176,20250723,55,23,,3,735.67,10,1986.31
7177,20240513,103,15,209,1,5201.47,0,5201.47
7178,20240711,79,21,328,1,1528.97,0,1528.97
7179,20250724,73,19,,1,6348.65,0,6348.65
7180,20240317,90,14,129,1,3873.38,20,3098.7
7181,20250301,52,23,127,1,2796.94,10,2517.25
7182,20250115,54,25,,2,2808.33,0,5616.66
7183,20240814,44,16,366,1,4747.67,0,4747.67
7184,20250730,18,23,174,1,5185.3,0,5185.3
7185,20250702,88,17,99,1,2796.03,0,2796.03
7186,20250802,116,6,318,2,6480.7,0,12961.4
7187,20241015,17,9,3,1,1735.19,10,1561.67
7188,20250203,64,21,,1,4068.92,0,4068.92
7189,20250613,23,20,301,1,5336.87,15,4536.34
7190,20250211,98,4,120,1,850.73,0,850.73
7191,20240614,76,10,,2,5042.37,0,10084.74
7192,20240201,39,7,47,1,3883.73,0,3883.73
7193,20250716,2,17,164,1,882.35,0,882.35
7194,20250620,53,25,315,2,1453.18,0,2906.36
7195,20240104,111,16,383,1,1506.58,5,1431.25
7196,20240730,87,3,319,1,2952.23,0,2952.23
7197,20250427,102,12,93,1,616.26,0,616.26
7198,20250217,48,15,164,1,2551.26,0,2551.26
7199,20240805,82,5,6,1,3179.41,5,3020.44
7200,20251116,96,25,,1,3006.66,0,3006.66
7201,20241211,41,16,368,1,5693.66,20,4554.93
7202,20241017,15,2,4,2,4621.37,5,8780.6
7203,20250123,106,4,346,2,717.87,5,1363.95
7204,20240717,11,15,11,2,5902.88,0,11805.76
7205,20241025,89,12,238,2,4062.25,0,8124.5
7206,20240327,38,7,354,2,1729.74,10,3113.53
7207,20250926,58,11,186,1,5200.5,10,4680.45
7208,20250128,72,7,93,1,1667.62,0,1667.62
7209,20240829,112,17,323,1,1434.74,5,1363.0
7210,20250321,76,13,26,1,5042.37,10,4538.13
7211,20251202,15,17,164,1,4621.37,0,4621.37
7212,20240420,38,21,,1,1729.74,0,1729.74
7213,20241109,68,15,54,1,1648.1,5,1565.69
7214,20240503,117,19,231,1,5631.66,10,5068.49
7215,20240610,84,24,107,2,4822.61,5,9162.96
7216,20251205,38,10,36,1,1729.74,0,1729.74
7217,20240721,36,23,226,1,682.61,5,648.48
7218,20240211,61,6,199,2,5731.62,10,10316.92
7219,20250724,63,5,30,1,4196.34,0,4196.34
7220,20250305,45,15,102,1,1364.28,0,1364.28
7221,20251128,48,4,27,1,2551.26,0,2551.26
7222,20250512,59,16,250,1,2020.12,10,1818.11
7223,20251103,89,21,66,2,4062.25,0,8124.5
7224,20250907,50,16,41,1,3814.05,0,3814.05
7225,20241202,100,15,61,2,4823.15,0,9646.3
7226,20250911,40,11,13,3,6858.19,0,20574.57
7227,20251001,114,23,153,1,3973.22,15,3377.24
7228,20250625,18,13,229,1,5185.3,0,5185.3
7229,20240503,31,22,250,1,7243.85,0,7243.85
7230,20250312,108,17,299,1,3374.55,15,2868.37
7231,20250615,99,16,119,1,4915.0,0,4915.0
7232,20241031,16,18,166,1,4330.21,5,4113.7
7233,20250930,37,20,,1,3761.37,0,3761.37
7234,20250422,36,6,232,1,682.61,0,682.61
7235,20241217,93,5,211,1,4029.05,5,3827.6
7236,20240915,59,21,244,1,2020.12,0,2020.12
7237,20241121,12,20,64,3,1690.47,0,5071.41
7238,20240108,31,15,287,3,7243.85,0,21731.55
7239,20241117,53,17,312,1,1453.18,5,1380.52
7240,20240120,72,21,274,1,1667.62,0,1667.62
7241,20250425,46,1,295,1,4179.48,5,3970.51
7242,20250907,81,6,202,3,1242.05,0,3726.15
7243,20250918,120,16,156,2,5078.17,10,9140.71
7244,20240907,12,25,399,1,1690.47,0,1690.47
7245,20240704,53,14,377,2,1453.18,0,2906.36
7246,20240312,52,8,392,1,2796.94,0,2796.94
7247,20250630,16,8,,1,4330.21,5,4113.7
7248,20250223,17,10,315,1,1735.19,0,1735.19
7249,20250916,33,13,142,1,2291.4,0,2291.4
7250,20241116,29,13,128,2,1567.62,20,2508.19
7251,20251027,44,10,56,1,4747.67,0,4747.67
7252,20240219,116,18,40,2,6480.7,10,11665.26
7253,20250922,32,9,84,1,1604.88,15,1364.15
7254,20251121,76,6,182,1,5042.37,0,5042.37
7255,20240127,37,21,269,1,3761.37,0,3761.37
7256,20240210,5,3,112,1,2284.3,10,2055.87
7257,20241119,18,10,,1,5185.3,20,4148.24
7258,20241116,82,15,354,1,3179.41,10,2861.47
7259,20250418,55,17,48,1,735.67,0,735.67
7260,20250404,105,24,293,2,2890.92,0,5781.84
7261,20240904,29,8,224,3,1567.62,5,4467.72
7262,20240607,3,3,132,2,2631.02,0,5262.04
7263,20250122,11,14,368,1,5902.88,0,5902.88
7264,20250812,108,23,28,2,3374.55,0,6749.1
7265,20240115,28,3,33,1,3988.05,15,3389.84
7266,20250513,114,8,327,1,3973.22,10,3575.9
7267,20240805,33,21,190,2,2291.4,15,3895.38
7268,20241015,55,24,,2,735.67,10,1324.21
7269,20240813,98,25,378,4,850.73,0,3402.92
7270,20240626,56,9,27,1,7088.96,5,6734.51
7271,20250609,80,6,262,2,5880.6,0,11761.2
7272,20241103,87,7,109,1,2952.23,10,2657.01
7273,20240925,106,6,367,3,717.87,0,2153.61
7274,20250629,86,14,332,1,4002.37,5,3802.25
7275,20250607,11,25,260,1,5902.88,5,5607.74
7276,20241207,109,3,392,1,2954.88,0,2954.88
7277,20251119,35,20,,2,3748.04,0,7496.08
7278,20250118,90,18,71,1,3873.38,0,3873.38
7279,20241220,86,11,214,2,4002.37,0,8004.74
7280,20240301,52,20,,1,2796.94,0,2796.94
7281,20240408,80,24,304,1,5880.6,5,5586.57
7282,20240608,43,8,119,1,3747.63,0,3747.63
7283,20250122,40,8,306,2,6858.19,0,13716.38
7284,20240510,71,1,131,1,3918.6,0,3918.6
7285,20240617,100,24,56,1,4823.15,15,4099.68
7286,20240218,61,18,8,2,5731.62,0,11463.24
7287,20240712,75,1,123,2,2266.5,5,4306.35
7288,20251009,27,6,82,2,1220.37,0,2440.74
7289,20241204,88,12,189,2,2796.03,15,4753.25
7290,20250126,105,5,155,1,2890.92,0,2890.92
7291,20241219,94,15,113,2,1460.17,10,2628.31
7292,20250831,32,20,149,1,1604.88,0,1604.88
7293,20251129,45,3,259,1,1364.28,10,1227.85
7294,20250714,57,17,272,3,3796.83,0,11390.49
7295,20250802,44,16,261,1,4747.67,0,4747.67
7296,20240722,2,22,288,1,882.35,0,882.35
7297,20250105,81,21,393,1,1242.05,0,1242.05
7298,20251012,89,24,,1,4062.25,0,4062.25
7299,20250305,21,22,383,1,1209.52,0,1209.52
7300,20240802,117,6,274,2,5631.66,0,11263.32
7301,20241231,67,15,28,2,4800.44,5,9120.84
7302,20240202,86,5,,1,4002.37,20,3201.9
7303,20240509,6,9,300,3,843.99,15,2152.17
7304,20241021,27,19,,1,1220.37,0,1220.37
7305,20250629,33,16,98,1,2291.4,0,2291.4
7306,20241101,81,9,399,1,1242.05,5,1179.95
7307,20240829,82,4,42,3,3179.41,5,9061.32
7308,20251119,1,4,,1,1005.84,0,1005.84
7309,20250211,63,6,333,1,4196.34,0,4196.34
7310,20251007,33,5,43,4,2291.4,10,8249.04
7311,20250205,54,22,248,1,2808.33,0,2808.33
7312,20251212,74,8,227,1,3249.83,0,3249.83
7313,20251218,91,1,55,3,6185.93,15,15774.12
7314,20240716,2,21,,2,882.35,0,1764.7
7315,20250621,29,6,,1,1567.62,5,1489.24
7316,20240217,8,16,379,1,3576.07,0,3576.07
7317,20251213,35,7,282,1,3748.04,10,3373.24
7318,20240531,72,22,204,1,1667.62,0,1667.62
7319,20241103,49,24,144,1,3974.14,0,3974.14
7320,20240219,102,13,,1,616.26,5,585.45
7321,20250518,117,15,317,1,5631.66,0,5631.66
7322,20250710,16,2,,1,4330.21,5,4113.7
7323,20250530,85,9,273,2,6169.54,5,11722.13
7324,20251102,13,15,,1,4729.21,0,4729.21
7325,20250421,82,22,170,1,3179.41,0,3179.41
7326,20250108,58,19,,1,5200.5,5,4940.47
7327,20250212,81,15,164,1,1242.05,10,1117.85
7328,20241013,99,16,43,2,4915.0,0,9830.0
7329,20250820,98,20,299,2,850.73,0,1701.46
7330,20250509,68,10,206,1,1648.1,0,1648.1
7331,20240214,69,1,110,1,2128.62,15,1809.33
7332,20240126,34,20,90,1,1322.31,0,1322.31
7333,20240203,1,1,394,1,1005.84,0,1005.84
7334,20250402,45,7,398,1,1364.28,10,1227.85
7335,20251229,12,14,72,1,1690.47,0,1690.47
7336,20240524,105,21,99,2,2890.92,0,5781.84
7337,20240616,12,16,90,4,1690.47,20,5409.5
7338,20251202,32,1,28,2,1604.88,5,3049.27
7339,20240921,71,21,7,1,3918.6,5,3722.67
7340,20251231,55,23,,1,735.67,0,735.67
7341,20240122,39,10,119,1,3883.73,20,3106.98
7342,20251128,107,25,248,1,1952.14,0,1952.14
7343,20250331,14,23,55,1,4823.13,0,4823.13
7344,20240407,109,22,213,3,2954.88,20,7091.71
7345,20250111,17,3,215,1,1735.19,10,1561.67
7346,20250407,15,3,,2,4621.37,15,7856.33
7347,20250630,53,17,141,1,1453.18,5,1380.52
7348,20241110,13,10,121,1,4729.21,5,4492.75
7349,20241114,55,18,99,1,735.67,0,735.67
7350,20240709,44,6,228,3,4747.67,0,14243.01
7351,20250806,82,23,247,2,3179.41,0,6358.82
7352,20250809,48,3,198,1,2551.26,5,2423.7
7353,20251115,84,8,379,2,4822.61,0,9645.22
7354,20251123,93,1,181,2,4029.05,20,6446.48
7355,20251126,57,21,180,1,3796.83,10,3417.15
7356,20250927,79,13,324,2,1528.97,0,3057.94
7357,20240229,84,10,252,1,4822.61,5,4581.48
7358,20250304,10,23,,1,3316.3,5,3150.49
7359,20251223,45,22,118,1,1364.28,10,1227.85
7360,20241025,12,13,388,4,1690.47,10,6085.69
7361,20251130,117,25,,1,5631.66,5,5350.08
7362,20250605,12,11,374,1,1690.47,0,1690.47
7363,20240716,4,19,180,3,1722.15,5,4908.13
7364,20240808,34,7,291,1,1322.31,0,1322.31
7365,20250321,68,2,268,1,1648.1,5,1565.69
7366,20240911,37,16,360,1,3761.37,5,3573.3
7367,20250419,50,5,,1,3814.05,5,3623.35
7368,20240904,3,20,256,1,2631.02,5,2499.47
7369,20240724,18,13,374,1,5185.3,0,5185.3
7370,20250910,93,21,172,1,4029.05,5,3827.6
7371,20250727,91,19,,1,6185.93,0,6185.93
7372,20240607,49,5,106,1,3974.14,10,3576.73
7373,20240710,44,17,,1,4747.67,20,3798.14
7374,20250727,117,15,207,1,5631.66,0,5631.66
7375,20240416,80,15,381,1,5880.6,15,4998.51
7376,20250423,55,11,394,1,735.67,0,735.67
7377,20250917,52,17,391,1,2796.94,5,2657.09
7378,20240309,62,12,,1,978.5,0,978.5
7379,20251103,19,21,168,1,3799.68,0,3799.68
7380,20251229,81,11,,1,1242.05,10,1117.85
7381,20250326,34,22,270,3,1322.31,0,3966.93
7382,20250305,40,18,153,1,6858.19,0,6858.19
7383,20240912,16,6,24,1,4330.21,10,3897.19
7384,20240720,45,20,91,1,1364.28,15,1159.64
7385,20240510,118,9,147,2,5698.72,10,10257.7
7386,20250708,69,4,8,1,2128.62,15,1809.33
7387,20240911,40,4,359,2,6858.19,0,13716.38
7388,20240419,104,9,,1,6527.04,5,6200.69
7389,20240421,5,21,,1,2284.3,0,2284.3
7390,20240815,73,21,41,1,6348.65,10,5713.78
7391,20250602,105,21,161,1,2890.92,0,2890.92
7392,20251228,2,22,,1,882.35,0,882.35
7393,20250329,63,23,165,1,4196.34,0,4196.34
7394,20241212,25,20,,1,659.99,5,626.99
7395,20241015,35,16,130,1,3748.04,0,3748.04
7396,20251103,25,1,388,1,659.99,5,626.99
7397,20240619,73,21,,1,6348.65,10,5713.78
7398,20250911,80,25,285,2,5880.6,0,11761.2
7399,20251212,73,8,129,1,6348.65,10,5713.78
7400,20251017,41,18,67,1,5693.66,15,4839.61
7401,20240831,71,13,92,4,3918.6,0,15674.4
7402,20240114,71,1,279,1,3918.6,10,3526.74
7403,20250622,99,18,4,1,4915.0,0,4915.0
7404,20241206,119,7,79,1,2956.72,0,2956.72
7405,20250620,95,16,371,1,3960.41,5,3762.39
7406,20240222,117,25,6,1,5631.66,0,5631.66
7407,20250709,9,25,378,1,4835.47,0,4835.47
7408,20251225,76,15,332,1,5042.37,0,5042.37
7409,20241002,9,12,357,1,4835.47,5,4593.7
7410,20250728,8,15,,2,3576.07,15,6079.32
7411,20250410,94,5,86,2,1460.17,5,2774.32
7412,20241111,109,5,210,1,2954.88,0,2954.88
7413,20240831,40,19,200,1,6858.19,5,6515.28
7414,20251014,105,18,336,1,2890.92,0,2890.92
7415,20250915,12,2,395,2,1690.47,0,3380.94
7416,20240902,47,12,259,1,2706.69,10,2436.02
7417,20240601,115,17,135,1,2419.05,0,2419.05
7418,20250612,105,20,,1,2890.92,5,2746.37
7419,20240128,45,11,285,1,1364.28,0,1364.28
7420,20251215,82,5,45,1,3179.41,5,3020.44
7421,20251116,98,2,347,2,850.73,15,1446.24
7422,20241031,9,14,168,1,4835.47,0,4835.47
7423,20240213,24,15,261,1,3205.37,5,3045.1
7424,20240408,36,11,278,1,682.61,0,682.61
7425,20250922,16,16,263,1,4330.21,10,3897.19
7426,20241104,69,24,301,1,2128.62,10,1915.76
7427,20250813,112,6,283,3,1434.74,0,4304.22
7428,20250211,45,24,12,4,1364.28,0,5457.12
7429,20240708,3,2,339,1,2631.02,0,2631.02
7430,20240122,11,19,147,2,5902.88,20,9444.61
7431,20251104,86,11,352,1,4002.37,15,3402.01
7432,20240511,43,12,358,2,3747.63,15,6370.97
7433,20250307,65,1,281,1,3541.34,10,3187.21
7434,20240114,1,4,335,1,1005.84,0,1005.84
7435,20240804,49,5,96,1,3974.14,5,3775.43
7436,20251130,37,16,3,1,3761.37,15,3197.16
7437,20240428,74,23,,2,3249.83,0,6499.66
7438,20240522,40,23,218,1,6858.19,15,5829.46
7439,20250429,89,16,148,1,4062.25,0,4062.25
7440,20250414,50,8,28,3,3814.05,0,11442.15
7441,20241207,57,5,309,1,3796.83,5,3606.99
7442,20251121,8,2,214,1,3576.07,5,3397.27
7443,20241110,81,25,259,1,1242.05,0,1242.05
7444,20240517,6,22,100,1,843.99,10,759.59
7445,20250731,62,12,110,4,978.5,10,3522.6
7446,20250722,100,21,257,2,4823.15,0,9646.3
7447,20250405,47,24,72,1,2706.69,0,2706.69
7448,20241127,50,18,372,3,3814.05,10,10297.94
7449,20240930,65,16,337,1,3541.34,15,3010.14
7450,20250606,61,4,27,1,5731.62,0,5731.62
7451,20240924,52,21,128,1,2796.94,0,2796.94
7452,20250605,45,5,326,1,1364.28,0,1364.28
7453,20241021,59,1,61,1,2020.12,0,2020.12
7454,20240206,43,22,109,2,3747.63,0,7495.26
7455,20250313,78,11,34,1,1807.55,5,1717.17
7456,20251025,16,7,226,2,4330.21,0,8660.42
7457,20250923,45,11,84,1,1364.28,0,1364.28
7458,20240415,86,7,332,1,4002.37,0,4002.37
7459,20251114,79,15,237,2,1528.97,0,3057.94
7460,20240106,111,4,194,1,1506.58,10,1355.92
7461,20241028,105,7,136,1,2890.92,20,2312.74
7462,20250830,67,11,225,1,4800.44,0,4800.44
7463,20251201,54,19,241,1,2808.33,5,2667.91
7464,20251013,40,25,357,3,6858.19,0,20574.57
7465,20240805,92,17,201,1,2008.22,0,2008.22
7466,20250623,86,16,197,1,4002.37,5,3802.25
7467,20250620,87,2,97,1,2952.23,5,2804.62
7468,20251011,41,6,356,1,5693.66,5,5408.98
7469,20240207,82,1,100,1,3179.41,0,3179.41
7470,20250305,3,12,251,1,2631.02,0,2631.02
7471,20251005,103,18,155,3,5201.47,5,14824.19
7472,20250704,98,15,165,1,850.73,15,723.12
7473,20240406,82,6,47,1,3179.41,0,3179.41
7474,20240904,58,7,267,1,5200.5,0,5200.5
7475,20250818,118,10,378,1,5698.72,5,5413.78
7476,20240924,42,19,104,1,2401.74,0,2401.74
7477,20250612,8,24,178,1,3576.07,0,3576.07
7478,20240414,99,13,359,1,4915.0,10,4423.5
7479,20241206,14,10,264,2,4823.13,0,9646.26
7480,20250522,90,2,52,1,3873.38,5,3679.71
7481,20240204,17,17,23,3,1735.19,0,5205.57
7482,20251008,110,16,152,1,3839.63,0,3839.63
7483,20251127,54,1,383,1,2808.33,20,2246.66
7484,20240908,93,12,38,2,4029.05,5,7655.19
7485,20250829,104,18,254,1,6527.04,0,6527.04
7486,20240603,13,12,46,1,4729.21,5,4492.75
7487,20240821,45,4,333,1,1364.28,0,1364.28
7488,20250603,47,2,382,2,2706.69,0,5413.38
7489,20250107,22,13,,2,6438.69,0,12877.38
7490,20240908,43,10,79,2,3747.63,0,7495.26
7491,20241123,119,24,122,1,2956.72,0,2956.72
7492,20240319,15,8,3,1,4621.37,5,4390.3
7493,20250910,18,16,325,1,5185.3,0,5185.3
7494,20250602,63,2,215,1,4196.34,15,3566.89
7495,20251111,29,8,184,1,1567.62,0,1567.62
7496,20250827,72,3,79,1,1667.62,15,1417.48
7497,20250919,73,25,272,2,6348.65,5,12062.43
7498,20240213,6,12,251,2,843.99,0,1687.98
7499,20240726,117,17,,1,5631.66,5,5350.08
7500,20240508,52,21,296,1,2796.94,0,2796.94
7501,20240914,59,12,,1,2020.12,0,2020.12
7502,20241207,53,22,178,2,1453.18,0,2906.36
7503,20250918,82,24,,1,3179.41,0,3179.41
7504,20250210,112,19,384,2,1434.74,0,2869.48
7505,20240725,22,10,130,1,6438.69,0,6438.69
7506,20240901,89,3,20,2,4062.25,10,7312.05
7507,20250425,108,4,127,1,3374.55,0,3374.55
7508,20250828,11,25,47,2,5902.88,20,9444.61
7509,20240530,107,2,79,1,1952.14,0,1952.14
7510,20240527,28,6,348,2,3988.05,20,6380.88
7511,20240503,35,1,68,1,3748.04,15,3185.83
7512,20241101,18,5,305,1,5185.3,0,5185.3
7513,20240123,20,8,397,2,1915.63,0,3831.26
7514,20240408,25,5,310,1,659.99,5,626.99
7515,20240613,34,22,32,1,1322.31,10,1190.08
7516,20250803,13,23,172,1,4729.21,0,4729.21
7517,20241126,49,4,249,4,3974.14,0,15896.56
7518,20241014,115,24,141,1,2419.05,0,2419.05
7519,20250119,37,2,276,2,3761.37,15,6394.33
7520,20250902,112,15,186,1,1434.74,0,1434.74
7521,20241008,1,18,329,1,1005.84,5,955.55
7522,20250205,32,8,66,1,1604.88,0,1604.88
7523,20240504,93,11,371,1,4029.05,0,4029.05
7524,20240721,55,6,150,1,735.67,5,698.89
7525,20250712,74,16,233,1,3249.83,5,3087.34
7526,20240705,89,10,258,1,4062.25,0,4062.25
7527,20240619,77,6,83,3,5233.57,10,14130.64
7528,20240720,67,24,101,1,4800.44,15,4080.37
7529,20240629,93,6,308,4,4029.05,0,16116.2
7530,20250511,88,1,362,1,2796.03,20,2236.82
7531,20240213,113,24,143,1,4385.13,0,4385.13
7532,20241212,119,6,80,1,2956.72,0,2956.72
7533,20250329,87,1,331,1,2952.23,5,2804.62
7534,20240820,116,23,18,1,6480.7,15,5508.59
7535,20251211,79,23,330,3,1528.97,0,4586.91
7536,20241226,119,7,284,2,2956.72,5,5617.77
7537,20240827,27,23,261,1,1220.37,5,1159.35
7538,20251001,11,24,313,1,5902.88,0,5902.88
7539,20240203,75,21,175,1,2266.5,0,2266.5
7540,20241219,8,17,95,1,3576.07,15,3039.66
7541,20240512,29,6,349,1,1567.62,0,1567.62
7542,20240105,72,14,36,1,1667.62,5,1584.24
7543,20241106,65,10,234,1,3541.34,5,3364.27
7544,20241224,22,24,138,1,6438.69,5,6116.76
7545,20251023,49,12,,1,3974.14,0,3974.14
7546,20240519,86,5,339,1,4002.37,0,4002.37
7547,20240513,87,22,326,1,2952.23,0,2952.23
7548,20251002,14,4,32,2,4823.13,15,8199.32
7549,20241229,95,14,156,4,3960.41,0,15841.64
7550,20251106,53,15,331,1,1453.18,10,1307.86
7551,20250806,106,9,379,1,717.87,0,717.87
7552,20250510,5,8,137,1,2284.3,0,2284.3
7553,20241128,98,7,80,1,850.73,0,850.73
7554,20240818,18,14,152,4,5185.3,0,20741.2
7555,20240301,90,22,393,4,3873.38,0,15493.52
7556,20240313,45,5,365,1,1364.28,10,1227.85
7557,20240214,78,3,211,1,1807.55,5,1717.17
7558,20240131,80,24,373,3,5880.6,0,17641.8
7559,20240709,21,12,395,1,1209.52,5,1149.04
7560,20241015,57,18,223,1,3796.83,5,3606.99
7561,20250125,38,10,212,1,1729.74,10,1556.77
7562,20240207,60,22,236,1,4273.1,5,4059.45
7563,20240311,94,2,151,4,1460.17,20,4672.54
7564,20250620,99,1,311,1,4915.0,15,4177.75
7565,20240417,15,24,158,2,4621.37,5,8780.6
7566,20240127,36,9,28,1,682.61,10,614.35
7567,20240304,57,6,353,1,3796.83,10,3417.15
7568,20241027,118,19,16,1,5698.72,5,5413.78
7569,20240117,92,14,136,1,2008.22,0,2008.22
7570,20250414,6,22,351,3,843.99,0,2531.97
7571,20241222,48,1,187,2,2551.26,0,5102.52
7572,20250716,41,2,8,2,5693.66,0,11387.32
7573,20250101,83,4,136,1,2689.64,0,2689.64
7574,20240314,43,13,,1,3747.63,0,3747.63
7575,20240514,120,15,351,1,5078.17,0,5078.17
7576,20240823,70,13,172,1,3349.78,0,3349.78
7577,20251227,56,6,242,2,7088.96,0,14177.92
7578,20250113,79,7,19,1,1528.97,5,1452.52
7579,20250307,42,1,358,2,2401.74,0,4803.48
7580,20241121,45,7,358,1,1364.28,0,1364.28
7581,20240317,24,5,,1,3205.37,5,3045.1
7582,20250712,83,10,371,2,2689.64,0,5379.28
7583,20240121,71,17,18,2,3918.6,0,7837.2
7584,20250830,17,11,118,2,1735.19,0,3470.38
7585,20240411,87,1,299,2,2952.23,5,5609.24
7586,20240831,101,3,303,4,1131.31,15,3846.45
7587,20251223,108,9,14,2,3374.55,5,6411.65
7588,20250601,15,6,320,1,4621.37,5,4390.3
7589,20250824,18,22,330,1,5185.3,0,5185.3
7590,20241109,94,3,303,2,1460.17,0,2920.34
7591,20240602,103,12,99,1,5201.47,0,5201.47
7592,20240215,20,13,331,1,1915.63,0,1915.63
7593,20251227,56,21,202,2,7088.96,15,12051.23
7594,20250715,9,3,,1,4835.47,10,4351.92
7595,20250802,82,24,240,1,3179.41,0,3179.41
7596,20240120,95,14,255,1,3960.41,0,3960.41
7597,20250129,59,15,6,1,2020.12,0,2020.12
7598,20240517,33,2,115,1,2291.4,0,2291.4
7599,20251212,111,8,391,1,1506.58,0,1506.58
7600,20250813,23,2,344,1,5336.87,0,5336.87
7601,20240326,107,23,84,1,1952.14,0,1952.14
7602,20240603,76,11,348,1,5042.37,5,4790.25
7603,20250214,8,22,215,3,3576.07,0,10728.21
7604,20240423,12,1,1,1,1690.47,5,1605.95
7605,20250804,24,22,245,1,3205.37,0,3205.37
7606,20250225,3,25,118,2,2631.02,0,5262.04
7607,20250820,77,21,23,1,5233.57,5,4971.89
7608,20251020,64,14,,2,4068.92,0,8137.84
7609,20250622,83,1,174,2,2689.64,0,5379.28
7610,20250915,7,18,214,1,4794.43,0,4794.43
7611,20240219,89,23,259,2,4062.25,0,8124.5
7612,20250114,115,14,160,2,2419.05,5,4596.19
7613,20241021,100,3,134,1,4823.15,0,4823.15
7614,20240219,48,1,306,1,2551.26,20,2041.01
7615,20250916,6,15,298,1,843.99,5,801.79
7616,20240422,95,10,275,1,3960.41,0,3960.41
7617,20240926,79,1,48,1,1528.97,0,1528.97
7618,20251213,12,4,223,1,1690.47,0,1690.47
7619,20251210,86,2,253,1,4002.37,15,3402.01
7620,20240417,43,15,341,2,3747.63,15,6370.97
7621,20250927,42,2,127,2,2401.74,0,4803.48
7622,20240721,75,2,254,1,2266.5,0,2266.5
7623,20250103,113,13,189,2,4385.13,10,7893.23
7624,20241128,10,11,339,1,3316.3,20,2653.04
7625,20241018,26,20,255,1,1355.83,0,1355.83
7626,20240228,59,18,,2,2020.12,0,4040.24
7627,20250519,70,3,60,1,3349.78,5,3182.29
7628,20240106,65,5,132,3,3541.34,10,9561.62
7629,20250218,2,20,13,1,882.35,0,882.35
7630,20251222,67,18,182,1,4800.44,0,4800.44
7631,20240327,73,1,203,1,6348.65,0,6348.65
7632,20250905,7,9,303,1,4794.43,5,4554.71
7633,20250212,92,3,332,1,2008.22,5,1907.81
7634,20250422,89,15,54,1,4062.25,0,4062.25
7635,20251025,102,2,196,1,616.26,10,554.63
7636,20250619,84,10,212,1,4822.61,0,4822.61
7637,20240525,116,3,301,1,6480.7,0,6480.7
7638,20250214,116,9,320,1,6480.7,0,6480.7
7639,20240715,86,19,141,1,4002.37,15,3402.01
7640,20240305,69,2,278,1,2128.62,0,2128.62
7641,20240327,101,21,131,1,1131.31,5,1074.74
7642,20240817,86,22,119,1,4002.37,5,3802.25
7643,20240207,80,2,225,1,5880.6,10,5292.54
7644,20250424,78,10,386,1,1807.55,0,1807.55
7645,20240811,84,9,294,1,4822.61,0,4822.61
7646,20250830,22,21,176,1,6438.69,0,6438.69
7647,20250213,93,22,,1,4029.05,20,3223.24
7648,20240612,15,25,252,1,4621.37,0,4621.37
7649,20250619,120,20,46,1,5078.17,15,4316.44
7650,20250313,112,11,319,1,1434.74,5,1363.0
7651,20251223,40,5,216,1,6858.19,0,6858.19
7652,20250813,28,18,129,2,3988.05,15,6779.69
7653,20251005,85,10,321,1,6169.54,5,5861.06
7654,20250811,71,13,102,2,3918.6,0,7837.2
7655,20250203,78,25,,1,1807.55,0,1807.55
7656,20250913,68,13,71,1,1648.1,0,1648.1
7657,20241204,29,6,364,2,1567.62,10,2821.72
7658,20241218,85,7,,1,6169.54,15,5244.11
7659,20240416,80,2,362,1,5880.6,0,5880.6
7660,20250311,3,3,264,2,2631.02,5,4998.94
7661,20240819,117,8,142,2,5631.66,0,11263.32
7662,20250912,68,5,331,2,1648.1,0,3296.2
7663,20240330,66,7,255,1,6204.11,0,6204.11
7664,20251028,63,25,158,1,4196.34,0,4196.34
7665,20250413,103,10,69,1,5201.47,0,5201.47
7666,20241230,106,22,,2,717.87,0,1435.74
7667,20250604,55,15,171,1,735.67,0,735.67
7668,20241124,25,24,327,1,659.99,10,593.99
7669,20251231,8,21,232,1,3576.07,20,2860.86
7670,20240310,35,6,242,1,3748.04,20,2998.43
7671,20240405,107,14,77,1,1952.14,0,1952.14
7672,20251226,9,21,394,2,4835.47,5,9187.39
7673,20251217,34,21,155,1,1322.31,0,1322.31
7674,20250624,21,23,186,2,1209.52,0,2419.04
7675,20240302,98,13,,2,850.73,0,1701.46
7676,20240322,64,22,45,1,4068.92,0,4068.92
7677,20240302,8,24,168,1,3576.07,0,3576.07
7678,20240726,116,22,308,1,6480.7,0,6480.7
7679,20240509,58,17,286,1,5200.5,0,5200.5
7680,20241202,34,1,153,3,1322.31,0,3966.93
7681,20240504,37,12,99,1,3761.37,5,3573.3
7682,20240107,100,5,84,1,4823.15,0,4823.15
7683,20251022,99,14,93,1,4915.0,15,4177.75
7684,20250120,62,12,233,1,978.5,0,978.5
7685,20251121,106,9,,2,717.87,5,1363.95
7686,20250606,97,19,230,1,4779.12,0,4779.12
7687,20240830,52,22,87,1,2796.94,0,2796.94
7688,20250815,34,15,,1,1322.31,0,1322.31
7689,20250211,46,17,358,1,4179.48,5,3970.51
7690,20251225,110,1,,1,3839.63,5,3647.65
7691,20250129,99,23,85,2,4915.0,0,9830.0
7692,20240902,66,18,371,1,6204.11,15,5273.49
7693,20250406,9,12,266,1,4835.47,5,4593.7
7694,20251026,100,9,68,2,4823.15,5,9163.98
7695,20251109,60,23,163,1,4273.1,15,3632.14
7696,20240629,103,9,,1,5201.47,20,4161.18
7697,20240922,105,18,155,1,2890.92,0,2890.92
7698,20250129,90,24,318,2,3873.38,5,7359.42
7699,20250928,6,18,206,1,843.99,15,717.39
7700,20240918,85,6,158,1,6169.54,0,6169.54
7701,20240424,45,15,100,1,1364.28,15,1159.64
7702,20240328,44,14,207,1,4747.67,5,4510.29
7703,20240804,49,16,121,2,3974.14,5,7550.87
7704,20240721,9,10,,1,4835.47,0,4835.47
7705,20240318,73,23,204,1,6348.65,10,5713.78
7706,20240503,55,6,346,1,735.67,5,698.89
7707,20250712,67,24,375,1,4800.44,15,4080.37
7708,20250206,23,24,,1,5336.87,0,5336.87
7709,20250806,81,21,132,1,1242.05,5,1179.95
7710,20250719,55,15,,1,735.67,0,735.67
7711,20250329,12,21,341,1,1690.47,0,1690.47
7712,20240524,43,15,355,1,3747.63,20,2998.1
7713,20240603,77,17,,4,5233.57,10,18840.85
7714,20240712,38,25,,2,1729.74,0,3459.48
7715,20241215,35,5,245,2,3748.04,10,6746.47
7716,20240408,9,12,266,4,4835.47,10,17407.69
7717,20240308,72,4,171,1,1667.62,0,1667.62
7718,20250910,1,15,223,1,1005.84,5,955.55
7719,20251114,78,7,60,1,1807.55,10,1626.8
7720,20250204,116,10,284,1,6480.7,0,6480.7
7721,20241030,21,12,5,2,1209.52,20,1935.23
7722,20240907,32,23,383,2,1604.88,0,3209.76
7723,20240331,5,4,154,1,2284.3,0,2284.3
7724,20250902,9,10,343,1,4835.47,10,4351.92
7725,20250404,61,2,360,2,5731.62,0,11463.24
7726,20250314,69,22,190,1,2128.62,0,2128.62
7727,20240309,116,9,111,1,6480.7,0,6480.7
7728,20240716,101,13,316,1,1131.31,5,1074.74
7729,20240823,56,17,215,1,7088.96,10,6380.06
7730,20251116,40,24,297,1,6858.19,0,6858.19
7731,20251108,52,7,212,2,2796.94,10,5034.49
7732,20250801,18,21,,2,5185.3,10,9333.54
7733,20241008,18,19,316,1,5185.3,0,5185.3
7734,20240319,12,20,137,1,1690.47,20,1352.38
7735,20251019,98,21,221,1,850.73,0,850.73
7736,20240622,8,19,107,1,3576.07,0,3576.07
7737,20240501,13,5,111,1,4729.21,5,4492.75
7738,20250921,65,7,306,2,3541.34,15,6020.28
7739,20240417,48,1,400,1,2551.26,0,2551.26
7740,20241223,39,16,41,1,3883.73,20,3106.98
7741,20240303,93,21,263,1,4029.05,0,4029.05
7742,20241113,94,1,,4,1460.17,5,5548.65
7743,20251214,35,14,41,2,3748.04,10,6746.47
7744,20240501,105,9,124,1,2890.92,15,2457.28
7745,20250520,34,7,377,2,1322.31,0,2644.62
7746,20241218,35,19,324,2,3748.04,5,7121.28
7747,20240513,74,3,243,1,3249.83,20,2599.86
7748,20250902,49,20,25,1,3974.14,0,3974.14
7749,20250123,38,3,214,1,1729.74,5,1643.25
7750,20240511,3,12,155,1,2631.02,0,2631.02
7751,20250211,4,19,39,1,1722.15,0,1722.15
7752,20240419,97,3,339,1,4779.12,5,4540.16
7753,20240119,80,13,312,1,5880.6,5,5586.57
7754,20240719,84,9,253,1,4822.61,0,4822.61
7755,20250820,53,2,191,1,1453.18,0,1453.18
7756,20251007,102,1,92,2,616.26,0,1232.52
7757,20250318,96,6,347,4,3006.66,5,11425.31
7758,20250729,83,23,277,1,2689.64,10,2420.68
7759,20250902,64,2,142,1,4068.92,5,3865.47
7760,20241126,46,4,292,2,4179.48,0,8358.96
7761,20241016,5,11,327,2,2284.3,10,4111.74
7762,20251119,101,10,,3,1131.31,5,3224.23
7763,20250113,26,19,,1,1355.83,0,1355.83
7764,20250816,10,23,394,1,3316.3,0,3316.3
7765,20240128,80,22,80,1,5880.6,0,5880.6
7766,20241206,87,17,194,1,2952.23,5,2804.62
7767,20240924,89,7,74,1,4062.25,0,4062.25
7768,20250611,87,22,74,1,2952.23,15,2509.4
7769,20250706,107,21,264,2,1952.14,5,3709.07
7770,20250711,6,7,110,1,843.99,0,843.99
7771,20240325,20,2,283,2,1915.63,0,3831.26
7772,20251019,89,10,106,1,4062.25,0,4062.25
7773,20250616,59,18,,1,2020.12,20,1616.1
7774,20250829,45,23,141,1,1364.28,0,1364.28
7775,20240314,71,4,364,1,3918.6,0,3918.6
7776,20240204,1,2,264,2,1005.84,0,2011.68
7777,20251103,14,24,380,1,4823.13,0,4823.13
7778,20240913,65,4,,2,3541.34,0,7082.68
7779,20241129,22,11,128,1,6438.69,0,6438.69
7780,20241126,108,12,140,1,3374.55,15,2868.37
7781,20251110,92,25,376,4,2008.22,0,8032.88
7782,20240303,9,2,339,1,4835.47,0,4835.47
7783,20250825,33,4,221,1,2291.4,0,2291.4
7784,20241111,66,8,385,2,6204.11,5,11787.81
7785,20241217,119,25,347,1,2956.72,0,2956.72
7786,20240506,50,14,289,1,3814.05,0,3814.05
7787,20251220,109,21,,1,2954.88,0,2954.88
7788,20240731,29,23,,1,1567.62,5,1489.24
7789,20250125,44,12,200,1,4747.67,15,4035.52
7790,20240710,29,18,99,1,1567.62,0,1567.62
7791,20241027,31,10,87,1,7243.85,0,7243.85
7792,20250513,34,22,29,1,1322.31,0,1322.31
7793,20251121,111,24,329,1,1506.58,5,1431.25
7794,20250111,1,20,374,4,1005.84,0,4023.36
7795,20251018,9,14,204,1,4835.47,20,3868.38
7796,20250518,23,3,,1,5336.87,0,5336.87
7797,20241020,119,4,191,1,2956.72,15,2513.21
7798,20241224,95,15,294,1,3960.41,10,3564.37
7799,20240327,48,11,283,1,2551.26,0,2551.26
7800,20250111,22,20,127,1,6438.69,0,6438.69
7801,20240408,62,7,157,1,978.5,10,880.65
7802,20250506,119,21,291,1,2956.72,5,2808.88
7803,20240124,115,5,330,3,2419.05,20,5805.72
7804,20250128,41,25,332,1,5693.66,0,5693.66
7805,20240203,40,21,252,1,6858.19,0,6858.19
7806,20240907,14,10,391,2,4823.13,0,9646.26
7807,20250116,30,2,71,1,3704.61,0,3704.61
7808,20240117,2,4,34,1,882.35,0,882.35
7809,20241110,24,3,239,1,3205.37,0,3205.37
7810,20251124,4,12,316,1,1722.15,0,1722.15
7811,20250504,61,1,65,1,5731.62,5,5445.04
7812,20250730,60,13,334,1,4273.1,5,4059.45
7813,20250614,120,15,180,1,5078.17,5,4824.26
7814,20251025,100,10,,1,4823.15,0,4823.15
7815,20250403,89,14,317,1,4062.25,0,4062.25
7816,20251218,58,23,112,1,5200.5,0,5200.5
7817,20240211,57,4,316,2,3796.83,0,7593.66
7818,20240218,85,25,95,1,6169.54,0,6169.54
7819,20240527,114,16,5,2,3973.22,0,7946.44
7820,20251217,48,19,121,1,2551.26,15,2168.57
7821,20240803,98,18,,1,850.73,0,850.73
7822,20250220,115,3,208,2,2419.05,5,4596.19
7823,20251111,61,10,212,1,5731.62,0,5731.62
7824,20240427,15,20,368,1,4621.37,15,3928.16
7825,20240422,16,12,233,1,4330.21,5,4113.7
7826,20240720,64,4,189,3,4068.92,0,12206.76
7827,20240111,24,13,108,1,3205.37,0,3205.37
7828,20241105,44,17,147,2,4747.67,5,9020.57
7829,20240730,58,3,237,1,5200.5,0,5200.5
7830,20240127,67,22,,1,4800.44,0,4800.44
7831,20240308,9,16,324,1,4835.47,0,4835.47
7832,20240608,94,16,397,1,1460.17,0,1460.17
7833,20241009,40,8,105,1,6858.19,0,6858.19
7834,20240223,37,10,204,2,3761.37,5,7146.6
7835,20240429,16,18,209,1,4330.21,0,4330.21
7836,20250516,92,15,152,2,2008.22,0,4016.44
7837,20250825,54,15,380,1,2808.33,5,2667.91
7838,20250418,115,8,125,1,2419.05,5,2298.1
7839,20251017,67,17,213,1,4800.44,10,4320.4
7840,20240503,105,7,142,1,2890.92,15,2457.28
7841,20241226,44,22,234,1,4747.67,0,4747.67
7842,20250416,77,24,,2,5233.57,5,9943.78
7843,20241112,81,21,108,1,1242.05,0,1242.05
7844,20250511,26,4,135,1,1355.83,0,1355.83
7845,20241225,76,6,94,1,5042.37,5,4790.25
7846,20250126,58,23,27,1,5200.5,0,5200.5
7847,20251023,118,21,54,1,5698.72,0,5698.72
7848,20250628,46,14,333,1,4179.48,15,3552.56
7849,20241003,28,15,259,2,3988.05,10,7178.49
7850,20240125,24,5,,1,3205.37,0,3205.37
7851,20250807,52,2,193,1,2796.94,5,2657.09
7852,20251204,14,24,237,1,4823.13,5,4581.97
7853,20250407,30,15,18,1,3704.61,0,3704.61
7854,20240613,16,24,200,2,4330.21,20,6928.34
7855,20240718,102,6,,2,616.26,0,1232.52
7856,20241221,6,13,199,3,843.99,0,2531.97
7857,20241209,118,18,140,1,5698.72,0,5698.72
7858,20250210,33,19,37,1,2291.4,5,2176.83
7859,20240204,102,22,276,1,616.26,0,616.26
7860,20240204,39,2,211,1,3883.73,15,3301.17
7861,20240408,108,12,239,1,3374.55,5,3205.82
7862,20250429,76,6,209,1,5042.37,0,5042.37
7863,20241228,30,3,348,2,3704.61,0,7409.22
7864,20240701,23,2,24,3,5336.87,0,16010.61
7865,20251202,6,15,85,1,843.99,0,843.99
7866,20250924,120,20,260,1,5078.17,5,4824.26
7867,20250513,120,10,373,1,5078.17,0,5078.17
7868,20250205,114,23,342,2,3973.22,0,7946.44
7869,20240806,116,17,265,1,6480.7,0,6480.7
7870,20240730,5,21,352,3,2284.3,0,6852.9
7871,20240731,68,8,85,1,1648.1,0,1648.1
7872,20241209,6,9,269,2,843.99,0,1687.98
7873,20240904,81,6,282,1,1242.05,0,1242.05
7874,20240913,53,2,57,3,1453.18,5,4141.56
7875,20250304,14,13,188,1,4823.13,0,4823.13
7876,20250423,75,8,302,1,2266.5,0,2266.5
7877,20240503,114,10,40,2,3973.22,5,7549.12
7878,20240205,40,16,38,1,6858.19,20,5486.55
7879,20250313,85,25,188,1,6169.54,0,6169.54
7880,20240215,97,9,239,2,4779.12,0,9558.24
7881,20251107,54,15,17,1,2808.33,0,2808.33
7882,20250227,100,6,231,2,4823.15,20,7717.04
7883,20241007,51,22,167,4,2879.69,10,10366.88
7884,20240110,38,18,183,2,1729.74,0,3459.48
7885,20250830,5,13,202,2,2284.3,0,4568.6
7886,20240709,87,13,37,2,2952.23,0,5904.46
7887,20250518,66,11,178,1,6204.11,0,6204.11
7888,20250410,23,19,,1,5336.87,15,4536.34
7889,20240529,17,20,179,1,1735.19,0,1735.19
7890,20250719,57,11,245,3,3796.83,0,11390.49
7891,20250516,52,12,83,1,2796.94,0,2796.94
7892,20250107,108,17,267,4,3374.55,15,11473.47
7893,20250322,56,1,287,1,7088.96,20,5671.17
7894,20241016,7,17,100,1,4794.43,0,4794.43
7895,20251012,15,12,296,1,4621.37,0,4621.37
7896,20250618,52,13,13,1,2796.94,0,2796.94
7897,20250825,48,14,27,1,2551.26,0,2551.26
7898,20240526,63,12,,1,4196.34,0,4196.34
7899,20240117,36,16,317,1,682.61,0,682.61
7900,20240815,58,3,350,1,5200.5,10,4680.45
7901,20241022,58,6,292,1,5200.5,0,5200.5
7902,20240527,88,14,361,1,2796.03,0,2796.03
7903,20250807,42,9,214,2,2401.74,0,4803.48
7904,20240909,94,24,203,2,1460.17,15,2482.29
7905,20250607,28,5,16,1,3988.05,0,3988.05
7906,20250611,11,20,314,1,5902.88,5,5607.74
7907,20251114,54,3,14,1,2808.33,0,2808.33
7908,20240201,77,18,32,1,5233.57,5,4971.89
7909,20240824,51,24,76,4,2879.69,10,10366.88
7910,20241203,107,5,185,1,1952.14,0,1952.14
7911,20250515,30,5,364,2,3704.61,0,7409.22
7912,20240531,14,11,122,1,4823.13,0,4823.13
7913,20240408,51,20,97,2,2879.69,0,5759.38
7914,20250329,33,12,,2,2291.4,0,4582.8
7915,20251220,100,3,280,1,4823.15,10,4340.84
7916,20241030,107,19,55,1,1952.14,5,1854.53
7917,20250312,105,24,,2,2890.92,0,5781.84
7918,20250420,42,5,208,1,2401.74,0,2401.74
7919,20250505,9,22,,1,4835.47,15,4110.15
7920,20240517,85,1,99,2,6169.54,0,12339.08
7921,20251227,12,18,205,1,1690.47,0,1690.47
7922,20240225,100,14,222,1,4823.15,5,4581.99
7923,20250604,44,3,235,2,4747.67,15,8071.04
7924,20251026,112,12,317,3,1434.74,5,4089.01
7925,20250903,49,14,208,1,3974.14,0,3974.14
7926,20240721,49,9,293,2,3974.14,10,7153.45
7927,20241221,88,4,121,1,2796.03,0,2796.03
7928,20241002,26,22,80,1,1355.83,0,1355.83
7929,20250304,20,14,255,1,1915.63,10,1724.07
7930,20251226,116,9,75,1,6480.7,0,6480.7
7931,20241104,17,21,367,2,1735.19,10,3123.34
7932,20240715,66,3,350,1,6204.11,15,5273.49
7933,20240920,57,7,168,1,3796.83,5,3606.99
7934,20250828,119,12,374,1,2956.72,0,2956.72
7935,20240729,31,6,13,1,7243.85,0,7243.85
7936,20241126,12,7,219,2,1690.47,20,2704.75
7937,20251226,38,8,,1,1729.74,0,1729.74
7938,20251120,81,3,195,1,1242.05,10,1117.85
7939,20241222,34,15,360,1,1322.31,0,1322.31
7940,20240804,32,21,86,1,1604.88,0,1604.88
7941,20250224,70,19,353,1,3349.78,0,3349.78
7942,20250706,18,19,304,3,5185.3,0,15555.9
7943,20250718,89,2,263,3,4062.25,0,12186.75
7944,20240501,87,18,352,4,2952.23,10,10628.03
7945,20251110,83,17,219,2,2689.64,0,5379.28
7946,20241027,77,20,155,1,5233.57,5,4971.89
7947,20241212,13,7,265,3,4729.21,0,14187.63
7948,20240816,54,15,198,1,2808.33,0,2808.33
7949,20240112,41,9,232,1,5693.66,0,5693.66
7950,20251115,102,23,196,1,616.26,0,616.26
7951,20251218,34,16,,1,1322.31,15,1123.96
7952,20250118,31,3,233,2,7243.85,10,13038.93
7953,20250901,39,1,199,1,3883.73,0,3883.73
7954,20250831,55,15,27,1,735.67,5,698.89
7955,20240622,79,7,,2,1528.97,0,3057.94
7956,20250121,114,15,324,1,3973.22,5,3774.56
7957,20250725,50,23,133,1,3814.05,10,3432.65
7958,20240429,78,5,177,1,1807.55,0,1807.55
7959,20241208,42,1,53,1,2401.74,0,2401.74
7960,20240827,70,24,140,1,3349.78,5,3182.29
7961,20250422,17,13,145,1,1735.19,0,1735.19
7962,20250826,81,2,46,1,1242.05,0,1242.05
7963,20251106,97,2,201,1,4779.12,5,4540.16
7964,20240227,28,17,165,1,3988.05,10,3589.25
7965,20240709,25,4,77,1,659.99,20,527.99
7966,20250512,66,7,159,1,6204.11,0,6204.11
7967,20251217,88,22,297,1,2796.03,5,2656.23
7968,20250422,53,8,263,3,1453.18,5,4141.56
7969,20251104,74,5,365,1,3249.83,20,2599.86
7970,20240820,63,23,216,1,4196.34,0,4196.34
7971,20240409,10,15,224,1,3316.3,0,3316.3
7972,20251014,44,20,178,4,4747.67,5,18041.15
7973,20250113,104,2,291,1,6527.04,0,6527.04
7974,20251104,17,20,212,1,1735.19,10,1561.67
7975,20250913,74,24,78,1,3249.83,0,3249.83
7976,20251004,36,4,105,2,682.61,10,1228.7
7977,20241102,117,8,,2,5631.66,5,10700.15
7978,20240926,21,3,159,2,1209.52,20,1935.23
7979,20240203,75,13,200,1,2266.5,15,1926.52
7980,20250717,47,16,159,1,2706.69,10,2436.02
7981,20240611,96,22,326,1,3006.66,20,2405.33
7982,20240121,26,12,237,1,1355.83,15,1152.46
7983,20240825,7,15,338,2,4794.43,5,9109.42
7984,20250914,63,11,,1,4196.34,5,3986.52
7985,20250208,91,21,51,1,6185.93,0,6185.93
7986,20250514,22,8,209,1,6438.69,5,6116.76
7987,20241005,16,23,256,1,4330.21,0,4330.21
7988,20240604,18,2,163,1,5185.3,5,4926.03
7989,20250925,4,1,353,1,1722.15,0,1722.15
7990,20240405,39,15,346,2,3883.73,0,7767.46
7991,20250923,74,2,190,1,3249.83,0,3249.83
7992,20250531,25,23,130,1,659.99,15,560.99
7993,20241219,62,23,161,1,978.5,0,978.5
7994,20241017,18,13,108,2,5185.3,0,10370.6
7995,20251011,72,18,374,2,1667.62,0,3335.24
7996,20250807,118,2,149,1,5698.72,10,5128.85
7997,20250726,18,10,,1,5185.3,0,5185.3
7998,20240220,52,22,131,1,2796.94,5,2657.09
7999,20250818,6,7,382,1,843.99,15,717.39
8000,20241024,119,4,350,1,2956.72,15,2513.21
8001,20240718,27,10,334,1,1220.37,10,1098.33
8002,20251007,6,25,233,1,843.99,5,801.79
8003,20240604,107,4,273,1,1952.14,10,1756.93
8004,20251117,3,14,292,1,2631.02,0,2631.02
8005,20250624,119,13,326,1,2956.72,0,2956.72
8006,20240327,85,1,32,1,6169.54,15,5244.11
8007,20250708,72,8,296,1,1667.62,15,1417.48
8008,20251122,18,22,231,1,5185.3,0,5185.3
8009,20250101,55,10,33,3,735.67,5,2096.66
8010,20251128,25,12,400,1,659.99,0,659.99
8011,20250204,32,19,360,1,1604.88,0,1604.88
8012,20240118,85,6,360,1,6169.54,5,5861.06
8013,20240228,29,3,177,1,1567.62,0,1567.62
8014,20240111,78,2,13,1,1807.55,5,1717.17
8015,20250108,99,16,193,1,4915.0,5,4669.25
8016,20240829,74,21,46,1,3249.83,10,2924.85
8017,20250507,29,8,267,1,1567.62,0,1567.62
8018,20241123,105,7,152,1,2890.92,0,2890.92
8019,20240701,89,10,201,1,4062.25,5,3859.14
8020,20240624,31,18,177,2,7243.85,5,13763.32
8021,20240128,10,1,58,4,3316.3,5,12601.94
8022,20251210,119,22,159,1,2956.72,0,2956.72
8023,20241113,63,20,229,1,4196.34,0,4196.34
8024,20251208,71,15,,1,3918.6,0,3918.6
8025,20240415,93,21,169,1,4029.05,0,4029.05
8026,20241218,100,9,322,1,4823.15,20,3858.52
8027,20240903,74,3,,4,3249.83,0,12999.32
8028,20251208,36,4,118,1,682.61,0,682.61
8029,20240310,8,5,306,1,3576.07,5,3397.27
8030,20250403,42,12,59,1,2401.74,0,2401.74
8031,20240227,83,2,311,1,2689.64,15,2286.19
8032,20251101,96,7,12,2,3006.66,0,6013.32
8033,20240415,60,13,273,1,4273.1,0,4273.1
8034,20240617,63,10,51,2,4196.34,0,8392.68
8035,20250108,74,23,91,1,3249.83,15,2762.36
8036,20250211,120,12,33,1,5078.17,0,5078.17
8037,20241129,109,20,,2,2954.88,5,5614.27
8038,20241031,10,25,187,3,3316.3,10,8954.01
8039,20250313,109,7,390,1,2954.88,5,2807.14
8040,20240628,45,14,395,1,1364.28,0,1364.28
8041,20241115,64,14,184,2,4068.92,0,8137.84
8042,20250523,63,24,,1,4196.34,0,4196.34
8043,20250109,107,2,307,2,1952.14,5,3709.07
8044,20241013,111,11,,1,1506.58,5,1431.25
8045,20241116,79,5,170,1,1528.97,0,1528.97
8046,20241113,112,6,194,3,1434.74,0,4304.22
8047,20241231,6,24,398,1,843.99,0,843.99
8048,20240107,89,21,260,2,4062.25,10,7312.05
8049,20240706,65,12,,1,3541.34,0,3541.34
8050,20250420,43,1,323,1,3747.63,0,3747.63
8051,20250921,21,6,57,1,1209.52,10,1088.57
8052,20240817,72,1,345,2,1667.62,0,3335.24
8053,20250126,113,5,194,1,4385.13,20,3508.1
8054,20240408,114,10,135,1,3973.22,0,3973.22
8055,20240403,41,22,,1,5693.66,15,4839.61
8056,20241009,48,25,307,1,2551.26,20,2041.01
8057,20241116,29,21,117,1,1567.62,10,1410.86
8058,20241027,74,20,309,1,3249.83,10,2924.85
8059,20240309,56,19,179,3,7088.96,5,20203.54
8060,20250906,92,11,282,2,2008.22,5,3815.62
8061,20241125,11,5,293,1,5902.88,0,5902.88
8062,20240401,64,22,295,1,4068.92,10,3662.03
8063,20240505,11,10,217,1,5902.88,0,5902.88
8064,20240127,73,18,50,3,6348.65,0,19045.95
8065,20251116,1,10,385,1,1005.84,10,905.26
8066,20251012,109,4,232,2,2954.88,20,4727.81
8067,20240304,4,23,252,1,1722.15,0,1722.15
8068,20240925,117,22,184,1,5631.66,0,5631.66
8069,20240401,3,23,9,1,2631.02,15,2236.37
8070,20240401,113,17,322,3,4385.13,0,13155.39
8071,20241004,73,2,281,1,6348.65,0,6348.65
8072,20240205,91,12,172,4,6185.93,0,24743.72
8073,20240219,74,7,230,2,3249.83,20,5199.73
8074,20250329,107,19,337,3,1952.14,20,4685.14
8075,20251129,52,3,217,1,2796.94,0,2796.94
8076,20250108,105,4,278,1,2890.92,10,2601.83
8077,20240728,49,20,398,2,3974.14,5,7550.87
8078,20250108,69,6,378,1,2128.62,0,2128.62
8079,20250926,109,5,213,1,2954.88,5,2807.14
8080,20250118,50,19,129,1,3814.05,0,3814.05
8081,20240122,109,17,255,1,2954.88,0,2954.88
8082,20240622,92,8,40,1,2008.22,0,2008.22
8083,20250930,98,9,301,2,850.73,0,1701.46
8084,20240422,43,25,361,1,3747.63,0,3747.63
8085,20240718,72,12,339,1,1667.62,0,1667.62
8086,20250102,73,17,138,1,6348.65,0,6348.65
8087,20250707,95,16,271,1,3960.41,0,3960.41
8088,20250728,67,3,340,1,4800.44,5,4560.42
8089,20240330,16,24,243,1,4330.21,15,3680.68
8090,20240612,27,7,,1,1220.37,0,1220.37
8091,20251006,116,15,,1,6480.7,10,5832.63
8092,20240410,19,16,396,1,3799.68,0,3799.68
8093,20250606,63,25,331,1,4196.34,0,4196.34
8094,20240311,25,22,89,2,659.99,10,1187.98
8095,20240525,24,2,266,1,3205.37,10,2884.83
8096,20240901,111,11,252,1,1506.58,15,1280.59
8097,20250729,13,14,301,1,4729.21,0,4729.21
8098,20240205,103,10,343,2,5201.47,20,8322.35
8099,20250828,3,1,324,1,2631.02,0,2631.02
8100,20240516,36,25,,1,682.61,0,682.61
8101,20251031,107,8,49,1,1952.14,0,1952.14
8102,20241009,27,9,,4,1220.37,15,4149.26
8103,20241215,95,22,88,1,3960.41,10,3564.37
8104,20240403,64,8,178,1,4068.92,0,4068.92
8105,20250527,21,25,42,1,1209.52,0,1209.52
8106,20240608,79,23,215,1,1528.97,20,1223.18
8107,20250217,23,3,,3,5336.87,0,16010.61
8108,20240224,54,6,,1,2808.33,0,2808.33
8109,20240515,35,1,397,1,3748.04,0,3748.04
8110,20251013,82,11,110,1,3179.41,10,2861.47
8111,20240510,15,25,371,1,4621.37,5,4390.3
8112,20240412,14,8,311,1,4823.13,15,4099.66
8113,20250816,42,1,289,1,2401.74,10,2161.57
8114,20241019,66,19,132,1,6204.11,5,5893.9
8115,20250820,36,24,73,1,682.61,0,682.61
8116,20240530,85,25,,1,6169.54,10,5552.59
8117,20241109,17,22,185,1,1735.19,5,1648.43
8118,20250823,1,9,167,1,1005.84,0,1005.84
8119,20240921,40,14,186,1,6858.19,0,6858.19
8120,20241026,95,11,69,2,3960.41,0,7920.82
8121,20250607,69,22,153,1,2128.62,10,1915.76
8122,20250727,79,8,129,1,1528.97,0,1528.97
8123,20250725,38,5,,3,1729.74,0,5189.22
8124,20250323,90,20,256,1,3873.38,0,3873.38
8125,20250922,28,16,68,2,3988.05,20,6380.88
8126,20240504,47,9,84,1,2706.69,0,2706.69
8127,20241120,98,1,270,1,850.73,0,850.73
8128,20240410,24,10,93,1,3205.37,10,2884.83
8129,20250411,117,5,,1,5631.66,0,5631.66
8130,20250509,45,7,26,3,1364.28,0,4092.84
8131,20250315,31,6,310,1,7243.85,5,6881.66
8132,20250516,59,7,191,1,2020.12,20,1616.1
8133,20250627,44,17,328,1,4747.67,0,4747.67
8134,20250713,115,6,116,1,2419.05,0,2419.05
8135,20250910,36,25,52,2,682.61,5,1296.96
8136,20241220,98,17,353,1,850.73,20,680.58
8137,20251115,12,17,52,2,1690.47,5,3211.89
8138,20241003,24,18,364,1,3205.37,0,3205.37
8139,20251019,1,14,103,1,1005.84,5,955.55
8140,20251102,115,11,159,1,2419.05,0,2419.05
8141,20251124,59,23,,1,2020.12,0,2020.12
8142,20240113,35,2,290,1,3748.04,0,3748.04
8143,20241025,19,9,321,4,3799.68,10,13678.85
8144,20240202,111,1,42,1,1506.58,20,1205.26
8145,20250415,29,4,114,1,1567.62,5,1489.24
8146,20240104,85,17,341,1,6169.54,20,4935.63
8147,20241109,33,16,294,2,2291.4,15,3895.38
8148,20240501,115,5,,3,2419.05,0,7257.15
8149,20250926,104,18,222,3,6527.04,20,15664.9
8150,20240221,19,10,292,4,3799.68,10,13678.85
8151,20251105,23,16,144,1,5336.87,5,5070.03
8152,20240629,5,15,299,1,2284.3,0,2284.3
8153,20240526,105,18,47,3,2890.92,5,8239.12
8154,20250519,65,19,219,1,3541.34,10,3187.21
8155,20240227,120,4,25,1,5078.17,0,5078.17
8156,20240122,97,5,200,1,4779.12,5,4540.16
8157,20240509,29,4,174,2,1567.62,0,3135.24
8158,20240126,5,1,211,2,2284.3,0,4568.6
8159,20241115,31,19,244,4,7243.85,0,28975.4
8160,20241003,110,15,47,2,3839.63,0,7679.26
8161,20250109,65,3,117,2,3541.34,15,6020.28
8162,20240419,23,19,275,1,5336.87,0,5336.87
8163,20250430,18,11,48,1,5185.3,5,4926.03
8164,20240202,96,7,369,1,3006.66,0,3006.66
8165,20240605,30,15,,1,3704.61,10,3334.15
8166,20251120,38,18,90,1,1729.74,0,1729.74
8167,20240605,74,6,202,1,3249.83,10,2924.85
8168,20251221,87,9,114,2,2952.23,0,5904.46
8169,20240404,39,12,305,3,3883.73,0,11651.19
8170,20250129,44,8,383,3,4747.67,15,12106.56
8171,20240611,107,7,131,1,1952.14,0,1952.14
8172,20250128,96,5,358,1,3006.66,0,3006.66
8173,20241107,83,15,143,2,2689.64,20,4303.42
8174,20241209,22,25,371,2,6438.69,5,12233.51
8175,20250103,77,14,76,1,5233.57,5,4971.89
8176,20250629,7,13,247,1,4794.43,10,4314.99
8177,20251101,119,13,,1,2956.72,0,2956.72
8178,20250607,80,16,114,1,5880.6,0,5880.6
8179,20240505,45,13,121,2,1364.28,5,2592.13
8180,20250114,24,3,,2,3205.37,5,6090.2
8181,20251129,41,9,131,1,5693.66,0,5693.66
8182,20251123,95,9,328,1,3960.41,20,3168.33
8183,20240303,91,17,281,1,6185.93,10,5567.34
8184,20240903,44,17,190,2,4747.67,20,7596.27
8185,20251022,29,14,135,1,1567.62,0,1567.62
8186,20250919,58,19,390,2,5200.5,0,10401.0
8187,20241223,94,10,324,1,1460.17,20,1168.14
8188,20241106,28,13,245,1,3988.05,0,3988.05
8189,20250822,64,22,32,2,4068.92,15,6917.16
8190,20250408,67,21,247,3,4800.44,10,12961.19
8191,20240826,8,25,171,1,3576.07,0,3576.07
8192,20250217,57,17,305,1,3796.83,0,3796.83
8193,20250908,116,8,82,2,6480.7,0,12961.4
8194,20240313,83,23,316,1,2689.64,0,2689.64
8195,20240624,28,15,11,2,3988.05,5,7577.3
8196,20250929,102,12,329,1,616.26,0,616.26
8197,20250726,109,16,29,1,2954.88,10,2659.39
8198,20240212,73,23,40,1,6348.65,5,6031.22
8199,20240307,37,10,141,2,3761.37,0,7522.74
8200,20250508,21,23,337,1,1209.52,5,1149.04
8201,20240804,55,16,8,1,735.67,10,662.1
8202,20240815,20,23,396,2,1915.63,15,3256.57
8203,20240929,6,3,234,1,843.99,0,843.99
8204,20240204,97,8,249,1,4779.12,0,4779.12
8205,20250625,34,14,303,1,1322.31,0,1322.31
8206,20251215,30,16,327,1,3704.61,0,3704.61
8207,20250807,102,5,313,1,616.26,0,616.26
8208,20240218,11,2,,1,5902.88,5,5607.74
8209,20251029,105,15,27,1,2890.92,5,2746.37
8210,20240226,9,17,190,1,4835.47,5,4593.7
8211,20250211,49,24,279,1,3974.14,0,3974.14
8212,20250623,117,11,233,1,5631.66,0,5631.66
8213,20240122,13,1,385,1,4729.21,5,4492.75
8214,20240622,90,13,112,2,3873.38,15,6584.75
8215,20240212,41,4,19,1,5693.66,20,4554.93
8216,20240319,98,18,376,1,850.73,0,850.73
8217,20241002,93,19,196,3,4029.05,0,12087.15
8218,20250614,116,16,21,2,6480.7,0,12961.4
8219,20250920,40,3,,2,6858.19,10,12344.74
8220,20250311,30,6,381,1,3704.61,0,3704.61
8221,20250125,33,25,303,3,2291.4,0,6874.2
8222,20250130,16,14,56,1,4330.21,15,3680.68
8223,20240121,112,5,130,2,1434.74,10,2582.53
8224,20250901,50,11,81,2,3814.05,15,6483.89
8225,20240609,116,23,,1,6480.7,20,5184.56
8226,20240525,118,11,135,1,5698.72,0,5698.72
8227,20251213,60,12,169,1,4273.1,15,3632.14
8228,20241028,19,9,71,1,3799.68,0,3799.68
8229,20250118,23,8,238,1,5336.87,0,5336.87
8230,20250329,64,4,100,1,4068.92,0,4068.92
8231,20250214,12,23,327,1,1690.47,0,1690.47
8232,20250620,54,15,375,2,2808.33,0,5616.66
8233,20241110,67,6,382,1,4800.44,0,4800.44
8234,20240718,79,2,,2,1528.97,0,3057.94
8235,20250318,30,2,198,1,3704.61,10,3334.15
8236,20250323,23,19,324,1,5336.87,10,4803.18
8237,20250915,109,14,160,2,2954.88,5,5614.27
8238,20251014,6,9,253,1,843.99,0,843.99
8239,20250901,42,9,165,1,2401.74,10,2161.57
8240,20241107,117,14,237,2,5631.66,0,11263.32
8241,20251205,105,21,177,1,2890.92,0,2890.92
8242,20250529,96,19,90,1,3006.66,10,2705.99
8243,20240808,19,25,240,2,3799.68,0,7599.36
8244,20241124,33,25,324,1,2291.4,0,2291.4
8245,20241108,99,20,149,4,4915.0,5,18677.0
8246,20241216,81,9,97,2,1242.05,0,2484.1
8247,20240129,20,21,154,1,1915.63,0,1915.63
8248,20250730,38,12,104,1,1729.74,5,1643.25
8249,20240808,18,8,171,2,5185.3,0,10370.6
8250,20250131,54,17,68,2,2808.33,0,5616.66
8251,20250301,105,12,344,1,2890.92,5,2746.37
8252,20251011,20,22,,2,1915.63,0,3831.26
8253,20251217,79,18,,1,1528.97,10,1376.07
8254,20250422,82,13,,1,3179.41,15,2702.5
8255,20251119,59,16,51,3,2020.12,15,5151.31
8256,20240427,119,3,396,1,2956.72,5,2808.88
8257,20240606,28,3,313,1,3988.05,0,3988.05
8258,20240425,46,18,370,3,4179.48,0,12538.44
8259,20250813,100,3,308,1,4823.15,5,4581.99
8260,20240124,48,15,311,2,2551.26,10,4592.27
8261,20240503,112,12,,1,1434.74,5,1363.0
8262,20240404,8,1,136,1,3576.07,0,3576.07
8263,20240522,59,16,385,1,2020.12,0,2020.12
8264,20250210,73,10,330,1,6348.65,0,6348.65
8265,20240109,107,21,196,2,1952.14,15,3318.64
8266,20250207,104,15,116,1,6527.04,0,6527.04
8267,20241112,32,3,235,1,1604.88,10,1444.39
8268,20250530,111,16,142,1,1506.58,10,1355.92
8269,20240709,56,24,69,1,7088.96,0,7088.96
8270,20250120,86,9,58,1,4002.37,0,4002.37
8271,20240725,107,24,382,1,1952.14,0,1952.14
8272,20251226,93,5,372,1,4029.05,0,4029.05
8273,20241114,112,2,146,1,1434.74,0,1434.74
8274,20250725,102,19,173,1,616.26,0,616.26
8275,20250826,62,6,171,2,978.5,0,1957.0
8276,20250731,72,19,96,3,1667.62,0,5002.86
8277,20241219,89,10,,1,4062.25,0,4062.25
8278,20240505,3,1,326,1,2631.02,0,2631.02
8279,20240422,98,16,165,2,850.73,0,1701.46
8280,20250802,95,21,,1,3960.41,5,3762.39
8281,20250713,49,13,381,1,3974.14,0,3974.14
8282,20240808,31,19,124,3,7243.85,5,20644.97
8283,20240109,5,24,66,1,2284.3,5,2170.09
8284,20240719,77,11,94,2,5233.57,0,10467.14
8285,20251210,27,15,250,1,1220.37,0,1220.37
8286,20240628,105,12,186,1,2890.92,10,2601.83
8287,20240202,16,8,378,2,4330.21,0,8660.42
8288,20241225,16,16,106,1,4330.21,0,4330.21
8289,20240525,115,10,324,1,2419.05,0,2419.05
8290,20241213,55,19,113,1,735.67,15,625.32
8291,20250502,9,15,119,1,4835.47,5,4593.7
8292,20250915,28,12,343,1,3988.05,5,3788.65
8293,20240227,117,12,143,1,5631.66,10,5068.49
8294,20240627,43,14,248,1,3747.63,0,3747.63
8295,20241014,26,22,64,1,1355.83,10,1220.25
8296,20240101,83,20,282,1,2689.64,0,2689.64
8297,20251221,61,18,342,1,5731.62,0,5731.62
8298,20240415,41,8,226,2,5693.66,0,11387.32
8299,20250827,57,24,19,2,3796.83,0,7593.66
8300,20250830,14,22,66,4,4823.13,0,19292.52
8301,20250209,67,11,141,1,4800.44,0,4800.44
8302,20250808,31,7,,3,7243.85,0,21731.55
8303,20250125,97,21,163,1,4779.12,0,4779.12
8304,20250131,96,5,,1,3006.66,5,2856.33
8305,20251103,101,1,385,4,1131.31,0,4525.24
8306,20240824,88,12,282,1,2796.03,0,2796.03
8307,20250831,85,3,182,1,6169.54,0,6169.54
8308,20240304,108,15,124,2,3374.55,0,6749.1
8309,20250324,11,21,262,1,5902.88,0,5902.88
8310,20241004,40,7,,1,6858.19,0,6858.19
8311,20241211,105,22,231,2,2890.92,0,5781.84
8312,20241024,16,21,216,2,4330.21,5,8227.4
8313,20241220,112,4,50,1,1434.74,0,1434.74
8314,20240628,114,12,125,2,3973.22,0,7946.44
8315,20241206,59,24,353,1,2020.12,0,2020.12
8316,20240227,59,2,173,1,2020.12,5,1919.11
8317,20250125,55,14,,1,735.67,5,698.89
8318,20241231,3,17,365,1,2631.02,0,2631.02
8319,20240218,54,17,191,1,2808.33,10,2527.5
8320,20240802,18,13,131,1,5185.3,10,4666.77
8321,20251026,91,9,,1,6185.93,0,6185.93
8322,20240923,26,19,146,1,1355.83,0,1355.83
8323,20250820,101,25,4,1,1131.31,0,1131.31
8324,20251106,88,5,,1,2796.03,0,2796.03
8325,20251009,28,17,63,1,3988.05,5,3788.65
8326,20250818,81,21,42,1,1242.05,0,1242.05
8327,20250812,104,8,55,3,6527.04,0,19581.12
8328,20250910,17,4,2,1,1735.19,0,1735.19
8329,20240316,60,24,216,2,4273.1,0,8546.2
8330,20240202,67,14,351,2,4800.44,5,9120.84
8331,20240509,53,5,45,1,1453.18,5,1380.52
8332,20250921,29,6,207,2,1567.62,0,3135.24
8333,20240323,63,16,106,1,4196.34,5,3986.52
8334,20250416,116,10,60,1,6480.7,0,6480.7
8335,20250515,87,14,177,1,2952.23,0,2952.23
8336,20250518,55,22,48,2,735.67,15,1250.64
8337,20241124,56,25,321,2,7088.96,0,14177.92
8338,20240807,77,4,241,1,5233.57,0,5233.57
8339,20250701,89,7,274,1,4062.25,5,3859.14
8340,20240718,37,4,171,1,3761.37,0,3761.37
8341,20250215,2,23,304,1,882.35,5,838.23
8342,20250601,57,11,331,2,3796.83,0,7593.66
8343,20241118,39,23,73,1,3883.73,10,3495.36
8344,20250515,28,20,338,1,3988.05,10,3589.25
8345,20241203,116,11,251,3,6480.7,0,19442.1
8346,20240210,116,25,112,2,6480.7,0,12961.4
8347,20240731,40,25,192,1,6858.19,5,6515.28
8348,20250301,42,23,289,3,2401.74,5,6844.96
8349,20240812,70,16,151,1,3349.78,0,3349.78
8350,20240821,40,3,382,1,6858.19,10,6172.37
8351,20251213,119,25,135,2,2956.72,0,5913.44
8352,20250310,48,25,70,1,2551.26,5,2423.7
8353,20250927,58,14,188,1,5200.5,0,5200.5
8354,20251231,99,2,256,1,4915.0,10,4423.5
8355,20250913,30,7,226,2,3704.61,0,7409.22
8356,20240919,40,4,,2,6858.19,20,10973.1
8357,20250726,33,7,63,2,2291.4,10,4124.52
8358,20250616,24,23,,1,3205.37,5,3045.1
8359,20241008,5,20,172,2,2284.3,0,4568.6
8360,20250503,95,22,249,1,3960.41,5,3762.39
8361,20240518,105,2,341,1,2890.92,0,2890.92
8362,20241015,116,14,50,2,6480.7,0,12961.4
8363,20240930,61,17,256,2,5731.62,5,10890.08
8364,20250423,68,18,156,1,1648.1,0,1648.1
8365,20251222,93,16,183,1,4029.05,5,3827.6
8366,20240328,13,10,45,1,4729.21,20,3783.37
8367,20241027,54,3,314,1,2808.33,0,2808.33
8368,20251226,117,6,327,2,5631.66,10,10136.99
8369,20240408,3,18,371,2,2631.02,15,4472.73
8370,20240516,98,16,204,1,850.73,10,765.66
8371,20250709,85,20,155,1,6169.54,0,6169.54
8372,20240710,50,11,,1,3814.05,0,3814.05
8373,20241120,118,5,50,1,5698.72,0,5698.72
8374,20250329,53,12,115,1,1453.18,0,1453.18
8375,20250730,37,20,224,1,3761.37,5,3573.3
8376,20251007,97,19,353,1,4779.12,0,4779.12
8377,20241003,101,21,85,2,1131.31,5,2149.49
8378,20240225,39,25,268,3,3883.73,0,11651.19
8379,20250211,9,5,291,1,4835.47,0,4835.47
8380,20240604,15,21,101,1,4621.37,5,4390.3
8381,20250217,97,3,370,1,4779.12,10,4301.21
8382,20241218,95,7,263,1,3960.41,5,3762.39
8383,20241107,72,21,301,2,1667.62,0,3335.24
8384,20240308,23,2,,2,5336.87,5,10140.05
8385,20240213,40,2,16,2,6858.19,0,13716.38
8386,20251124,58,2,367,1,5200.5,15,4420.43
8387,20250517,93,8,105,1,4029.05,5,3827.6
8388,20241114,9,10,226,1,4835.47,0,4835.47
8389,20250508,112,13,39,2,1434.74,10,2582.53
8390,20250425,78,22,373,3,1807.55,5,5151.52
8391,20251019,79,6,,2,1528.97,0,3057.94
8392,20250522,115,9,69,1,2419.05,0,2419.05
8393,20240329,116,16,11,2,6480.7,0,12961.4
8394,20250804,54,8,,1,2808.33,5,2667.91
8395,20251109,111,24,301,1,1506.58,0,1506.58
8396,20250305,90,21,164,1,3873.38,0,3873.38
8397,20240624,62,3,248,1,978.5,0,978.5
8398,20251207,69,23,260,1,2128.62,10,1915.76
8399,20240807,57,17,385,1,3796.83,0,3796.83
8400,20250419,16,6,,1,4330.21,20,3464.17
8401,20251211,84,20,253,1,4822.61,5,4581.48
8402,20240102,86,25,327,1,4002.37,0,4002.37
8403,20251024,57,19,397,1,3796.83,0,3796.83
8404,20241210,24,15,149,3,3205.37,0,9616.11
8405,20240111,29,20,257,1,1567.62,0,1567.62
8406,20241020,55,11,158,2,735.67,0,1471.34
8407,20250707,54,18,156,1,2808.33,0,2808.33
8408,20251214,35,20,358,1,3748.04,0,3748.04
8409,20250818,19,6,207,1,3799.68,0,3799.68
8410,20251202,27,16,378,2,1220.37,0,2440.74
8411,20241020,42,16,198,2,2401.74,0,4803.48
8412,20250816,19,9,215,1,3799.68,0,3799.68
8413,20250601,15,8,89,1,4621.37,0,4621.37
8414,20240120,34,3,216,1,1322.31,10,1190.08
8415,20251209,103,12,2,1,5201.47,10,4681.32
8416,20241118,48,24,228,1,2551.26,0,2551.26
8417,20250806,20,22,217,1,1915.63,10,1724.07
8418,20240916,63,15,104,4,4196.34,0,16785.36
8419,20251127,65,2,36,1,3541.34,0,3541.34
8420,20241119,68,25,271,1,1648.1,0,1648.1
8421,20240425,81,15,123,1,1242.05,10,1117.85
8422,20250919,62,20,388,2,978.5,5,1859.15
8423,20250919,99,7,101,2,4915.0,0,9830.0
8424,20250315,71,17,369,2,3918.6,0,7837.2
8425,20250626,20,12,230,1,1915.63,15,1628.29
8426,20250320,69,4,194,1,2128.62,5,2022.19
8427,20240912,43,2,326,1,3747.63,5,3560.25
8428,20250922,31,16,252,1,7243.85,5,6881.66
8429,20240516,15,19,13,1,4621.37,0,4621.37
8430,20250903,52,1,107,3,2796.94,0,8390.82
8431,20250923,93,12,,1,4029.05,0,4029.05
8432,20240606,53,22,95,1,1453.18,15,1235.2
8433,20250405,52,15,228,2,2796.94,0,5593.88
8434,20250227,57,22,360,1,3796.83,0,3796.83
8435,20240310,78,2,296,1,1807.55,15,1536.42
8436,20250528,101,19,117,1,1131.31,0,1131.31
8437,20251209,63,9,,1,4196.34,20,3357.07
8438,20240523,50,4,,1,3814.05,0,3814.05
8439,20250723,89,16,200,1,4062.25,0,4062.25
8440,20241007,100,20,275,2,4823.15,10,8681.67
8441,20240324,28,5,11,1,3988.05,15,3389.84
8442,20250428,24,9,105,1,3205.37,0,3205.37
8443,20240530,104,13,268,1,6527.04,0,6527.04
8444,20240523,71,22,117,1,3918.6,5,3722.67
8445,20241229,68,25,5,1,1648.1,5,1565.69
8446,20250825,117,17,352,3,5631.66,5,16050.23
8447,20251215,35,21,161,1,3748.04,15,3185.83
8448,20240307,112,9,159,1,1434.74,0,1434.74
8449,20240816,45,24,192,1,1364.28,10,1227.85
8450,20241125,31,13,317,1,7243.85,0,7243.85
8451,20240303,63,16,294,1,4196.34,0,4196.34
8452,20240525,20,6,220,1,1915.63,15,1628.29
8453,20251122,11,25,124,1,5902.88,0,5902.88
8454,20240531,64,1,397,1,4068.92,0,4068.92
8455,20250502,108,14,314,1,3374.55,15,2868.37
8456,20250323,89,19,276,1,4062.25,15,3452.91
8457,20240420,33,12,284,1,2291.4,5,2176.83
8458,20240111,15,14,37,1,4621.37,20,3697.1
8459,20240208,64,11,28,1,4068.92,5,3865.47
8460,20250924,88,3,188,1,2796.03,15,2376.63
8461,20250805,29,19,81,2,1567.62,10,2821.72
8462,20240919,41,12,174,1,5693.66,0,5693.66
8463,20240408,39,24,315,1,3883.73,10,3495.36
8464,20240713,80,25,192,1,5880.6,15,4998.51
8465,20250215,73,20,27,1,6348.65,0,6348.65
8466,20250320,75,11,22,1,2266.5,0,2266.5
8467,20251106,87,25,190,2,2952.23,0,5904.46
8468,20250317,106,7,58,1,717.87,0,717.87
8469,20240523,67,16,361,2,4800.44,5,9120.84
8470,20240306,59,7,352,1,2020.12,10,1818.11
8471,20240822,107,17,142,1,1952.14,0,1952.14
8472,20250615,75,20,290,1,2266.5,0,2266.5
8473,20240828,1,25,283,1,1005.84,0,1005.84
8474,20240317,65,12,,1,3541.34,0,3541.34
8475,20240713,96,4,77,1,3006.66,0,3006.66
8476,20251219,94,18,271,1,1460.17,0,1460.17
8477,20250919,120,18,,4,5078.17,0,20312.68
8478,20240116,77,8,220,1,5233.57,0,5233.57
8479,20240312,80,25,256,1,5880.6,15,4998.51
8480,20251204,48,9,157,1,2551.26,0,2551.26
8481,20250212,49,5,373,1,3974.14,0,3974.14
8482,20240107,75,21,140,1,2266.5,15,1926.52
8483,20250104,2,4,400,1,882.35,5,838.23
8484,20241208,7,14,192,2,4794.43,0,9588.86
8485,20240226,109,12,,1,2954.88,0,2954.88
8486,20250607,110,12,357,1,3839.63,0,3839.63
8487,20250704,115,19,244,1,2419.05,20,1935.24
8488,20250820,13,20,137,1,4729.21,0,4729.21
8489,20250803,108,19,,1,3374.55,10,3037.1
8490,20240325,89,25,375,3,4062.25,0,12186.75
8491,20240119,76,4,,1,5042.37,15,4286.01
8492,20241005,64,3,394,2,4068.92,0,8137.84
8493,20251122,84,8,52,1,4822.61,5,4581.48
8494,20240220,17,14,391,1,1735.19,0,1735.19
8495,20250405,25,21,56,2,659.99,15,1121.98
8496,20240912,1,20,276,1,1005.84,20,804.67
8497,20250113,21,8,394,2,1209.52,0,2419.04
8498,20250130,28,7,93,1,3988.05,0,3988.05
8499,20240606,103,12,207,3,5201.47,15,13263.75
8500,20250206,53,25,383,1,1453.18,0,1453.18
8501,20250721,6,2,,1,843.99,5,801.79
8502,20251104,45,23,279,1,1364.28,0,1364.28
8503,20250116,111,2,161,1,1506.58,5,1431.25
8504,20251205,96,11,55,1,3006.66,0,3006.66
8505,20250507,59,20,365,2,2020.12,5,3838.23
8506,20240419,103,10,267,2,5201.47,0,10402.94
8507,20251116,97,21,59,3,4779.12,0,14337.36
8508,20250220,12,20,175,1,1690.47,0,1690.47
8509,20240206,1,14,213,2,1005.84,15,1709.93
8510,20250204,55,18,149,2,735.67,0,1471.34
8511,20241206,31,25,351,1,7243.85,0,7243.85
8512,20250523,55,14,318,2,735.67,5,1397.77
8513,20240216,22,22,145,3,6438.69,10,17384.46
8514,20240826,115,18,220,1,2419.05,0,2419.05
8515,20241002,66,10,56,1,6204.11,0,6204.11
8516,20241115,50,6,120,1,3814.05,5,3623.35
8517,20250704,8,22,106,1,3576.07,5,3397.27
8518,20240325,81,7,,4,1242.05,0,4968.2
8519,20240426,105,4,3,1,2890.92,0,2890.92
8520,20250501,25,10,296,2,659.99,0,1319.98
8521,20240628,30,25,383,1,3704.61,10,3334.15
8522,20240318,79,23,209,1,1528.97,15,1299.62
8523,20241220,67,18,268,4,4800.44,15,16321.5
8524,20241006,85,7,325,2,6169.54,0,12339.08
8525,20251128,88,16,271,1,2796.03,0,2796.03
8526,20240129,111,15,245,1,1506.58,5,1431.25
8527,20240416,96,16,175,1,3006.66,5,2856.33
8528,20240226,50,4,125,2,3814.05,0,7628.1
8529,20241202,16,3,306,1,4330.21,0,4330.21
8530,20240320,75,22,54,1,2266.5,0,2266.5
8531,20250318,31,10,4,1,7243.85,0,7243.85
8532,20240330,86,15,,2,4002.37,5,7604.5
8533,20240914,78,4,167,1,1807.55,0,1807.55
8534,20251206,45,6,,2,1364.28,0,2728.56
8535,20240407,36,14,56,1,682.61,15,580.22
8536,20240319,45,16,244,1,1364.28,20,1091.42
8537,20241003,1,24,104,1,1005.84,5,955.55
8538,20250602,9,1,250,1,4835.47,0,4835.47
8539,20251019,14,22,177,1,4823.13,5,4581.97
8540,20240411,36,19,334,1,682.61,0,682.61
8541,20240712,70,16,197,1,3349.78,20,2679.82
8542,20250423,23,20,372,1,5336.87,10,4803.18
8543,20240220,69,9,267,1,2128.62,0,2128.62
8544,20250707,40,17,240,2,6858.19,20,10973.1
8545,20251029,114,1,310,1,3973.22,15,3377.24
8546,20241115,93,13,175,1,4029.05,0,4029.05
8547,20240108,49,22,,1,3974.14,5,3775.43
8548,20251121,79,20,,1,1528.97,0,1528.97
8549,20240824,28,2,,1,3988.05,10,3589.25
8550,20240901,92,5,234,1,2008.22,0,2008.22
8551,20250523,29,14,166,1,1567.62,10,1410.86
8552,20240529,118,21,23,1,5698.72,0,5698.72
8553,20250420,30,12,73,1,3704.61,10,3334.15
8554,20251103,117,12,106,1,5631.66,10,5068.49
8555,20241218,111,7,289,1,1506.58,0,1506.58
8556,20241108,108,12,,1,3374.55,0,3374.55
8557,20250921,76,14,216,1,5042.37,0,5042.37
8558,20240304,92,1,319,2,2008.22,0,4016.44
8559,20240918,113,1,46,1,4385.13,5,4165.87
8560,20240427,118,13,36,1,5698.72,10,5128.85
8561,20251219,26,14,159,2,1355.83,20,2169.33
8562,20240609,90,12,89,1,3873.38,0,3873.38
8563,20240510,70,25,338,1,3349.78,0,3349.78
8564,20240922,27,12,312,3,1220.37,0,3661.11
8565,20251023,77,11,154,1,5233.57,15,4448.53
8566,20250801,22,5,329,1,6438.69,10,5794.82
8567,20241125,23,20,228,1,5336.87,0,5336.87
8568,20241118,14,6,398,2,4823.13,5,9163.95
8569,20250924,86,11,104,1,4002.37,0,4002.37
8570,20250221,55,12,30,1,735.67,5,698.89
8571,20240321,22,5,126,1,6438.69,10,5794.82
8572,20251217,67,16,108,1,4800.44,5,4560.42
8573,20240925,23,3,378,1,5336.87,10,4803.18
8574,20241209,37,22,170,2,3761.37,0,7522.74
8575,20250731,65,17,119,1,3541.34,15,3010.14
8576,20240724,72,23,78,1,1667.62,0,1667.62
8577,20240206,80,7,353,1,5880.6,10,5292.54
8578,20240626,9,12,,1,4835.47,20,3868.38
8579,20250123,54,1,222,3,2808.33,5,8003.74
8580,20251017,73,23,78,4,6348.65,0,25394.6
8581,20240414,46,16,213,2,4179.48,0,8358.96
8582,20240217,86,3,,1,4002.37,0,4002.37
8583,20240702,114,4,108,1,3973.22,20,3178.58
8584,20240419,23,4,214,1,5336.87,0,5336.87
8585,20240714,20,18,133,1,1915.63,20,1532.5
8586,20240617,53,8,212,2,1453.18,5,2761.04
8587,20240426,38,9,244,1,1729.74,5,1643.25
8588,20240930,42,4,202,1,2401.74,10,2161.57
8589,20250520,71,17,393,2,3918.6,0,7837.2
8590,20240507,82,12,52,1,3179.41,0,3179.41
8591,20241101,24,7,362,1,3205.37,0,3205.37
8592,20241229,102,9,349,1,616.26,0,616.26
8593,20250131,106,24,97,1,717.87,15,610.19
8594,20241215,57,3,127,1,3796.83,5,3606.99
8595,20240412,46,10,71,1,4179.48,20,3343.58
8596,20250726,94,16,399,1,1460.17,0,1460.17
8597,20240705,113,7,146,1,4385.13,5,4165.87
8598,20240826,2,20,316,1,882.35,0,882.35
8599,20240321,77,24,247,1,5233.57,0,5233.57
8600,20250805,51,19,290,1,2879.69,0,2879.69
8601,20240420,73,21,322,1,6348.65,5,6031.22
8602,20251129,59,9,89,1,2020.12,5,1919.11
8603,20250904,90,22,,1,3873.38,0,3873.38
8604,20241210,15,16,168,1,4621.37,0,4621.37
8605,20240810,116,15,105,1,6480.7,15,5508.59
8606,20240205,17,17,304,1,1735.19,0,1735.19
8607,20250320,65,14,273,1,3541.34,0,3541.34
8608,20241002,28,3,,1,3988.05,0,3988.05
8609,20251230,86,23,387,1,4002.37,5,3802.25
8610,20240916,108,15,315,3,3374.55,5,9617.47
8611,20251201,102,10,41,1,616.26,0,616.26
8612,20250522,9,22,,1,4835.47,0,4835.47
8613,20251108,99,5,294,1,4915.0,5,4669.25
8614,20251006,70,19,281,1,3349.78,0,3349.78
8615,20240712,43,17,131,3,3747.63,0,11242.89
8616,20240925,73,9,86,2,6348.65,0,12697.3
8617,20251225,112,18,218,1,1434.74,20,1147.79
8618,20240106,97,20,56,1,4779.12,5,4540.16
8619,20240218,84,19,369,2,4822.61,10,8680.7
8620,20250821,15,11,155,2,4621.37,0,9242.74
8621,20250101,101,2,8,1,1131.31,5,1074.74
8622,20251121,35,16,367,1,3748.04,5,3560.64
8623,20250215,117,8,131,1,5631.66,0,5631.66
8624,20250225,39,15,355,1,3883.73,0,3883.73
8625,20250811,95,6,109,1,3960.41,5,3762.39
8626,20240114,109,10,14,1,2954.88,0,2954.88
8627,20241016,91,21,189,1,6185.93,15,5258.04
8628,20251217,90,24,205,1,3873.38,0,3873.38
8629,20251002,24,15,222,1,3205.37,0,3205.37
8630,20250805,13,18,53,1,4729.21,0,4729.21
8631,20250128,50,4,82,2,3814.05,0,7628.1
8632,20250911,103,16,,1,5201.47,10,4681.32
8633,20250424,76,23,,1,5042.37,0,5042.37
8634,20240413,107,22,40,1,1952.14,0,1952.14
8635,20240806,31,4,70,1,7243.85,0,7243.85
8636,20240727,31,16,1,1,7243.85,0,7243.85
8637,20251024,31,15,177,1,7243.85,0,7243.85
8638,20250111,26,15,,1,1355.83,5,1288.04
8639,20241127,30,8,4,1,3704.61,10,3334.15
8640,20241210,49,19,213,1,3974.14,10,3576.73
8641,20240309,25,8,,1,659.99,0,659.99
8642,20250228,65,8,277,2,3541.34,5,6728.55
8643,20240610,19,14,102,1,3799.68,0,3799.68
8644,20240805,3,19,315,1,2631.02,0,2631.02
8645,20251030,40,23,127,1,6858.19,10,6172.37
8646,20251017,44,7,364,1,4747.67,0,4747.67
8647,20240731,52,10,362,1,2796.94,0,2796.94
8648,20241104,42,6,387,1,2401.74,0,2401.74
8649,20241128,88,7,262,1,2796.03,5,2656.23
8650,20250901,58,25,109,2,5200.5,5,9880.95
8651,20250220,46,15,282,1,4179.48,5,3970.51
8652,20241220,23,4,255,1,5336.87,5,5070.03
8653,20241028,1,14,74,1,1005.84,5,955.55
8654,20251018,10,11,80,1,3316.3,20,2653.04
8655,20250530,27,1,232,2,1220.37,0,2440.74
8656,20250213,26,5,11,3,1355.83,5,3864.12
8657,20250807,15,9,9,1,4621.37,0,4621.37
8658,20250911,81,13,212,3,1242.05,0,3726.15
8659,20240605,94,3,208,3,1460.17,0,4380.51
8660,20241116,37,7,215,1,3761.37,15,3197.16
8661,20250507,79,14,157,1,1528.97,5,1452.52
8662,20240709,50,20,364,1,3814.05,15,3241.94
8663,20240401,89,8,68,1,4062.25,10,3656.03
8664,20250717,18,4,1,1,5185.3,15,4407.51
8665,20251113,111,16,291,1,1506.58,0,1506.58
8666,20250909,37,20,,1,3761.37,0,3761.37
8667,20250415,46,14,213,2,4179.48,10,7523.06
8668,20250711,37,19,354,1,3761.37,0,3761.37
8669,20250304,66,6,257,1,6204.11,0,6204.11
8670,20250217,10,10,386,1,3316.3,15,2818.86
8671,20250126,9,22,315,1,4835.47,15,4110.15
8672,20240610,94,11,232,1,1460.17,0,1460.17
8673,20250714,65,11,23,1,3541.34,0,3541.34
8674,20240226,105,23,114,1,2890.92,5,2746.37
8675,20250509,95,24,377,1,3960.41,0,3960.41
8676,20240520,61,7,,2,5731.62,0,11463.24
8677,20240827,112,17,186,1,1434.74,10,1291.27
8678,20251220,112,4,72,1,1434.74,0,1434.74
8679,20240206,60,5,24,2,4273.1,0,8546.2
8680,20250720,20,8,277,1,1915.63,0,1915.63
8681,20240418,90,4,321,2,3873.38,5,7359.42
8682,20250524,98,24,125,1,850.73,5,808.19
8683,20250908,21,15,240,1,1209.52,0,1209.52
8684,20250630,106,6,4,1,717.87,5,681.98
8685,20240705,17,19,389,2,1735.19,0,3470.38
8686,20240416,39,9,261,1,3883.73,0,3883.73
8687,20240721,4,13,12,1,1722.15,0,1722.15
8688,20251123,87,18,290,1,2952.23,0,2952.23
8689,20250601,90,15,89,2,3873.38,0,7746.76
8690,20240305,27,1,266,1,1220.37,15,1037.31
8691,20240811,75,4,44,1,2266.5,0,2266.5
8692,20240318,90,21,211,1,3873.38,0,3873.38
8693,20251002,44,1,386,3,4747.67,5,13530.86
8694,20241213,7,10,88,1,4794.43,10,4314.99
8695,20250827,22,19,333,3,6438.69,0,19316.07
8696,20250616,36,21,58,2,682.61,0,1365.22
8697,20251121,49,19,351,3,3974.14,10,10730.18
8698,20241006,107,2,270,2,1952.14,20,3123.42
8699,20240427,115,21,120,1,2419.05,0,2419.05
8700,20240719,63,1,377,1,4196.34,5,3986.52
8701,20241028,10,2,211,3,3316.3,0,9948.9
8702,20241208,77,9,168,1,5233.57,15,4448.53
8703,20250630,27,17,221,1,1220.37,0,1220.37
8704,20240316,103,4,398,1,5201.47,0,5201.47
8705,20250527,36,16,98,1,682.61,15,580.22
8706,20240301,102,4,92,2,616.26,5,1170.89
8707,20241212,67,25,346,2,4800.44,5,9120.84
8708,20240410,71,12,62,2,3918.6,0,7837.2
8709,20241019,50,2,393,2,3814.05,0,7628.1
8710,20241211,82,19,261,1,3179.41,5,3020.44
8711,20240409,101,9,276,1,1131.31,0,1131.31
8712,20240905,44,14,42,1,4747.67,10,4272.9
8713,20250208,7,5,204,1,4794.43,0,4794.43
8714,20250625,115,21,141,2,2419.05,0,4838.1
8715,20251203,102,15,280,1,616.26,5,585.45
8716,20250628,30,10,228,2,3704.61,0,7409.22
8717,20240331,2,21,380,2,882.35,0,1764.7
8718,20240102,81,18,,4,1242.05,0,4968.2
8719,20240406,28,4,357,1,3988.05,0,3988.05
8720,20241114,81,3,155,2,1242.05,0,2484.1
8721,20241029,40,13,273,1,6858.19,0,6858.19
8722,20241201,73,14,297,3,6348.65,10,17141.35
8723,20240122,120,3,215,1,5078.17,5,4824.26
8724,20240819,32,9,32,1,1604.88,5,1524.64
8725,20240401,86,3,23,1,4002.37,0,4002.37
8726,20250202,110,13,,1,3839.63,5,3647.65
8727,20240418,50,22,285,2,3814.05,10,6865.29
8728,20241114,102,23,70,2,616.26,20,986.02
8729,20250905,67,16,159,2,4800.44,15,8160.75
8730,20240313,66,4,294,1,6204.11,0,6204.11
8731,20241014,33,9,,1,2291.4,0,2291.4
8732,20241112,64,25,43,2,4068.92,10,7324.06
8733,20250223,110,7,207,1,3839.63,5,3647.65
8734,20250819,10,14,,1,3316.3,0,3316.3
8735,20251124,118,10,245,2,5698.72,0,11397.44
8736,20240717,9,20,,1,4835.47,5,4593.7
8737,20250203,55,17,125,2,735.67,0,1471.34
8738,20251215,70,12,295,1,3349.78,0,3349.78
8739,20240913,94,24,336,1,1460.17,10,1314.15
8740,20250507,6,25,188,1,843.99,0,843.99
8741,20240611,107,14,178,1,1952.14,15,1659.32
8742,20241011,13,22,203,1,4729.21,0,4729.21
8743,20241209,59,25,58,4,2020.12,10,7272.43
8744,20240523,5,16,,1,2284.3,5,2170.09
8745,20251210,44,21,291,1,4747.67,0,4747.67
8746,20250308,63,21,96,2,4196.34,15,7133.78
8747,20240705,47,24,71,1,2706.69,0,2706.69
8748,20241223,4,23,122,1,1722.15,15,1463.83
8749,20250913,103,21,133,1,5201.47,10,4681.32
8750,20250303,9,17,390,1,4835.47,5,4593.7
8751,20240714,97,1,105,1,4779.12,0,4779.12
8752,20250829,78,22,277,1,1807.55,0,1807.55
8753,20240506,89,23,,2,4062.25,0,8124.5
8754,20250819,70,19,5,1,3349.78,0,3349.78
8755,20240218,32,16,216,1,1604.88,0,1604.88
8756,20251103,73,22,55,2,6348.65,0,12697.3
8757,20241213,56,11,76,2,7088.96,0,14177.92
8758,20250515,5,22,307,1,2284.3,0,2284.3
8759,20240227,19,22,377,1,3799.68,0,3799.68
8760,20250204,25,13,35,2,659.99,10,1187.98
8761,20240424,67,25,268,1,4800.44,0,4800.44
8762,20250707,25,13,301,3,659.99,0,1979.97
8763,20250226,90,7,228,1,3873.38,0,3873.38
8764,20240309,59,23,95,1,2020.12,5,1919.11
8765,20251128,74,23,345,2,3249.83,5,6174.68
8766,20250929,13,12,363,1,4729.21,5,4492.75
8767,20250706,70,24,,1,3349.78,0,3349.78
8768,20240521,34,11,228,2,1322.31,0,2644.62
8769,20250105,5,18,242,1,2284.3,0,2284.3
8770,20241125,56,6,274,1,7088.96,5,6734.51
8771,20250703,69,22,198,1,2128.62,20,1702.9
8772,20250111,111,1,294,1,1506.58,5,1431.25
8773,20250622,60,2,143,2,4273.1,0,8546.2
8774,20240621,3,4,320,2,2631.02,10,4735.84
8775,20241113,28,18,383,1,3988.05,5,3788.65
8776,20240317,120,10,,1,5078.17,0,5078.17
8777,20250629,56,22,184,2,7088.96,15,12051.23
8778,20240708,28,14,247,3,3988.05,0,11964.15
8779,20250528,85,19,,1,6169.54,10,5552.59
8780,20241113,51,21,128,3,2879.69,0,8639.07
8781,20240305,96,2,305,1,3006.66,20,2405.33
8782,20250131,72,14,236,2,1667.62,5,3168.48
8783,20240228,101,16,2,1,1131.31,0,1131.31
8784,20250807,79,21,325,1,1528.97,10,1376.07
8785,20250527,109,9,215,1,2954.88,0,2954.88
8786,20250811,48,4,,1,2551.26,5,2423.7
8787,20241225,52,24,164,1,2796.94,0,2796.94
8788,20240311,8,24,18,1,3576.07,0,3576.07
8789,20250409,98,19,176,1,850.73,0,850.73
8790,20240226,98,9,38,1,850.73,10,765.66
8791,20250126,88,8,,3,2796.03,5,7968.69
8792,20240609,64,12,96,1,4068.92,0,4068.92
8793,20241122,70,19,288,1,3349.78,5,3182.29
8794,20241124,25,15,,2,659.99,5,1253.98
8795,20251226,51,23,341,1,2879.69,0,2879.69
8796,20240809,20,24,312,1,1915.63,10,1724.07
8797,20240820,83,15,247,3,2689.64,0,8068.92
8798,20250502,79,9,199,2,1528.97,0,3057.94
8799,20240709,36,4,151,1,682.61,0,682.61
8800,20251027,72,20,282,2,1667.62,15,2834.95
8801,20250327,46,16,147,1,4179.48,0,4179.48
8802,20241212,87,24,191,1,2952.23,0,2952.23
8803,20240330,100,23,142,1,4823.15,5,4581.99
8804,20240928,50,18,335,1,3814.05,5,3623.35
8805,20250106,12,13,94,1,1690.47,0,1690.47
8806,20240731,42,4,,1,2401.74,0,2401.74
8807,20240903,34,21,,1,1322.31,15,1123.96
8808,20251112,63,15,209,2,4196.34,5,7973.05
8809,20251105,93,3,10,1,4029.05,0,4029.05
8810,20250325,110,25,92,1,3839.63,15,3263.69
8811,20250304,8,14,259,2,3576.07,5,6794.53
8812,20250324,86,23,374,3,4002.37,20,9605.69
8813,20241204,88,23,,2,2796.03,0,5592.06
8814,20250701,38,13,36,1,1729.74,0,1729.74
8815,20250220,43,3,208,2,3747.63,10,6745.73
8816,20241220,30,3,151,2,3704.61,5,7038.76
8817,20240827,92,17,316,1,2008.22,10,1807.4
8818,20250930,7,18,375,1,4794.43,0,4794.43
8819,20241118,101,4,130,1,1131.31,0,1131.31
8820,20240224,101,4,393,2,1131.31,5,2149.49
8821,20250920,54,15,,4,2808.33,10,10109.99
8822,20241208,48,23,95,1,2551.26,0,2551.26
8823,20240516,34,13,192,1,1322.31,5,1256.19
8824,20250907,47,23,232,3,2706.69,20,6496.06
8825,20240719,118,11,279,1,5698.72,0,5698.72
8826,20240703,21,15,43,1,1209.52,0,1209.52
8827,20240221,8,5,,1,3576.07,0,3576.07
8828,20240202,93,25,131,1,4029.05,5,3827.6
8829,20241206,47,15,127,1,2706.69,5,2571.36
8830,20240602,72,6,311,1,1667.62,0,1667.62
8831,20251109,91,3,325,1,6185.93,0,6185.93
8832,20240925,80,17,301,1,5880.6,0,5880.6
8833,20241005,50,20,386,1,3814.05,0,3814.05
8834,20250409,115,11,388,1,2419.05,0,2419.05
8835,20240419,116,21,28,1,6480.7,0,6480.7
8836,20241102,51,20,179,1,2879.69,20,2303.75
8837,20240130,78,2,15,1,1807.55,0,1807.55
8838,20240722,7,14,218,1,4794.43,5,4554.71
8839,20241205,65,18,303,1,3541.34,0,3541.34
8840,20241001,35,25,125,1,3748.04,5,3560.64
8841,20251201,36,5,22,1,682.61,0,682.61
8842,20241109,75,8,23,1,2266.5,0,2266.5
8843,20240322,19,5,,3,3799.68,0,11399.04
8844,20251102,13,5,260,1,4729.21,0,4729.21
8845,20250605,36,2,56,2,682.61,5,1296.96
8846,20240618,30,16,,2,3704.61,10,6668.3
8847,20250407,64,16,315,1,4068.92,0,4068.92
8848,20240629,21,24,244,1,1209.52,10,1088.57
8849,20250420,66,24,83,1,6204.11,20,4963.29
8850,20250628,40,14,326,1,6858.19,10,6172.37
8851,20240801,18,7,279,3,5185.3,10,14000.31
8852,20240920,32,15,247,1,1604.88,5,1524.64
8853,20250715,44,18,318,1,4747.67,5,4510.29
8854,20241215,78,20,77,1,1807.55,0,1807.55
8855,20240519,88,22,77,1,2796.03,20,2236.82
8856,20250528,65,20,377,1,3541.34,5,3364.27
8857,20240122,62,18,57,1,978.5,10,880.65
8858,20241203,60,1,231,3,4273.1,0,12819.3
8859,20250926,91,22,369,1,6185.93,5,5876.63
8860,20241103,33,23,154,2,2291.4,15,3895.38
8861,20241129,84,20,36,1,4822.61,10,4340.35
8862,20250117,104,25,213,2,6527.04,10,11748.67
8863,20240803,15,22,,1,4621.37,0,4621.37
8864,20241029,41,20,220,2,5693.66,5,10817.95
8865,20241013,55,17,263,1,735.67,0,735.67
8866,20240113,103,19,,2,5201.47,5,9882.79
8867,20241219,65,23,194,1,3541.34,0,3541.34
8868,20250429,45,2,252,1,1364.28,5,1296.07
8869,20250202,40,6,4,1,6858.19,0,6858.19
8870,20250325,105,6,265,3,2890.92,0,8672.76
8871,20250515,32,14,378,2,1604.88,5,3049.27
8872,20241110,73,16,,1,6348.65,10,5713.78
8873,20250815,91,20,,2,6185.93,5,11753.27
8874,20250730,106,13,137,1,717.87,5,681.98
8875,20251229,31,12,97,1,7243.85,10,6519.47
8876,20240625,10,3,261,1,3316.3,5,3150.49
8877,20240105,6,18,92,1,843.99,0,843.99
8878,20240829,17,24,278,1,1735.19,5,1648.43
8879,20250102,50,25,,1,3814.05,0,3814.05
8880,20250310,50,3,60,2,3814.05,0,7628.1
8881,20240404,37,16,93,1,3761.37,0,3761.37
8882,20241226,115,19,52,2,2419.05,15,4112.39
8883,20240715,73,2,215,1,6348.65,5,6031.22
8884,20250611,68,21,187,1,1648.1,0,1648.1
8885,20240209,24,15,101,1,3205.37,0,3205.37
8886,20241222,7,5,175,1,4794.43,10,4314.99
8887,20240723,17,24,32,3,1735.19,5,4945.29
8888,20241223,20,9,339,4,1915.63,0,7662.52
8889,20240920,100,25,161,1,4823.15,0,4823.15
8890,20250703,54,13,396,1,2808.33,5,2667.91
8891,20251229,33,14,62,1,2291.4,5,2176.83
8892,20241108,2,1,,3,882.35,0,2647.05
8893,20251215,15,7,228,1,4621.37,0,4621.37
8894,20241004,63,24,,2,4196.34,0,8392.68
8895,20240701,25,6,371,3,659.99,5,1880.97
8896,20251207,29,8,400,2,1567.62,0,3135.24
8897,20240524,112,7,138,1,1434.74,0,1434.74
8898,20241009,16,16,189,1,4330.21,20,3464.17
8899,20250323,11,2,26,1,5902.88,15,5017.45
8900,20250904,12,4,196,1,1690.47,5,1605.95
8901,20250526,78,25,111,1,1807.55,0,1807.55
8902,20241104,66,22,147,1,6204.11,0,6204.11
8903,20250825,83,22,116,1,2689.64,0,2689.64
8904,20251217,45,21,270,1,1364.28,0,1364.28
8905,20250507,48,16,236,1,2551.26,15,2168.57
8906,20240805,15,17,115,2,4621.37,5,8780.6
8907,20240716,63,2,276,1,4196.34,0,4196.34
8908,20250702,120,21,54,1,5078.17,5,4824.26
8909,20240330,32,17,347,1,1604.88,0,1604.88
8910,20241112,23,20,207,2,5336.87,20,8538.99
8911,20250409,6,3,230,1,843.99,10,759.59
8912,20250513,85,2,,1,6169.54,0,6169.54
8913,20240215,45,10,290,1,1364.28,0,1364.28
8914,20250814,30,3,274,1,3704.61,0,3704.61
8915,20251024,83,16,215,2,2689.64,15,4572.39
8916,20250904,78,23,1,1,1807.55,0,1807.55
8917,20240428,65,14,199,1,3541.34,20,2833.07
8918,20250128,52,4,,2,2796.94,5,5314.19
8919,20250717,74,5,362,1,3249.83,0,3249.83
8920,20250529,56,10,288,2,7088.96,0,14177.92
8921,20250519,42,8,354,1,2401.74,0,2401.74
8922,20240925,75,5,303,1,2266.5,5,2153.17
8923,20250612,88,13,244,1,2796.03,0,2796.03
8924,20250318,28,9,338,1,3988.05,5,3788.65
8925,20250126,120,9,87,1,5078.17,0,5078.17
8926,20250804,115,25,79,1,2419.05,0,2419.05
8927,20240903,7,1,180,1,4794.43,5,4554.71
8928,20251225,71,25,208,1,3918.6,20,3134.88
8929,20240917,96,10,369,2,3006.66,0,6013.32
8930,20250614,45,8,286,3,1364.28,0,4092.84
8931,20240328,115,20,96,1,2419.05,20,1935.24
8932,20250408,109,15,108,1,2954.88,0,2954.88
8933,20251203,81,7,257,1,1242.05,5,1179.95
8934,20250130,85,16,,4,6169.54,0,24678.16
8935,20240406,16,1,23,1,4330.21,20,3464.17
8936,20250518,112,8,256,1,1434.74,0,1434.74
8937,20240924,14,16,34,1,4823.13,5,4581.97
8938,20240106,3,2,,1,2631.02,10,2367.92
8939,20240821,31,2,352,1,7243.85,5,6881.66
8940,20241009,106,18,131,3,717.87,0,2153.61
8941,20240910,107,25,83,1,1952.14,5,1854.53
8942,20250725,111,24,298,1,1506.58,10,1355.92
8943,20240530,35,10,230,2,3748.04,20,5996.86
8944,20241126,49,3,380,2,3974.14,0,7948.28
8945,20250728,74,4,353,1,3249.83,5,3087.34
8946,20240719,27,13,318,2,1220.37,0,2440.74
8947,20240215,120,21,54,1,5078.17,0,5078.17
8948,20251205,16,20,345,1,4330.21,0,4330.21
8949,20250607,101,8,268,2,1131.31,10,2036.36
8950,20250119,45,14,241,1,1364.28,10,1227.85
8951,20250817,49,18,70,1,3974.14,0,3974.14
8952,20250923,75,4,294,2,2266.5,15,3853.05
8953,20250413,112,15,346,2,1434.74,10,2582.53
8954,20250310,90,13,152,3,3873.38,5,11039.13
8955,20250115,108,20,340,3,3374.55,5,9617.47
8956,20250420,63,14,355,1,4196.34,10,3776.71
8957,20250603,3,2,163,1,2631.02,10,2367.92
8958,20250621,18,7,128,2,5185.3,0,10370.6
8959,20240817,73,8,396,1,6348.65,0,6348.65
8960,20251111,93,6,288,1,4029.05,10,3626.15
8961,20250404,7,15,279,3,4794.43,0,14383.29
8962,20250216,1,24,185,1,1005.84,20,804.67
8963,20240803,18,3,2,1,5185.3,0,5185.3
8964,20250325,88,18,322,1,2796.03,15,2376.63
8965,20240617,92,25,81,1,2008.22,10,1807.4
8966,20241207,100,25,256,1,4823.15,10,4340.84
8967,20240226,66,17,256,2,6204.11,0,12408.22
8968,20250904,94,19,356,1,1460.17,10,1314.15
8969,20240111,54,5,340,1,2808.33,0,2808.33
8970,20241015,29,25,320,1,1567.62,10,1410.86
8971,20241113,115,15,,1,2419.05,15,2056.19
8972,20250708,96,13,58,2,3006.66,10,5411.99
8973,20240611,38,20,162,2,1729.74,0,3459.48
8974,20240919,26,14,371,2,1355.83,20,2169.33
8975,20240913,14,14,324,1,4823.13,5,4581.97
8976,20250205,59,6,259,1,2020.12,0,2020.12
8977,20251111,64,2,,2,4068.92,0,8137.84
8978,20240413,48,13,32,1,2551.26,10,2296.13
8979,20240319,66,15,57,1,6204.11,10,5583.7
8980,20250916,74,20,24,1,3249.83,0,3249.83
8981,20250612,111,20,343,4,1506.58,0,6026.32
8982,20240321,32,4,299,1,1604.88,0,1604.88
8983,20240205,25,10,325,1,659.99,0,659.99
8984,20240402,62,23,46,1,978.5,10,880.65
8985,20241219,47,10,94,3,2706.69,10,7308.06
8986,20241214,47,19,,2,2706.69,10,4872.04
8987,20250926,12,12,208,1,1690.47,5,1605.95
8988,20250126,26,8,367,1,1355.83,0,1355.83
8989,20240120,7,15,135,1,4794.43,0,4794.43
8990,20241120,109,21,,4,2954.88,0,11819.52
8991,20250109,30,13,11,2,3704.61,5,7038.76
8992,20250920,55,21,246,1,735.67,5,698.89
8993,20240731,34,3,176,1,1322.31,15,1123.96
8994,20241009,71,14,299,1,3918.6,10,3526.74
8995,20240809,45,1,343,1,1364.28,20,1091.42
8996,20240318,107,17,194,3,1952.14,5,5563.6
8997,20250907,92,9,207,1,2008.22,10,1807.4
8998,20240728,19,15,,1,3799.68,5,3609.7
8999,20250819,14,6,399,1,4823.13,10,4340.82
9000,20250612,34,25,14,2,1322.31,5,2512.39
9001,20250812,103,6,186,1,5201.47,5,4941.4
9002,20250127,110,7,347,2,3839.63,0,7679.26
9003,20240906,105,13,299,4,2890.92,0,11563.68
9004,20250719,55,12,62,1,735.67,5,698.89
9005,20250914,22,23,294,2,6438.69,0,12877.38
9006,20240804,1,1,123,2,1005.84,0,2011.68
9007,20240804,117,21,138,1,5631.66,0,5631.66
9008,20250807,12,16,63,1,1690.47,5,1605.95
9009,20240109,63,20,49,1,4196.34,5,3986.52
9010,20240601,31,8,361,1,7243.85,0,7243.85
9011,20240802,47,7,,1,2706.69,0,2706.69
9012,20240620,92,25,236,2,2008.22,5,3815.62
9013,20241228,90,21,,1,3873.38,15,3292.37
9014,20251209,4,19,137,2,1722.15,5,3272.09
9015,20240402,97,14,273,1,4779.12,0,4779.12
9016,20240320,69,21,147,1,2128.62,0,2128.62
9017,20240409,52,7,307,1,2796.94,0,2796.94
9018,20250317,110,21,357,3,3839.63,15,9791.06
9019,20251016,83,15,73,4,2689.64,0,10758.56
9020,20240522,18,9,222,1,5185.3,20,4148.24
9021,20250723,93,7,383,1,4029.05,0,4029.05
9022,20240416,38,11,267,2,1729.74,15,2940.56
9023,20250708,36,16,4,1,682.61,0,682.61
9024,20251214,12,15,110,1,1690.47,0,1690.47
9025,20241218,59,19,375,1,2020.12,5,1919.11
9026,20240705,97,12,297,1,4779.12,0,4779.12
9027,20241102,107,9,387,1,1952.14,5,1854.53
9028,20240501,74,19,3,2,3249.83,5,6174.68
9029,20250910,58,16,136,1,5200.5,5,4940.47
9030,20240503,96,11,15,3,3006.66,0,9019.98
9031,20241220,102,23,,2,616.26,15,1047.64
9032,20240710,4,10,230,1,1722.15,0,1722.15
9033,20250919,111,10,244,1,1506.58,0,1506.58
9034,20250821,17,14,89,3,1735.19,15,4424.73
9035,20251202,87,8,,2,2952.23,0,5904.46
9036,20240222,111,18,261,1,1506.58,5,1431.25
9037,20251018,65,1,264,2,3541.34,0,7082.68
9038,20240206,75,5,321,1,2266.5,5,2153.17
9039,20250830,36,25,326,1,682.61,0,682.61
9040,20250801,11,7,,1,5902.88,10,5312.59
9041,20250817,17,19,298,1,1735.19,0,1735.19
9042,20240124,2,22,87,1,882.35,5,838.23
9043,20240519,109,12,293,4,2954.88,5,11228.54
9044,20250608,116,17,314,1,6480.7,5,6156.66
9045,20240913,119,7,18,1,2956.72,10,2661.05
9046,20241102,7,18,,1,4794.43,0,4794.43
9047,20240202,2,8,274,1,882.35,0,882.35
9048,20241221,7,13,76,1,4794.43,0,4794.43
9049,20250606,115,18,190,2,2419.05,0,4838.1
9050,20251121,7,18,184,1,4794.43,0,4794.43
9051,20251023,111,17,197,3,1506.58,0,4519.74
9052,20250809,75,20,354,1,2266.5,0,2266.5
9053,20240422,14,25,192,4,4823.13,15,16398.64
9054,20240828,52,10,257,2,2796.94,0,5593.88
9055,20240508,90,12,340,2,3873.38,10,6972.08
9056,20240529,41,20,260,1,5693.66,5,5408.98
9057,20241002,98,8,289,3,850.73,5,2424.58
9058,20250707,118,22,252,1,5698.72,0,5698.72
9059,20251103,111,6,375,2,1506.58,5,2862.5
9060,20241213,87,20,305,2,2952.23,0,5904.46
9061,20250511,11,19,344,2,5902.88,0,11805.76
9062,20240215,60,3,43,2,4273.1,5,8118.89
9063,20240218,30,12,206,2,3704.61,15,6297.84
9064,20251001,20,4,241,1,1915.63,0,1915.63
9065,20241212,97,21,,1,4779.12,20,3823.3
9066,20250710,83,14,57,4,2689.64,5,10220.63
9067,20251113,29,18,193,1,1567.62,0,1567.62
9068,20240529,110,4,357,1,3839.63,0,3839.63
9069,20241212,79,9,59,1,1528.97,5,1452.52
9070,20250130,42,22,61,1,2401.74,0,2401.74
9071,20251031,50,14,62,1,3814.05,0,3814.05
9072,20250406,116,9,,2,6480.7,0,12961.4
9073,20240405,73,18,,1,6348.65,0,6348.65
9074,20250223,32,18,141,2,1604.88,0,3209.76
9075,20250128,45,25,292,2,1364.28,0,2728.56
9076,20251113,66,20,257,1,6204.11,5,5893.9
9077,20250527,84,22,167,1,4822.61,0,4822.61
9078,20240425,45,10,206,1,1364.28,15,1159.64
9079,20240211,115,21,139,1,2419.05,5,2298.1
9080,20250630,77,7,,4,5233.57,5,19887.57
9081,20240220,68,2,36,1,1648.1,0,1648.1
9082,20250823,42,13,48,1,2401.74,5,2281.65
9083,20240711,120,7,,1,5078.17,20,4062.54
9084,20240621,50,13,391,3,3814.05,5,10870.04
9085,20251225,7,15,173,1,4794.43,5,4554.71
9086,20240128,84,14,265,1,4822.61,0,4822.61
9087,20240422,8,19,320,1,3576.07,0,3576.07
9088,20241129,78,6,14,1,1807.55,0,1807.55
9089,20250525,38,19,354,1,1729.74,0,1729.74
9090,20250831,25,3,375,1,659.99,5,626.99
9091,20241206,33,19,131,3,2291.4,20,5499.36
9092,20240418,102,5,211,1,616.26,0,616.26
9093,20240507,1,16,323,2,1005.84,15,1709.93
9094,20251222,81,22,31,1,1242.05,0,1242.05
9095,20251005,105,7,,1,2890.92,0,2890.92
9096,20250420,95,14,368,1,3960.41,0,3960.41
9097,20250627,70,4,,2,3349.78,10,6029.6
9098,20251027,15,6,238,1,4621.37,15,3928.16
9099,20240407,70,1,258,2,3349.78,0,6699.56
9100,20240926,50,15,359,2,3814.05,0,7628.1
9101,20240917,112,22,177,1,1434.74,15,1219.53
9102,20241119,64,3,132,1,4068.92,0,4068.92
9103,20241104,103,15,181,1,5201.47,0,5201.47
9104,20240917,74,20,,2,3249.83,20,5199.73
9105,20251106,91,9,,2,6185.93,20,9897.49
9106,20241208,39,21,293,1,3883.73,5,3689.54
9107,20250118,19,4,127,1,3799.68,10,3419.71
9108,20250412,105,25,380,1,2890.92,5,2746.37
9109,20251120,7,15,200,2,4794.43,0,9588.86
9110,20251219,20,9,94,1,1915.63,10,1724.07
9111,20240416,108,25,302,1,3374.55,0,3374.55
9112,20241221,101,18,,4,1131.31,0,4525.24
9113,20240229,102,16,120,1,616.26,0,616.26
9114,20251122,103,20,262,1,5201.47,0,5201.47
9115,20240522,19,15,398,1,3799.68,0,3799.68
9116,20250913,83,8,215,1,2689.64,0,2689.64
9117,20251006,58,6,176,1,5200.5,0,5200.5
9118,20240727,17,14,,1,1735.19,10,1561.67
9119,20240519,106,15,3,1,717.87,20,574.3
9120,20250718,17,7,397,2,1735.19,5,3296.86
9121,20240228,7,6,351,1,4794.43,0,4794.43
9122,20250212,61,24,400,1,5731.62,0,5731.62
9123,20250116,29,8,40,1,1567.62,0,1567.62
9124,20250603,29,11,91,3,1567.62,15,3997.43
9125,20250722,113,15,352,1,4385.13,0,4385.13
9126,20250709,120,8,148,1,5078.17,0,5078.17
9127,20240602,106,23,301,1,717.87,0,717.87
9128,20250617,60,25,,1,4273.1,5,4059.45
9129,20240802,92,2,68,1,2008.22,0,2008.22
9130,20250719,92,17,,1,2008.22,0,2008.22
9131,20240326,107,23,172,1,1952.14,0,1952.14
9132,20251120,12,5,386,1,1690.47,0,1690.47
9133,20250711,70,7,355,1,3349.78,0,3349.78
9134,20251029,10,16,38,1,3316.3,0,3316.3
9135,20251215,91,11,243,2,6185.93,5,11753.27
9136,20250818,97,23,177,1,4779.12,0,4779.12
9137,20240415,14,16,70,1,4823.13,0,4823.13
9138,20250110,89,16,63,1,4062.25,20,3249.8
9139,20241214,49,12,317,2,3974.14,0,7948.28
9140,20240106,7,5,92,1,4794.43,20,3835.54
9141,20250405,12,13,160,1,1690.47,0,1690.47
9142,20240716,95,23,44,2,3960.41,5,7524.78
9143,20250407,81,24,34,1,1242.05,0,1242.05
9144,20250920,21,15,5,2,1209.52,20,1935.23
9145,20251128,75,7,216,2,2266.5,0,4533.0
9146,20240919,17,2,366,1,1735.19,0,1735.19
9147,20240405,64,25,126,1,4068.92,0,4068.92
9148,20250919,112,4,,1,1434.74,0,1434.74
9149,20240206,7,11,24,1,4794.43,0,4794.43
9150,20250131,116,14,206,2,6480.7,0,12961.4
9151,20240724,71,20,242,1,3918.6,0,3918.6
9152,20250415,99,23,118,2,4915.0,15,8355.5
9153,20250906,2,6,110,1,882.35,0,882.35
9154,20250710,70,1,210,1,3349.78,5,3182.29
9155,20250322,46,15,205,1,4179.48,0,4179.48
9156,20241226,77,6,52,1,5233.57,0,5233.57
9157,20240315,22,21,176,1,6438.69,0,6438.69
9158,20240924,75,23,34,3,2266.5,0,6799.5
9159,20250605,34,22,279,1,1322.31,0,1322.31
9160,20240610,19,6,366,1,3799.68,0,3799.68
9161,20250809,103,10,342,2,5201.47,0,10402.94
9162,20250621,46,22,318,2,4179.48,5,7941.01
9163,20241104,43,3,91,1,3747.63,0,3747.63
9164,20240523,80,24,132,1,5880.6,5,5586.57
9165,20250506,9,8,297,1,4835.47,0,4835.47
9166,20250701,17,15,145,1,1735.19,0,1735.19
9167,20240515,28,24,166,1,3988.05,5,3788.65
9168,20251014,118,5,371,1,5698.72,0,5698.72
9169,20240731,57,6,6,2,3796.83,10,6834.29
9170,20250327,82,22,318,3,3179.41,0,9538.23
9171,20240128,31,20,110,1,7243.85,5,6881.66
9172,20240613,7,23,109,1,4794.43,10,4314.99
9173,20240330,98,22,299,3,850.73,0,2552.19
9174,20240610,67,22,43,1,4800.44,5,4560.42
9175,20241124,2,15,257,1,882.35,5,838.23
9176,20241125,44,1,201,1,4747.67,0,4747.67
9177,20251202,12,9,236,3,1690.47,0,5071.41
9178,20251011,53,6,,3,1453.18,5,4141.56
9179,20250206,119,6,367,1,2956.72,0,2956.72
9180,20250601,107,4,157,1,1952.14,0,1952.14
9181,20241225,11,23,138,1,5902.88,0,5902.88
9182,20240727,84,2,,1,4822.61,5,4581.48
9183,20240906,70,9,146,1,3349.78,0,3349.78
9184,20240508,84,5,316,4,4822.61,10,17361.4
9185,20251024,65,10,105,1,3541.34,20,2833.07
9186,20250101,113,20,284,1,4385.13,5,4165.87
9187,20240827,4,19,335,3,1722.15,0,5166.45
9188,20240210,22,23,159,2,6438.69,10,11589.64
9189,20250312,53,19,349,1,1453.18,0,1453.18
9190,20251214,71,6,194,2,3918.6,0,7837.2
9191,20240302,88,1,307,3,2796.03,5,7968.69
9192,20250514,29,11,151,1,1567.62,0,1567.62
9193,20250109,86,20,10,2,4002.37,0,8004.74
9194,20240810,47,11,27,1,2706.69,0,2706.69
9195,20240915,88,7,133,1,2796.03,5,2656.23
9196,20250421,8,14,169,3,3576.07,0,10728.21
9197,20240124,27,21,,1,1220.37,0,1220.37
9198,20240316,80,24,170,3,5880.6,10,15877.62
9199,20250520,24,1,178,1,3205.37,20,2564.3
9200,20240615,13,13,377,2,4729.21,15,8039.66
9201,20250718,108,11,181,1,3374.55,0,3374.55
9202,20250902,37,12,,3,3761.37,10,10155.7
9203,20250205,7,15,287,1,4794.43,10,4314.99
9204,20250813,26,19,374,2,1355.83,5,2576.08
9205,20250726,94,23,199,1,1460.17,0,1460.17
9206,20240410,4,13,175,3,1722.15,15,4391.48
9207,20240703,68,12,160,2,1648.1,0,3296.2
9208,20240627,85,7,218,1,6169.54,0,6169.54
9209,20240407,56,8,10,1,7088.96,0,7088.96
9210,20240923,91,5,24,2,6185.93,5,11753.27
9211,20251014,110,12,,1,3839.63,0,3839.63
9212,20240105,114,15,117,1,3973.22,0,3973.22
9213,20250728,66,3,,1,6204.11,0,6204.11
9214,20240412,45,25,380,1,1364.28,0,1364.28
9215,20241030,72,25,145,1,1667.62,0,1667.62
9216,20241110,64,4,349,1,4068.92,10,3662.03
9217,20250614,60,16,389,1,4273.1,10,3845.79
9218,20241127,90,13,83,1,3873.38,0,3873.38
9219,20251023,26,15,299,1,1355.83,0,1355.83
9220,20250721,68,10,158,1,1648.1,10,1483.29
9221,20251207,31,8,,1,7243.85,20,5795.08
9222,20250818,40,16,306,1,6858.19,0,6858.19
9223,20241117,84,19,257,1,4822.61,0,4822.61
9224,20250124,63,15,222,1,4196.34,10,3776.71
9225,20241013,118,14,391,3,5698.72,5,16241.35
9226,20250305,27,22,194,1,1220.37,0,1220.37
9227,20251030,91,4,,1,6185.93,0,6185.93
9228,20250824,104,12,71,1,6527.04,15,5547.98
9229,20240430,56,17,252,1,7088.96,0,7088.96
9230,20251015,32,9,105,1,1604.88,0,1604.88
9231,20240505,110,3,,1,3839.63,10,3455.67
9232,20250724,67,7,138,1,4800.44,10,4320.4
9233,20241003,10,2,,2,3316.3,0,6632.6
9234,20240324,83,15,240,1,2689.64,5,2555.16
9235,20241116,88,16,50,4,2796.03,10,10065.71
9236,20241007,114,5,257,1,3973.22,5,3774.56
9237,20240625,33,11,276,1,2291.4,10,2062.26
9238,20250504,96,1,13,2,3006.66,0,6013.32
9239,20240703,60,17,186,1,4273.1,5,4059.45
9240,20250223,89,10,141,1,4062.25,0,4062.25
9241,20250417,8,6,56,1,3576.07,10,3218.46
9242,20251108,38,13,311,1,1729.74,15,1470.28
9243,20240102,62,25,293,1,978.5,0,978.5
9244,20240829,90,4,268,1,3873.38,20,3098.7
9245,20250604,113,14,124,1,4385.13,20,3508.1
9246,20241010,45,8,185,2,1364.28,0,2728.56
9247,20240625,73,21,,1,6348.65,0,6348.65
9248,20241125,50,23,257,1,3814.05,0,3814.05
9249,20241106,36,1,79,1,682.61,0,682.61
9250,20251209,17,22,368,3,1735.19,5,4945.29
9251,20241030,14,22,151,2,4823.13,0,9646.26
9252,20240226,34,10,42,1,1322.31,15,1123.96
9253,20251010,78,6,327,1,1807.55,10,1626.8
9254,20240122,115,18,67,1,2419.05,0,2419.05
9255,20240112,88,1,,1,2796.03,5,2656.23
9256,20250703,2,14,375,2,882.35,0,1764.7
9257,20241001,55,11,104,1,735.67,0,735.67
9258,20240704,22,4,281,1,6438.69,5,6116.76
9259,20240728,102,11,112,2,616.26,15,1047.64
9260,20240602,30,6,116,1,3704.61,0,3704.61
9261,20240314,116,25,30,1,6480.7,5,6156.66
9262,20251021,86,3,279,1,4002.37,5,3802.25
9263,20250708,86,6,85,1,4002.37,20,3201.9
9264,20240509,23,17,155,1,5336.87,10,4803.18
9265,20250208,16,20,228,1,4330.21,0,4330.21
9266,20240406,99,17,76,3,4915.0,15,12533.25
9267,20240902,83,8,386,1,2689.64,5,2555.16
9268,20251128,110,6,,1,3839.63,5,3647.65
9269,20241105,33,15,245,1,2291.4,0,2291.4
9270,20240927,67,20,327,1,4800.44,0,4800.44
9271,20240926,99,9,90,1,4915.0,5,4669.25
9272,20250408,26,2,130,1,1355.83,10,1220.25
9273,20251025,7,17,225,2,4794.43,10,8629.97
9274,20240528,94,2,27,1,1460.17,0,1460.17
9275,20251025,101,18,328,3,1131.31,0,3393.93
9276,20250321,96,22,390,1,3006.66,0,3006.66
9277,20250818,67,15,48,2,4800.44,15,8160.75
9278,20241120,60,8,171,4,4273.1,0,17092.4
9279,20250525,99,19,95,1,4915.0,5,4669.25
9280,20250829,118,10,29,1,5698.72,5,5413.78
9281,20241023,87,15,54,3,2952.23,0,8856.69
9282,20250621,16,5,23,1,4330.21,5,4113.7
9283,20240607,36,18,,1,682.61,5,648.48
9284,20240611,21,9,387,1,1209.52,0,1209.52
9285,20250405,92,8,229,1,2008.22,0,2008.22
9286,20251210,107,1,,1,1952.14,5,1854.53
9287,20241206,89,13,151,1,4062.25,0,4062.25
9288,20240214,114,14,156,2,3973.22,0,7946.44
9289,20250911,102,20,289,4,616.26,10,2218.54
9290,20250517,16,23,322,1,4330.21,15,3680.68
9291,20251229,66,2,85,4,6204.11,20,19853.15
9292,20250812,109,5,347,2,2954.88,20,4727.81
9293,20240110,72,7,62,2,1667.62,0,3335.24
9294,20240503,100,11,351,1,4823.15,10,4340.84
9295,20250923,81,7,,2,1242.05,0,2484.1
9296,20240111,25,25,106,1,659.99,15,560.99
9297,20250327,95,8,365,1,3960.41,10,3564.37
9298,20240130,102,25,264,1,616.26,20,493.01
9299,20250712,14,25,256,2,4823.13,5,9163.95
9300,20250802,60,8,91,1,4273.1,0,4273.1
9301,20250507,68,2,74,3,1648.1,0,4944.3
9302,20251218,85,19,203,1,6169.54,5,5861.06
9303,20251006,5,14,142,3,2284.3,10,6167.61
9304,20250729,54,7,394,1,2808.33,0,2808.33
9305,20250131,75,3,387,1,2266.5,0,2266.5
9306,20240210,60,21,314,3,4273.1,5,12178.34
9307,20240919,35,9,62,1,3748.04,0,3748.04
9308,20240418,44,9,226,2,4747.67,0,9495.34
9309,20241208,114,15,378,1,3973.22,0,3973.22
9310,20240217,68,16,258,1,1648.1,10,1483.29
9311,20240117,17,6,244,3,1735.19,15,4424.73
9312,20240703,63,23,191,1,4196.34,5,3986.52
9313,20240621,63,25,342,1,4196.34,0,4196.34
9314,20240503,90,9,35,2,3873.38,0,7746.76
9315,20240827,70,6,225,2,3349.78,10,6029.6
9316,20250325,17,15,57,1,1735.19,0,1735.19
9317,20241008,53,1,360,3,1453.18,20,3487.63
9318,20241205,82,15,389,2,3179.41,5,6040.88
9319,20250705,30,9,274,3,3704.61,10,10002.45
9320,20250901,65,16,,1,3541.34,10,3187.21
9321,20250214,101,6,290,1,1131.31,0,1131.31
9322,20240716,50,25,,1,3814.05,10,3432.65
9323,20240103,118,18,44,2,5698.72,0,11397.44
9324,20250508,109,23,122,4,2954.88,0,11819.52
9325,20250614,107,6,105,1,1952.14,0,1952.14
9326,20250823,70,16,25,1,3349.78,0,3349.78
9327,20241121,8,24,320,1,3576.07,5,3397.27
9328,20240602,21,16,133,1,1209.52,15,1028.09
9329,20240928,85,23,146,2,6169.54,15,10488.22
9330,20240613,57,17,364,1,3796.83,0,3796.83
9331,20241016,103,15,374,1,5201.47,15,4421.25
9332,20240318,59,10,,3,2020.12,5,5757.34
9333,20250405,73,25,134,1,6348.65,0,6348.65
9334,20250119,16,7,312,4,4330.21,10,15588.76
9335,20240714,58,13,,1,5200.5,0,5200.5
9336,20250911,110,7,279,1,3839.63,10,3455.67
9337,20250520,73,1,91,1,6348.65,0,6348.65
9338,20240325,21,13,366,2,1209.52,0,2419.04
9339,20250320,62,3,,3,978.5,0,2935.5
9340,20240623,91,11,377,1,6185.93,0,6185.93
9341,20241120,54,5,396,1,2808.33,0,2808.33
9342,20240823,63,22,278,1,4196.34,15,3566.89
9343,20240917,4,24,86,1,1722.15,5,1636.04
9344,20240229,6,9,24,1,843.99,0,843.99
9345,20240609,65,25,79,1,3541.34,15,3010.14
9346,20250210,85,14,339,1,6169.54,0,6169.54
9347,20240716,13,16,382,1,4729.21,5,4492.75
9348,20240809,113,16,110,1,4385.13,15,3727.36
9349,20251129,69,9,156,2,2128.62,0,4257.24
9350,20250901,95,13,315,2,3960.41,20,6336.66
9351,20250723,38,11,,1,1729.74,0,1729.74
9352,20241005,80,24,128,2,5880.6,0,11761.2
9353,20250806,34,2,207,1,1322.31,10,1190.08
9354,20241221,82,19,356,1,3179.41,15,2702.5
9355,20240411,7,15,90,1,4794.43,5,4554.71
9356,20250914,80,16,174,1,5880.6,5,5586.57
9357,20251224,42,2,90,1,2401.74,0,2401.74
9358,20240430,85,6,95,3,6169.54,0,18508.62
9359,20241002,113,10,292,2,4385.13,15,7454.72
9360,20251002,2,8,232,1,882.35,0,882.35
9361,20241204,33,14,226,1,2291.4,5,2176.83
9362,20250328,86,16,289,1,4002.37,0,4002.37
9363,20240323,53,7,206,1,1453.18,0,1453.18
9364,20250509,80,10,,1,5880.6,10,5292.54
9365,20240209,59,7,70,1,2020.12,20,1616.1
9366,20240424,64,13,8,1,4068.92,0,4068.92
9367,20251011,86,25,129,1,4002.37,5,3802.25
9368,20250901,11,20,171,1,5902.88,10,5312.59
9369,20250619,36,18,328,1,682.61,0,682.61
9370,20240509,69,8,366,1,2128.62,5,2022.19
9371,20240518,108,19,183,3,3374.55,0,10123.65
9372,20250514,99,10,262,1,4915.0,0,4915.0
9373,20250928,32,18,180,1,1604.88,0,1604.88
9374,20240204,61,1,135,1,5731.62,5,5445.04
9375,20240417,63,12,42,1,4196.34,0,4196.34
9376,20240308,113,2,135,1,4385.13,0,4385.13
9377,20251022,10,25,229,1,3316.3,20,2653.04
9378,20240416,99,6,26,1,4915.0,5,4669.25
9379,20250911,63,12,259,2,4196.34,0,8392.68
9380,20250429,76,20,276,3,5042.37,10,13614.4
9381,20250312,92,14,23,1,2008.22,0,2008.22
9382,20240417,74,18,260,1,3249.83,0,3249.83
9383,20241106,91,16,93,1,6185.93,5,5876.63
9384,20250605,98,11,237,1,850.73,0,850.73
9385,20251129,60,1,267,2,4273.1,10,7691.58
9386,20241213,71,24,98,1,3918.6,10,3526.74
9387,20250228,37,25,119,3,3761.37,10,10155.7
9388,20251223,47,10,,3,2706.69,5,7714.07
9389,20241125,55,12,233,1,735.67,0,735.67
9390,20251019,45,13,206,2,1364.28,5,2592.13
9391,20250704,11,18,,1,5902.88,0,5902.88
9392,20250824,20,1,,1,1915.63,0,1915.63
9393,20240414,55,24,143,3,735.67,15,1875.96
9394,20240210,52,22,159,1,2796.94,0,2796.94
9395,20240613,31,16,356,2,7243.85,0,14487.7
9396,20250617,26,24,117,1,1355.83,0,1355.83
9397,20240911,84,5,147,1,4822.61,15,4099.22
9398,20251203,22,17,323,1,6438.69,0,6438.69
9399,20250207,55,14,133,1,735.67,0,735.67
9400,20251215,99,3,,1,4915.0,0,4915.0
9401,20250703,120,3,,1,5078.17,15,4316.44
9402,20250304,52,14,239,1,2796.94,0,2796.94
9403,20250607,106,13,158,1,717.87,15,610.19
9404,20250817,115,3,74,3,2419.05,5,6894.29
9405,20250227,45,1,375,1,1364.28,0,1364.28
9406,20240614,46,2,79,1,4179.48,15,3552.56
9407,20240429,47,7,234,1,2706.69,5,2571.36
9408,20240609,62,3,238,2,978.5,5,1859.15
9409,20240429,49,6,311,2,3974.14,0,7948.28
9410,20250627,4,4,25,2,1722.15,0,3444.3
9411,20251129,6,4,387,3,843.99,0,2531.97
9412,20250209,3,18,287,3,2631.02,0,7893.06
9413,20240429,63,24,234,1,4196.34,10,3776.71
9414,20240726,13,5,114,1,4729.21,0,4729.21
9415,20251129,29,9,194,1,1567.62,10,1410.86
9416,20241020,10,21,,2,3316.3,5,6300.97
9417,20250408,45,4,195,1,1364.28,5,1296.07
9418,20250222,89,13,296,1,4062.25,15,3452.91
9419,20240713,79,23,99,3,1528.97,0,4586.91
9420,20250625,51,2,270,1,2879.69,5,2735.71
9421,20250227,28,12,183,1,3988.05,20,3190.44
9422,20240310,19,3,344,2,3799.68,10,6839.42
9423,20240925,119,22,302,1,2956.72,0,2956.72
9424,20241210,74,12,4,1,3249.83,5,3087.34
9425,20250108,35,19,30,1,3748.04,20,2998.43
9426,20241023,33,12,301,1,2291.4,0,2291.4
9427,20240531,99,3,,1,4915.0,10,4423.5
9428,20250531,70,22,324,1,3349.78,0,3349.78
9429,20251012,55,1,68,1,735.67,20,588.54
9430,20240411,103,1,,1,5201.47,0,5201.47
9431,20250427,46,5,,2,4179.48,0,8358.96
9432,20250718,56,11,178,1,7088.96,0,7088.96
9433,20250319,91,17,73,1,6185.93,5,5876.63
9434,20251020,42,9,49,1,2401.74,0,2401.74
9435,20250126,64,7,74,1,4068.92,5,3865.47
9436,20251022,53,25,17,1,1453.18,0,1453.18
9437,20250124,33,22,253,1,2291.4,0,2291.4
9438,20250621,100,25,97,3,4823.15,5,13745.98
9439,20250812,86,22,43,1,4002.37,0,4002.37
9440,20240522,7,10,12,1,4794.43,0,4794.43
9441,20251215,1,22,201,1,1005.84,15,854.96
9442,20240623,47,11,81,1,2706.69,5,2571.36
9443,20240809,72,8,203,2,1667.62,0,3335.24
9444,20240510,44,2,107,1,4747.67,0,4747.67
9445,20240829,116,24,71,2,6480.7,0,12961.4
9446,20240103,10,9,211,1,3316.3,0,3316.3
9447,20240131,32,17,,1,1604.88,0,1604.88
9448,20241029,116,3,356,1,6480.7,0,6480.7
9449,20250521,14,2,62,1,4823.13,0,4823.13
9450,20241003,28,7,,2,3988.05,5,7577.3
9451,20240224,105,19,124,2,2890.92,0,5781.84
9452,20250816,108,14,29,2,3374.55,15,5736.74
9453,20250217,65,10,201,1,3541.34,0,3541.34
9454,20241106,20,6,238,1,1915.63,0,1915.63
9455,20250423,43,12,394,2,3747.63,0,7495.26
9456,20240524,75,6,175,1,2266.5,5,2153.17
9457,20240529,103,12,209,2,5201.47,0,10402.94
9458,20241013,18,6,89,1,5185.3,0,5185.3
9459,20250919,115,12,261,2,2419.05,20,3870.48
9460,20250915,71,15,,1,3918.6,5,3722.67
9461,20251218,29,22,256,1,1567.62,0,1567.62
9462,20240630,33,2,126,1,2291.4,5,2176.83
9463,20240806,49,5,35,3,3974.14,0,11922.42
9464,20241225,27,7,103,1,1220.37,15,1037.31
9465,20250424,84,14,397,2,4822.61,0,9645.22
9466,20250703,46,17,221,4,4179.48,0,16717.92
9467,20251006,102,13,319,1,616.26,0,616.26
9468,20251123,82,18,113,1,3179.41,5,3020.44
9469,20251230,63,25,165,4,4196.34,15,14267.56
9470,20241001,86,25,329,1,4002.37,10,3602.13
9471,20250803,68,23,273,1,1648.1,0,1648.1
9472,20240122,59,11,,1,2020.12,0,2020.12
9473,20241221,99,12,50,1,4915.0,15,4177.75
9474,20250901,81,18,267,1,1242.05,10,1117.85
9475,20250125,114,4,,1,3973.22,5,3774.56
9476,20240306,63,3,225,2,4196.34,5,7973.05
9477,20240109,106,3,213,1,717.87,5,681.98
9478,20241230,98,13,134,1,850.73,0,850.73
9479,20250118,82,3,207,1,3179.41,20,2543.53
9480,20250303,79,1,127,1,1528.97,0,1528.97
9481,20250219,113,18,377,3,4385.13,0,13155.39
9482,20241031,91,15,,2,6185.93,5,11753.27
9483,20251113,32,6,54,1,1604.88,10,1444.39
9484,20250430,101,8,232,1,1131.31,10,1018.18
9485,20240503,24,8,104,2,3205.37,0,6410.74
9486,20250731,98,21,,1,850.73,0,850.73
9487,20240728,113,3,397,3,4385.13,5,12497.62
9488,20251023,84,9,203,1,4822.61,10,4340.35
9489,20240313,68,23,374,1,1648.1,0,1648.1
9490,20240309,73,18,108,1,6348.65,5,6031.22
9491,20241104,119,10,98,1,2956.72,0,2956.72
9492,20240407,20,12,227,1,1915.63,15,1628.29
9493,20250817,64,7,53,1,4068.92,5,3865.47
9494,20240122,120,11,4,1,5078.17,10,4570.35
9495,20240917,97,16,285,2,4779.12,0,9558.24
9496,20240513,81,19,210,1,1242.05,0,1242.05
9497,20240331,38,11,120,2,1729.74,0,3459.48
9498,20251027,2,25,69,2,882.35,10,1588.23
9499,20250327,98,18,374,2,850.73,5,1616.39
9500,20250614,36,11,28,1,682.61,0,682.61
9501,20250510,49,22,,1,3974.14,20,3179.31
9502,20250309,97,14,65,1,4779.12,0,4779.12
9503,20240715,97,24,146,1,4779.12,0,4779.12
9504,20240505,92,19,,1,2008.22,0,2008.22
9505,20240527,9,24,389,3,4835.47,0,14506.41
9506,20250301,27,24,103,2,1220.37,0,2440.74
9507,20240120,88,22,86,1,2796.03,15,2376.63
9508,20241220,35,6,236,4,3748.04,0,14992.16
9509,20251205,34,19,65,4,1322.31,20,4231.39
9510,20250305,67,20,334,1,4800.44,15,4080.37
9511,20240717,22,6,400,1,6438.69,0,6438.69
9512,20240705,58,15,203,1,5200.5,0,5200.5
9513,20240823,67,9,57,1,4800.44,0,4800.44
9514,20240110,44,17,352,2,4747.67,5,9020.57
9515,20240523,21,6,350,2,1209.52,5,2298.09
9516,20240216,5,24,325,1,2284.3,5,2170.09
9517,20241014,18,2,348,2,5185.3,0,10370.6
9518,20240803,71,10,394,2,3918.6,0,7837.2
9519,20240203,102,2,161,1,616.26,0,616.26
9520,20250710,26,13,290,1,1355.83,10,1220.25
9521,20250220,112,11,375,1,1434.74,0,1434.74
9522,20240313,78,19,356,2,1807.55,10,3253.59
9523,20240426,108,8,159,1,3374.55,0,3374.55
9524,20241124,32,23,200,1,1604.88,0,1604.88
9525,20241118,75,10,80,1,2266.5,0,2266.5
9526,20251024,70,17,56,1,3349.78,0,3349.78
9527,20240823,32,10,263,2,1604.88,5,3049.27
9528,20240409,44,9,195,1,4747.67,0,4747.67
9529,20250420,59,1,347,4,2020.12,5,7676.46
9530,20240426,10,22,134,2,3316.3,15,5637.71
9531,20250314,48,21,253,1,2551.26,0,2551.26
9532,20240704,119,14,328,2,2956.72,5,5617.77
9533,20250903,115,1,116,1,2419.05,0,2419.05
9534,20240911,34,12,290,1,1322.31,0,1322.31
9535,20250907,42,14,56,1,2401.74,0,2401.74
9536,20240607,91,7,305,2,6185.93,0,12371.86
9537,20250214,5,11,230,1,2284.3,5,2170.09
9538,20250107,86,25,86,1,4002.37,15,3402.01
9539,20251130,28,8,153,1,3988.05,0,3988.05
9540,20250512,103,19,298,2,5201.47,10,9362.65
9541,20250605,76,5,85,2,5042.37,0,10084.74
9542,20241020,83,20,243,3,2689.64,10,7262.03
9543,20251016,84,22,25,1,4822.61,0,4822.61
9544,20240323,90,13,264,1,3873.38,5,3679.71
9545,20240926,100,15,224,2,4823.15,15,8199.35
9546,20240723,17,1,273,1,1735.19,0,1735.19
9547,20250923,33,9,340,1,2291.4,0,2291.4
9548,20250909,64,22,,2,4068.92,0,8137.84
9549,20240228,92,4,369,1,2008.22,5,1907.81
9550,20241001,105,1,140,1,2890.92,0,2890.92
9551,20250822,75,10,358,1,2266.5,5,2153.17
9552,20251103,101,4,247,1,1131.31,0,1131.31
9553,20241114,17,5,159,1,1735.19,0,1735.19
9554,20240620,107,6,169,2,1952.14,10,3513.85
9555,20250528,73,21,112,1,6348.65,0,6348.65
9556,20240428,7,24,232,1,4794.43,0,4794.43
9557,20240330,72,19,19,1,1667.62,5,1584.24
9558,20250819,119,6,19,2,2956.72,0,5913.44
9559,20240603,70,21,342,1,3349.78,5,3182.29
9560,20251017,59,6,117,1,2020.12,0,2020.12
9561,20250608,10,1,224,1,3316.3,0,3316.3
9562,20251123,100,5,184,2,4823.15,0,9646.3
9563,20240119,28,11,24,2,3988.05,0,7976.1
9564,20240602,96,21,114,2,3006.66,5,5712.65
9565,20250527,36,18,249,1,682.61,5,648.48
9566,20240321,69,23,145,3,2128.62,20,5108.69
9567,20251211,120,10,,1,5078.17,0,5078.17
9568,20241015,73,13,,1,6348.65,5,6031.22
9569,20250526,6,23,238,1,843.99,0,843.99
9570,20250204,35,23,108,1,3748.04,0,3748.04
9571,20250614,102,18,363,1,616.26,0,616.26
9572,20250318,21,20,255,2,1209.52,15,2056.18
9573,20250530,64,2,27,1,4068.92,0,4068.92
9574,20240430,35,13,144,1,3748.04,20,2998.43
9575,20250608,112,21,370,1,1434.74,0,1434.74
9576,20250308,65,11,390,1,3541.34,20,2833.07
9577,20250326,68,20,376,1,1648.1,5,1565.69
9578,20241210,103,7,22,1,5201.47,0,5201.47
9579,20240318,112,20,107,1,1434.74,5,1363.0
9580,20240910,101,18,353,2,1131.31,20,1810.1
9581,20251009,48,24,329,2,2551.26,0,5102.52
9582,20240515,112,24,202,1,1434.74,0,1434.74
9583,20250621,2,22,41,1,882.35,0,882.35
9584,20241125,69,18,,1,2128.62,0,2128.62
9585,20240429,89,5,,2,4062.25,0,8124.5
9586,20241130,49,11,114,1,3974.14,5,3775.43
9587,20240802,51,7,283,1,2879.69,0,2879.69
9588,20250925,19,22,91,1,3799.68,0,3799.68
9589,20241017,97,6,,1,4779.12,5,4540.16
9590,20250807,71,6,155,1,3918.6,0,3918.6
9591,20240808,64,24,,2,4068.92,0,8137.84
9592,20240724,43,25,360,1,3747.63,15,3185.49
9593,20240810,95,16,363,2,3960.41,5,7524.78
9594,20240323,23,20,349,1,5336.87,5,5070.03
9595,20240125,9,8,8,2,4835.47,0,9670.94
9596,20250430,113,9,339,1,4385.13,0,4385.13
9597,20250428,91,10,41,3,6185.93,0,18557.79
9598,20240819,78,5,101,2,1807.55,0,3615.1
9599,20250308,96,10,280,2,3006.66,10,5411.99
9600,20250728,29,3,8,1,1567.62,5,1489.24
9601,20240811,32,18,121,3,1604.88,5,4573.91
9602,20240722,90,13,,2,3873.38,0,7746.76
9603,20250525,87,14,,1,2952.23,0,2952.23
9604,20250306,12,22,275,1,1690.47,0,1690.47
9605,20240317,2,13,313,1,882.35,5,838.23
9606,20240603,103,19,121,1,5201.47,5,4941.4
9607,20250531,75,23,176,2,2266.5,0,4533.0
9608,20250817,27,21,22,1,1220.37,10,1098.33
9609,20251127,72,20,353,1,1667.62,0,1667.62
9610,20240611,30,5,73,1,3704.61,15,3148.92
9611,20251119,118,16,380,1,5698.72,0,5698.72
9612,20240205,12,20,159,1,1690.47,0,1690.47
9613,20250702,27,10,138,1,1220.37,0,1220.37
9614,20250512,38,5,389,1,1729.74,10,1556.77
9615,20250528,43,18,384,1,3747.63,0,3747.63
9616,20250820,17,17,98,1,1735.19,5,1648.43
9617,20250118,57,3,48,1,3796.83,5,3606.99
9618,20250829,57,25,90,3,3796.83,0,11390.49
9619,20241113,116,3,,2,6480.7,0,12961.4
9620,20241104,19,12,,1,3799.68,0,3799.68
9621,20240418,8,13,217,2,3576.07,0,7152.14
9622,20240308,71,15,240,2,3918.6,10,7053.48
9623,20250706,79,14,,1,1528.97,0,1528.97
9624,20250630,57,23,214,1,3796.83,10,3417.15
9625,20241104,22,25,188,2,6438.69,0,12877.38
9626,20240331,8,3,159,1,3576.07,5,3397.27
9627,20250623,94,5,304,1,1460.17,0,1460.17
9628,20250131,45,4,212,1,1364.28,10,1227.85
9629,20241128,115,4,78,2,2419.05,10,4354.29
9630,20250610,4,2,214,3,1722.15,10,4649.81
9631,20241007,54,19,,2,2808.33,0,5616.66
9632,20251020,83,19,337,4,2689.64,0,10758.56
9633,20240115,118,9,26,2,5698.72,0,11397.44
9634,20240123,114,17,287,1,3973.22,0,3973.22
9635,20240509,50,8,384,1,3814.05,0,3814.05
9636,20240428,30,8,165,1,3704.61,0,3704.61
9637,20240628,88,3,,1,2796.03,0,2796.03
9638,20240129,19,8,163,1,3799.68,0,3799.68
9639,20240125,56,6,343,1,7088.96,10,6380.06
9640,20250113,61,2,272,1,5731.62,0,5731.62
9641,20250206,110,2,195,1,3839.63,0,3839.63
9642,20241013,29,23,58,2,1567.62,5,2978.48
9643,20250530,74,5,178,1,3249.83,0,3249.83
9644,20241020,84,14,371,1,4822.61,20,3858.09
9645,20240227,35,1,23,1,3748.04,10,3373.24
9646,20251219,44,18,257,1,4747.67,5,4510.29
9647,20241224,31,11,,2,7243.85,0,14487.7
9648,20240604,47,18,376,2,2706.69,10,4872.04
9649,20241009,79,3,336,2,1528.97,0,3057.94
9650,20240902,57,7,35,1,3796.83,20,3037.46
9651,20250921,112,7,196,2,1434.74,10,2582.53
9652,20241210,52,25,337,1,2796.94,0,2796.94
9653,20240520,2,21,192,1,882.35,5,838.23
9654,20250522,105,22,357,1,2890.92,5,2746.37
9655,20240307,28,6,381,1,3988.05,0,3988.05
9656,20250713,25,22,305,1,659.99,0,659.99
9657,20251006,22,2,136,1,6438.69,0,6438.69
9658,20250602,119,8,3,1,2956.72,0,2956.72
9659,20240318,103,22,324,1,5201.47,5,4941.4
9660,20250729,93,24,57,2,4029.05,0,8058.1
9661,20240904,40,20,221,1,6858.19,0,6858.19
9662,20250103,29,21,316,2,1567.62,10,2821.72
9663,20241124,26,4,168,1,1355.83,20,1084.66
9664,20250713,49,4,339,1,3974.14,20,3179.31
9665,20251018,86,2,,1,4002.37,0,4002.37
9666,20251226,43,18,,1,3747.63,0,3747.63
9667,20240216,24,5,383,1,3205.37,20,2564.3
9668,20250627,76,16,331,1,5042.37,5,4790.25
9669,20240924,112,5,178,1,1434.74,5,1363.0
9670,20251120,5,23,223,1,2284.3,0,2284.3
9671,20241104,75,5,364,1,2266.5,0,2266.5
9672,20240826,115,23,147,1,2419.05,5,2298.1
9673,20240710,63,21,314,2,4196.34,10,7553.41
9674,20240722,80,22,78,1,5880.6,0,5880.6
9675,20240323,107,12,239,1,1952.14,0,1952.14
9676,20241229,112,23,379,1,1434.74,0,1434.74
9677,20240913,80,9,186,3,5880.6,5,16759.71
9678,20250607,107,5,265,1,1952.14,0,1952.14
9679,20240901,87,16,106,1,2952.23,0,2952.23
9680,20240112,19,20,,4,3799.68,0,15198.72
9681,20240418,102,22,114,1,616.26,0,616.26
9682,20251020,39,1,192,4,3883.73,0,15534.92
9683,20250323,22,3,111,1,6438.69,0,6438.69
9684,20241021,30,2,155,3,3704.61,15,9446.76
9685,20251011,116,16,182,1,6480.7,0,6480.7
9686,20240822,71,5,274,1,3918.6,15,3330.81
9687,20240323,30,15,298,2,3704.61,5,7038.76
9688,20250702,110,25,,1,3839.63,10,3455.67
9689,20240526,117,16,195,1,5631.66,0,5631.66
9690,20240525,69,10,267,2,2128.62,0,4257.24
9691,20251008,92,25,228,1,2008.22,0,2008.22
9692,20240619,26,17,80,2,1355.83,0,2711.66
9693,20241115,79,9,72,1,1528.97,5,1452.52
9694,20240130,21,13,282,1,1209.52,0,1209.52
9695,20250110,72,2,370,2,1667.62,0,3335.24
9696,20250603,13,17,144,2,4729.21,5,8985.5
9697,20241129,96,22,130,1,3006.66,0,3006.66
9698,20251228,23,16,326,2,5336.87,0,10673.74
9699,20250815,6,19,337,1,843.99,20,675.19
9700,20250630,112,21,34,2,1434.74,10,2582.53
9701,20240527,38,25,,1,1729.74,0,1729.74
9702,20241018,53,4,180,1,1453.18,0,1453.18
9703,20240910,61,2,394,1,5731.62,0,5731.62
9704,20251207,51,7,282,1,2879.69,0,2879.69
9705,20251024,46,15,341,1,4179.48,5,3970.51
9706,20250405,118,9,74,2,5698.72,5,10827.57
9707,20240712,80,14,70,1,5880.6,0,5880.6
9708,20240417,82,9,1,1,3179.41,10,2861.47
9709,20240703,99,15,337,1,4915.0,0,4915.0
9710,20241223,110,19,310,1,3839.63,0,3839.63
9711,20250514,55,7,244,2,735.67,10,1324.21
9712,20250301,37,25,387,3,3761.37,0,11284.11
9713,20240704,13,10,28,1,4729.21,5,4492.75
9714,20240229,78,11,11,1,1807.55,10,1626.8
9715,20250706,119,13,123,1,2956.72,0,2956.72
9716,20250102,89,11,255,1,4062.25,0,4062.25
9717,20241025,78,7,252,1,1807.55,15,1536.42
9718,20240411,52,1,153,1,2796.94,15,2377.4
9719,20250603,76,15,400,1,5042.37,0,5042.37
9720,20251203,75,7,314,1,2266.5,5,2153.17
9721,20241013,61,20,187,1,5731.62,5,5445.04
9722,20241210,112,13,54,2,1434.74,0,2869.48
9723,20251222,103,14,212,1,5201.47,0,5201.47
9724,20250622,69,20,81,3,2128.62,5,6066.57
9725,20240303,12,7,299,1,1690.47,0,1690.47
9726,20240812,24,5,378,1,3205.37,5,3045.1
9727,20250403,45,19,35,1,1364.28,0,1364.28
9728,20240701,4,25,116,2,1722.15,20,2755.44
9729,20250329,94,13,234,1,1460.17,5,1387.16
9730,20240520,59,13,140,1,2020.12,0,2020.12
9731,20240221,97,13,20,4,4779.12,5,18160.66
9732,20240626,27,23,395,2,1220.37,5,2318.7
9733,20240319,61,17,105,1,5731.62,0,5731.62
9734,20250304,29,20,56,1,1567.62,0,1567.62
9735,20240415,95,13,330,3,3960.41,5,11287.17
9736,20250503,57,8,345,1,3796.83,0,3796.83
9737,20251203,102,21,109,1,616.26,10,554.63
9738,20250225,67,11,2,1,4800.44,0,4800.44
9739,20250923,87,9,341,2,2952.23,5,5609.24
9740,20250822,30,21,334,1,3704.61,10,3334.15
9741,20240606,117,24,313,3,5631.66,0,16894.98
9742,20250810,114,5,277,4,3973.22,0,15892.88
9743,20251024,104,14,251,1,6527.04,0,6527.04
9744,20250930,49,13,191,1,3974.14,0,3974.14
9745,20240112,3,15,6,1,2631.02,5,2499.47
9746,20241009,15,23,262,1,4621.37,0,4621.37
9747,20240222,13,3,77,2,4729.21,5,8985.5
9748,20240105,104,21,7,4,6527.04,0,26108.16
9749,20251018,118,19,372,2,5698.72,5,10827.57
9750,20240506,118,17,213,2,5698.72,0,11397.44
9751,20240924,6,6,2,1,843.99,15,717.39
9752,20240127,19,6,92,1,3799.68,0,3799.68
9753,20250201,56,3,212,1,7088.96,0,7088.96
9754,20250103,72,14,94,2,1667.62,0,3335.24
9755,20250524,105,2,112,1,2890.92,0,2890.92
9756,20240720,97,19,345,2,4779.12,0,9558.24
9757,20250929,74,23,397,1,3249.83,5,3087.34
9758,20250411,52,25,286,1,2796.94,0,2796.94
9759,20241030,22,15,162,1,6438.69,20,5150.95
9760,20240226,87,22,234,1,2952.23,10,2657.01
9761,20241125,39,15,386,1,3883.73,0,3883.73
9762,20250201,89,11,301,3,4062.25,0,12186.75
9763,20250831,106,9,57,1,717.87,10,646.08
9764,20240320,90,14,23,1,3873.38,15,3292.37
9765,20240427,93,2,,1,4029.05,0,4029.05
9766,20250427,61,13,343,1,5731.62,0,5731.62
9767,20240115,4,21,353,2,1722.15,0,3444.3
9768,20240513,28,17,128,1,3988.05,0,3988.05
9769,20240131,78,10,134,4,1807.55,5,6868.69
9770,20250215,24,21,76,2,3205.37,15,5449.13
9771,20240622,47,9,332,2,2706.69,5,5142.71
9772,20240418,11,7,207,1,5902.88,0,5902.88
9773,20241203,89,11,,2,4062.25,0,8124.5
9774,20250920,72,8,309,3,1667.62,0,5002.86
9775,20250905,84,6,262,3,4822.61,10,13021.05
9776,20250114,87,16,374,1,2952.23,0,2952.23
9777,20240411,37,23,6,1,3761.37,0,3761.37
9778,20240630,66,17,271,1,6204.11,0,6204.11
9779,20240210,77,22,11,1,5233.57,5,4971.89
9780,20250714,15,18,115,2,4621.37,0,9242.74
9781,20240302,34,10,254,1,1322.31,0,1322.31
9782,20251106,55,9,315,1,735.67,20,588.54
9783,20251228,69,17,161,1,2128.62,0,2128.62
9784,20250905,13,5,236,2,4729.21,0,9458.42
9785,20240208,44,7,278,2,4747.67,0,9495.34
9786,20251210,65,23,175,1,3541.34,10,3187.21
9787,20240703,108,19,28,1,3374.55,5,3205.82
9788,20250418,94,25,104,1,1460.17,0,1460.17
9789,20240201,33,3,100,1,2291.4,15,1947.69
9790,20251211,54,24,313,2,2808.33,5,5335.83
9791,20240506,101,1,393,1,1131.31,0,1131.31
9792,20240524,120,1,,3,5078.17,15,12949.33
9793,20250718,50,12,90,1,3814.05,5,3623.35
9794,20240816,34,18,35,1,1322.31,0,1322.31
9795,20240620,115,3,,1,2419.05,5,2298.1
9796,20250210,60,11,250,1,4273.1,5,4059.45
9797,20240327,91,21,171,2,6185.93,0,12371.86
9798,20240713,111,3,116,1,1506.58,5,1431.25
9799,20250414,74,5,243,2,3249.83,5,6174.68
9800,20240426,60,9,,1,4273.1,5,4059.45
9801,20251225,5,2,197,1,2284.3,0,2284.3
9802,20250404,20,16,29,1,1915.63,10,1724.07
9803,20250517,104,11,117,4,6527.04,0,26108.16
9804,20240717,92,23,,2,2008.22,5,3815.62
9805,20240415,103,11,283,3,5201.47,10,14043.97
9806,20240514,17,20,23,1,1735.19,0,1735.19
9807,20240817,27,15,,1,1220.37,10,1098.33
9808,20240212,28,21,210,4,3988.05,0,15952.2
9809,20250926,39,7,,1,3883.73,0,3883.73
9810,20241007,43,4,190,2,3747.63,5,7120.5
9811,20251121,88,5,172,1,2796.03,0,2796.03
9812,20251001,93,8,21,1,4029.05,0,4029.05
9813,20250609,55,7,368,1,735.67,15,625.32
9814,20250305,100,12,382,1,4823.15,0,4823.15
9815,20240226,120,14,179,3,5078.17,10,13711.06
9816,20240610,114,4,357,2,3973.22,10,7151.8
9817,20240805,11,13,172,1,5902.88,0,5902.88
9818,20250720,88,11,387,1,2796.03,0,2796.03
9819,20240426,107,5,324,1,1952.14,10,1756.93
9820,20240309,2,9,109,1,882.35,5,838.23
9821,20251003,24,9,205,1,3205.37,10,2884.83
9822,20241023,46,2,166,1,4179.48,0,4179.48
9823,20241209,77,17,324,2,5233.57,10,9420.43
9824,20250131,74,2,297,2,3249.83,0,6499.66
9825,20250624,70,20,148,1,3349.78,10,3014.8
9826,20241107,99,9,203,1,4915.0,10,4423.5
9827,20250816,97,2,188,1,4779.12,0,4779.12
9828,20251126,83,5,290,1,2689.64,5,2555.16
9829,20240710,118,1,255,1,5698.72,0,5698.72
9830,20250629,115,17,169,1,2419.05,0,2419.05
9831,20250816,29,7,199,2,1567.62,0,3135.24
9832,20240303,45,5,297,1,1364.28,0,1364.28
9833,20241110,13,23,357,1,4729.21,5,4492.75
9834,20240817,19,12,128,1,3799.68,0,3799.68
9835,20250728,66,9,400,4,6204.11,0,24816.44
9836,20240321,55,6,91,1,735.67,0,735.67
9837,20240424,12,24,167,1,1690.47,0,1690.47
9838,20251024,118,17,8,1,5698.72,0,5698.72
9839,20250221,90,3,,1,3873.38,0,3873.38
9840,20250630,12,1,127,2,1690.47,0,3380.94
9841,20250817,109,24,8,3,2954.88,5,8421.41
9842,20241208,13,23,202,1,4729.21,0,4729.21
9843,20250520,23,2,125,1,5336.87,15,4536.34
9844,20241101,2,10,11,1,882.35,0,882.35
9845,20250723,44,14,328,2,4747.67,0,9495.34
9846,20251102,97,10,36,1,4779.12,0,4779.12
9847,20240203,11,6,129,1,5902.88,15,5017.45
9848,20250625,56,18,220,1,7088.96,0,7088.96
9849,20241027,52,20,257,2,2796.94,0,5593.88
9850,20240904,27,25,18,1,1220.37,0,1220.37
9851,20240406,53,17,98,1,1453.18,5,1380.52
9852,20250815,85,20,,1,6169.54,15,5244.11
9853,20240204,9,25,58,3,4835.47,0,14506.41
9854,20240228,101,21,244,1,1131.31,0,1131.31
9855,20250928,17,9,237,1,1735.19,0,1735.19
9856,20241108,89,13,171,2,4062.25,0,8124.5
9857,20250613,94,6,397,1,1460.17,0,1460.17
9858,20250224,107,19,321,2,1952.14,20,3123.42
9859,20251118,58,22,110,3,5200.5,0,15601.5
9860,20240609,33,19,85,1,2291.4,5,2176.83
9861,20240909,30,5,3,3,3704.61,0,11113.83
9862,20250216,88,20,207,1,2796.03,0,2796.03
9863,20240602,117,15,190,1,5631.66,0,5631.66
9864,20251220,53,20,269,1,1453.18,0,1453.18
9865,20250315,95,19,,1,3960.41,0,3960.41
9866,20250618,87,25,,2,2952.23,5,5609.24
9867,20240218,24,11,87,1,3205.37,0,3205.37
9868,20250501,56,2,153,1,7088.96,0,7088.96
9869,20240421,37,5,214,1,3761.37,0,3761.37
9870,20240313,112,13,,1,1434.74,0,1434.74
9871,20240128,57,6,202,2,3796.83,20,6074.93
9872,20240111,118,12,112,1,5698.72,0,5698.72
9873,20251221,62,25,237,1,978.5,0,978.5
9874,20250909,101,8,373,1,1131.31,10,1018.18
9875,20241108,99,24,132,1,4915.0,0,4915.0
9876,20251209,10,6,342,1,3316.3,0,3316.3
9877,20240418,18,25,75,1,5185.3,0,5185.3
9878,20241013,107,23,284,1,1952.14,5,1854.53
9879,20250906,109,10,259,1,2954.88,0,2954.88
9880,20240208,53,23,91,2,1453.18,0,2906.36
9881,20240402,93,1,19,1,4029.05,0,4029.05
9882,20240711,19,11,202,1,3799.68,0,3799.68
9883,20240314,4,13,142,1,1722.15,15,1463.83
9884,20250131,45,13,323,2,1364.28,5,2592.13
9885,20250702,95,14,36,3,3960.41,0,11881.23
9886,20240926,15,12,258,1,4621.37,0,4621.37
9887,20250307,113,25,393,1,4385.13,0,4385.13
9888,20250818,49,5,382,1,3974.14,0,3974.14
9889,20250124,17,16,205,1,1735.19,0,1735.19
9890,20250727,10,7,277,1,3316.3,15,2818.86
9891,20251207,18,7,116,1,5185.3,15,4407.51
9892,20240615,76,1,280,2,5042.37,10,9076.27
9893,20240812,91,18,309,3,6185.93,0,18557.79
9894,20240219,44,2,,2,4747.67,10,8545.81
9895,20240123,94,13,392,1,1460.17,0,1460.17
9896,20250609,6,19,81,1,843.99,0,843.99
9897,20251017,84,17,,4,4822.61,5,18325.92
9898,20240909,21,5,251,1,1209.52,0,1209.52
9899,20250225,70,24,341,2,3349.78,0,6699.56
9900,20250705,78,22,94,1,1807.55,10,1626.8
9901,20240920,79,17,180,2,1528.97,10,2752.15
9902,20250826,85,4,247,1,6169.54,20,4935.63
9903,20250109,34,22,358,1,1322.31,0,1322.31
9904,20240329,95,25,,1,3960.41,0,3960.41
9905,20250121,50,25,396,1,3814.05,5,3623.35
9906,20241016,60,23,27,1,4273.1,5,4059.45
9907,20250316,60,18,138,2,4273.1,10,7691.58
9908,20250320,94,3,169,3,1460.17,0,4380.51
9909,20251022,10,14,306,4,3316.3,0,13265.2
9910,20240228,48,15,220,1,2551.26,10,2296.13
9911,20240318,61,18,319,1,5731.62,0,5731.62
9912,20241018,96,21,9,1,3006.66,15,2555.66
9913,20240130,20,15,375,2,1915.63,0,3831.26
9914,20250523,26,1,301,2,1355.83,0,2711.66
9915,20250821,40,13,79,1,6858.19,0,6858.19
9916,20250115,84,13,298,3,4822.61,0,14467.83
9917,20240929,26,18,152,2,1355.83,10,2440.49
9918,20251206,72,1,268,1,1667.62,10,1500.86
9919,20250117,60,19,178,3,4273.1,10,11537.37
9920,20250410,26,18,176,1,1355.83,5,1288.04
9921,20250814,77,16,272,1,5233.57,15,4448.53
9922,20240326,25,21,,4,659.99,5,2507.96
9923,20240614,101,16,207,1,1131.31,15,961.61
9924,20250207,92,21,146,2,2008.22,0,4016.44
9925,20250814,58,13,349,1,5200.5,0,5200.5
9926,20250222,38,16,42,1,1729.74,0,1729.74
9927,20240820,35,2,56,4,3748.04,5,14242.55
9928,20251016,80,15,177,1,5880.6,10,5292.54
9929,20241119,54,7,145,2,2808.33,0,5616.66
9930,20240221,20,4,,1,1915.63,0,1915.63
9931,20240705,56,20,215,3,7088.96,0,21266.88
9932,20250410,101,17,123,1,1131.31,10,1018.18
9933,20240701,49,7,103,1,3974.14,0,3974.14
9934,20250613,23,10,298,1,5336.87,0,5336.87
9935,20240509,114,2,,1,3973.22,5,3774.56
9936,20250404,21,14,190,3,1209.52,5,3447.13
9937,20251015,39,24,8,1,3883.73,5,3689.54
9938,20250710,28,22,384,2,3988.05,5,7577.3
9939,20241026,11,13,14,1,5902.88,0,5902.88
9940,20240213,1,14,348,1,1005.84,15,854.96
9941,20250715,43,7,,1,3747.63,0,3747.63
9942,20251212,84,17,274,2,4822.61,0,9645.22
9943,20240705,20,5,379,4,1915.63,0,7662.52
9944,20250129,119,12,320,3,2956.72,5,8426.65
9945,20241109,83,4,70,1,2689.64,0,2689.64
9946,20251105,1,7,74,1,1005.84,0,1005.84
9947,20250716,60,6,,1,4273.1,0,4273.1
9948,20250315,54,17,329,2,2808.33,20,4493.33
9949,20251117,72,4,313,1,1667.62,0,1667.62
9950,20250320,62,4,21,1,978.5,5,929.57
9951,20250603,29,13,310,1,1567.62,0,1567.62
9952,20251121,81,24,,1,1242.05,0,1242.05
9953,20251201,14,8,209,2,4823.13,0,9646.26
9954,20240605,111,2,33,1,1506.58,0,1506.58
9955,20240831,110,1,187,1,3839.63,5,3647.65
9956,20250125,107,8,134,1,1952.14,0,1952.14
9957,20241028,68,18,,1,1648.1,0,1648.1
9958,20251119,97,18,357,1,4779.12,0,4779.12
9959,20250424,73,23,107,1,6348.65,0,6348.65
9960,20240425,86,15,193,1,4002.37,0,4002.37
9961,20250906,51,6,,1,2879.69,20,2303.75
9962,20250820,120,6,6,1,5078.17,5,4824.26
9963,20250824,62,13,,2,978.5,0,1957.0
9964,20240414,51,11,258,2,2879.69,20,4607.5
9965,20250415,20,13,348,1,1915.63,5,1819.85
9966,20251105,10,24,115,2,3316.3,0,6632.6
9967,20251126,8,20,,1,3576.07,0,3576.07
9968,20250208,86,16,308,2,4002.37,5,7604.5
9969,20240905,2,9,17,1,882.35,5,838.23
9970,20250822,8,25,245,1,3576.07,0,3576.07
9971,20250717,57,13,211,1,3796.83,0,3796.83
9972,20241008,14,6,172,2,4823.13,5,9163.95
9973,20250612,40,4,,3,6858.19,5,19545.84
9974,20250817,78,21,82,1,1807.55,5,1717.17
9975,20251208,113,9,135,1,4385.13,5,4165.87
9976,20250318,119,3,294,1,2956.72,5,2808.88
9977,20240517,7,19,198,2,4794.43,0,9588.86
9978,20250707,50,3,384,3,3814.05,0,11442.15
9979,20241211,89,19,113,1,4062.25,0,4062.25
9980,20240427,91,16,180,1,6185.93,0,6185.93
9981,20241218,10,17,270,1,3316.3,5,3150.49
9982,20240426,104,15,2,1,6527.04,15,5547.98
9983,20240723,44,8,368,1,4747.67,10,4272.9
9984,20240602,34,5,354,4,1322.31,0,5289.24
9985,20240816,56,12,192,1,7088.96,0,7088.96
9986,20240127,64,24,246,2,4068.92,5,7730.95
9987,20240609,77,1,363,1,5233.57,5,4971.89
9988,20250922,69,25,37,2,2128.62,15,3618.65
9989,20240312,94,15,44,1,1460.17,0,1460.17
9990,20240222,24,23,37,1,3205.37,0,3205.37
9991,20251207,61,6,28,1,5731.62,5,5445.04
9992,20240322,5,6,50,1,2284.3,0,2284.3
9993,20250716,27,6,,2,1220.37,15,2074.63
9994,20240329,39,23,63,2,3883.73,0,7767.46
9995,20240918,108,3,127,4,3374.55,5,12823.29
9996,20251224,113,17,118,1,4385.13,10,3946.62
9997,20240322,30,19,291,1,3704.61,0,3704.61
9998,20240702,68,15,38,1,1648.1,15,1400.88
9999,20240211,39,5,260,1,3883.73,0,3883.73
10000,20240124,95,19,,2,3960.41,0,7920.82
10001,20251121,95,15,145,1,3960.41,0,3960.41
10002,20250412,95,2,237,1,3960.41,0,3960.41
10003,20250117,32,25,34,1,1604.88,0,1604.88
10004,20241111,9,8,367,1,4835.47,5,4593.7
10005,20240913,69,22,358,1,2128.62,5,2022.19
10006,20240915,36,6,106,1,682.61,0,682.61
10007,20250116,92,18,186,2,2008.22,15,3413.97
10008,20240110,68,17,325,2,1648.1,0,3296.2
10009,20240102,115,17,141,1,2419.05,0,2419.05
10010,20241213,78,21,384,1,1807.55,0,1807.55
10011,20250210,90,1,230,1,3873.38,10,3486.04
10012,20241212,33,16,256,1,2291.4,15,1947.69
10013,20250714,16,24,223,1,4330.21,0,4330.21
10014,20240512,36,16,367,1,682.61,10,614.35
10015,20251110,120,4,78,1,5078.17,5,4824.26
10016,20250805,112,16,146,1,1434.74,10,1291.27
10017,20240725,12,14,46,2,1690.47,15,2873.8
10018,20251213,45,22,199,1,1364.28,0,1364.28
10019,20250921,3,16,,1,2631.02,0,2631.02
10020,20240428,77,23,295,2,5233.57,0,10467.14
10021,20240126,49,23,34,2,3974.14,15,6756.04
10022,20240115,15,16,266,3,4621.37,10,12477.7
10023,20241027,21,11,210,2,1209.52,15,2056.18
10024,20240502,77,7,,2,5233.57,20,8373.71
10025,20241030,106,16,353,1,717.87,10,646.08
10026,20250505,46,7,335,1,4179.48,0,4179.48
10027,20241006,27,11,371,2,1220.37,0,2440.74
10028,20240426,31,7,367,3,7243.85,5,20644.97
10029,20250116,117,9,126,1,5631.66,0,5631.66
10030,20240812,45,12,316,1,1364.28,0,1364.28
10031,20240718,85,16,243,1,6169.54,0,6169.54
10032,20240224,40,8,255,2,6858.19,0,13716.38
10033,20250715,87,9,57,2,2952.23,5,5609.24
10034,20250311,41,14,182,1,5693.66,0,5693.66
10035,20250905,110,6,10,2,3839.63,15,6527.37
10036,20250513,56,20,380,1,7088.96,0,7088.96
10037,20241109,1,14,305,1,1005.84,0,1005.84
10038,20241214,28,6,204,1,3988.05,0,3988.05
10039,20251002,71,1,,1,3918.6,10,3526.74
10040,20250516,23,4,291,1,5336.87,0,5336.87
10041,20240118,118,6,,1,5698.72,0,5698.72
10042,20250314,81,21,85,1,1242.05,0,1242.05
10043,20251114,16,14,40,1,4330.21,0,4330.21
10044,20250818,14,8,394,2,4823.13,10,8681.63
10045,20250317,87,9,354,1,2952.23,0,2952.23
10046,20250707,5,12,39,1,2284.3,0,2284.3
10047,20241030,83,16,124,1,2689.64,0,2689.64
10048,20240503,66,17,236,2,6204.11,0,12408.22
10049,20240817,24,6,161,1,3205.37,10,2884.83
10050,20240816,106,8,340,1,717.87,10,646.08
10051,20240707,29,11,373,2,1567.62,0,3135.24
10052,20250810,85,5,55,1,6169.54,5,5861.06
10053,20250701,74,3,359,1,3249.83,0,3249.83
10054,20250409,11,20,,3,5902.88,0,17708.64
10055,20240928,59,21,342,1,2020.12,0,2020.12
10056,20240523,32,7,,1,1604.88,5,1524.64
10057,20251225,58,13,270,1,5200.5,0,5200.5
10058,20240924,102,21,141,1,616.26,0,616.26
10059,20241127,34,13,245,1,1322.31,0,1322.31
10060,20240111,6,8,140,1,843.99,0,843.99
10061,20250218,104,5,334,1,6527.04,0,6527.04
10062,20251022,107,2,65,1,1952.14,10,1756.93
10063,20240401,76,10,,1,5042.37,0,5042.37
10064,20250824,45,5,,1,1364.28,0,1364.28
10065,20250702,64,24,51,1,4068.92,0,4068.92
10066,20250303,84,8,253,1,4822.61,0,4822.61
10067,20251207,31,21,100,2,7243.85,0,14487.7
10068,20250111,11,9,123,2,5902.88,0,11805.76
10069,20240926,55,24,79,1,735.67,15,625.32
10070,20241103,59,25,199,1,2020.12,5,1919.11
10071,20241110,101,25,295,3,1131.31,15,2884.84
10072,20251023,20,13,116,1,1915.63,0,1915.63
10073,20240413,39,4,190,1,3883.73,15,3301.17
10074,20240228,8,10,310,2,3576.07,0,7152.14
10075,20240108,71,9,189,1,3918.6,0,3918.6
10076,20241117,116,13,290,2,6480.7,20,10369.12
10077,20250104,48,14,391,1,2551.26,0,2551.26
10078,20240118,6,3,168,1,843.99,5,801.79
10079,20241027,4,21,,1,1722.15,0,1722.15
10080,20250830,92,9,51,1,2008.22,0,2008.22
10081,20240519,100,6,,1,4823.15,0,4823.15
10082,20240710,4,17,153,3,1722.15,20,4133.16
10083,20251120,77,18,238,1,5233.57,0,5233.57
10084,20240804,37,4,123,3,3761.37,0,11284.11
10085,20240210,92,23,162,1,2008.22,5,1907.81
10086,20250203,95,3,239,1,3960.41,0,3960.41
10087,20250829,47,7,350,1,2706.69,15,2300.69
10088,20241124,69,11,164,1,2128.62,5,2022.19
10089,20250807,44,4,54,3,4747.67,0,14243.01
10090,20240225,37,8,66,2,3761.37,0,7522.74
10091,20250707,66,10,208,2,6204.11,0,12408.22
10092,20240926,84,4,153,1,4822.61,0,4822.61
10093,20251207,7,19,196,1,4794.43,0,4794.43
10094,20250523,43,23,350,1,3747.63,0,3747.63
10095,20241230,3,17,220,1,2631.02,0,2631.02
10096,20241022,43,9,322,1,3747.63,5,3560.25
10097,20251022,24,20,123,1,3205.37,10,2884.83
10098,20240917,61,14,32,1,5731.62,0,5731.62
10099,20250209,71,8,28,1,3918.6,10,3526.74
10100,20240830,36,10,94,1,682.61,0,682.61
10101,20251011,63,22,,3,4196.34,0,12589.02
10102,20250826,44,1,104,1,4747.67,0,4747.67
10103,20250710,29,10,,2,1567.62,0,3135.24
10104,20241002,45,10,267,1,1364.28,5,1296.07
10105,20251008,37,13,,1,3761.37,15,3197.16
10106,20251011,75,7,,1,2266.5,10,2039.85
10107,20240721,40,20,193,2,6858.19,0,13716.38
10108,20241126,64,15,370,1,4068.92,0,4068.92
10109,20241210,82,10,96,2,3179.41,0,6358.82
10110,20250906,81,7,,1,1242.05,0,1242.05
10111,20240217,72,4,21,1,1667.62,0,1667.62
10112,20240714,119,24,281,1,2956.72,0,2956.72
10113,20250401,95,16,287,1,3960.41,10,3564.37
10114,20240406,110,19,283,2,3839.63,0,7679.26
10115,20240112,89,14,221,1,4062.25,0,4062.25
10116,20240723,106,7,222,1,717.87,5,681.98
10117,20240806,29,18,,1,1567.62,0,1567.62
10118,20241027,78,24,,2,1807.55,0,3615.1
10119,20250103,40,7,118,1,6858.19,20,5486.55
10120,20250613,77,17,337,1,5233.57,15,4448.53
10121,20240911,76,11,250,1,5042.37,0,5042.37
10122,20250613,2,3,173,2,882.35,5,1676.46
10123,20250112,67,10,79,2,4800.44,0,9600.88
10124,20240705,108,8,,1,3374.55,15,2868.37
10125,20250914,18,13,205,1,5185.3,0,5185.3
10126,20240822,65,12,187,1,3541.34,0,3541.34
10127,20240407,81,18,,2,1242.05,15,2111.48
10128,20251123,119,13,47,1,2956.72,0,2956.72
10129,20250305,18,10,211,1,5185.3,10,4666.77
10130,20240104,106,9,358,1,717.87,0,717.87
10131,20240211,7,21,330,2,4794.43,15,8150.53
10132,20250924,14,7,337,1,4823.13,0,4823.13
10133,20250622,76,12,137,1,5042.37,0,5042.37
10134,20241212,96,7,,1,3006.66,5,2856.33
10135,20240312,1,12,227,1,1005.84,0,1005.84
10136,20241218,50,8,255,1,3814.05,0,3814.05
10137,20241110,70,18,317,1,3349.78,10,3014.8
10138,20240201,119,1,91,1,2956.72,10,2661.05
10139,20240515,58,15,15,1,5200.5,0,5200.5
10140,20240516,48,22,389,1,2551.26,0,2551.26
10141,20241101,15,4,258,1,4621.37,0,4621.37
10142,20240405,62,24,249,1,978.5,15,831.73
10143,20251008,20,3,319,1,1915.63,5,1819.85
10144,20241021,111,16,289,2,1506.58,5,2862.5
10145,20240726,56,16,36,1,7088.96,0,7088.96
10146,20241028,98,19,258,1,850.73,15,723.12
10147,20250905,83,3,197,2,2689.64,5,5110.32
10148,20251205,104,5,305,1,6527.04,0,6527.04
10149,20251022,118,12,,1,5698.72,15,4843.91
10150,20240804,26,2,267,1,1355.83,0,1355.83
10151,20250610,21,23,88,3,1209.52,0,3628.56
10152,20240608,64,2,229,1,4068.92,0,4068.92
10153,20241109,117,10,200,2,5631.66,10,10136.99
10154,20241028,50,9,292,1,3814.05,0,3814.05
10155,20240504,32,4,,1,1604.88,10,1444.39
10156,20240510,108,6,321,1,3374.55,0,3374.55
10157,20250821,46,18,84,1,4179.48,10,3761.53
10158,20250728,68,14,261,1,1648.1,20,1318.48
10159,20240825,19,8,52,1,3799.68,5,3609.7
10160,20241202,91,6,369,1,6185.93,5,5876.63
10161,20241020,47,15,,1,2706.69,0,2706.69
10162,20251105,14,2,45,4,4823.13,5,18327.89
10163,20240611,36,16,,1,682.61,0,682.61
10164,20240411,38,3,115,1,1729.74,0,1729.74
10165,20241009,91,11,389,1,6185.93,5,5876.63
10166,20250328,98,8,100,1,850.73,0,850.73
10167,20251215,34,17,189,1,1322.31,0,1322.31
10168,20250115,95,19,,1,3960.41,20,3168.33
10169,20241227,43,21,48,2,3747.63,0,7495.26
10170,20250725,50,9,394,1,3814.05,0,3814.05
10171,20240426,62,3,248,3,978.5,0,2935.5
10172,20240626,105,22,354,2,2890.92,0,5781.84
10173,20240411,73,13,163,1,6348.65,0,6348.65
10174,20241024,113,4,8,2,4385.13,0,8770.26
10175,20240111,4,17,116,1,1722.15,10,1549.94
10176,20240114,86,22,394,1,4002.37,10,3602.13
10177,20250422,98,20,55,1,850.73,5,808.19
10178,20251006,79,15,303,1,1528.97,5,1452.52
10179,20251213,11,8,285,2,5902.88,0,11805.76
10180,20251110,119,17,380,1,2956.72,0,2956.72
10181,20240924,89,19,62,1,4062.25,0,4062.25
10182,20250309,113,11,26,1,4385.13,0,4385.13
10183,20250316,56,16,280,1,7088.96,0,7088.96
10184,20250311,71,6,,3,3918.6,20,9404.64
10185,20250111,19,21,240,1,3799.68,10,3419.71
10186,20240308,112,11,148,3,1434.74,0,4304.22
10187,20250111,3,13,300,1,2631.02,0,2631.02
10188,20250710,71,21,,1,3918.6,10,3526.74
10189,20250516,109,18,140,1,2954.88,0,2954.88
10190,20241124,15,23,207,2,4621.37,0,9242.74
10191,20250414,85,4,195,1,6169.54,0,6169.54
10192,20240523,25,4,103,2,659.99,0,1319.98
10193,20240707,88,13,314,1,2796.03,5,2656.23
10194,20250824,80,12,113,2,5880.6,5,11173.14
10195,20250918,105,12,24,1,2890.92,0,2890.92
10196,20241026,45,3,87,2,1364.28,15,2319.28
10197,20240304,23,8,228,2,5336.87,0,10673.74
10198,20251124,25,2,60,3,659.99,5,1880.97
10199,20250205,106,2,294,1,717.87,5,681.98
10200,20240707,95,14,289,3,3960.41,0,11881.23
10201,20250804,101,23,227,1,1131.31,0,1131.31
10202,20240106,93,19,185,1,4029.05,5,3827.6
10203,20240512,57,5,21,1,3796.83,0,3796.83
10204,20241007,113,19,187,3,4385.13,0,13155.39
10205,20240117,31,15,124,1,7243.85,0,7243.85
10206,20251206,115,2,394,2,2419.05,0,4838.1
10207,20250214,72,5,265,1,1667.62,0,1667.62
10208,20240222,36,19,250,1,682.61,0,682.61
10209,20250401,93,20,300,3,4029.05,0,12087.15
10210,20240805,58,23,400,3,5200.5,0,15601.5
10211,20250403,19,1,374,1,3799.68,0,3799.68
10212,20251228,22,7,289,3,6438.69,10,17384.46
10213,20240103,99,18,226,1,4915.0,10,4423.5
10214,20241119,86,6,154,1,4002.37,20,3201.9
10215,20241017,32,3,,3,1604.88,5,4573.91
10216,20240810,104,5,,2,6527.04,20,10443.26
10217,20250428,84,9,19,1,4822.61,20,3858.09
10218,20241214,106,25,135,1,717.87,0,717.87
10219,20250826,66,7,264,2,6204.11,15,10546.99
10220,20240303,31,25,16,3,7243.85,0,21731.55
10221,20250708,101,18,22,3,1131.31,5,3224.23
10222,20241110,45,1,282,1,1364.28,0,1364.28
10223,20250101,88,20,364,1,2796.03,0,2796.03
10224,20250721,13,20,144,1,4729.21,5,4492.75
10225,20241102,54,21,280,2,2808.33,0,5616.66
10226,20240624,102,18,131,1,616.26,0,616.26
10227,20241106,53,9,48,3,1453.18,20,3487.63
10228,20251218,101,16,199,1,1131.31,10,1018.18
10229,20250711,115,10,209,1,2419.05,0,2419.05
10230,20240602,35,12,,1,3748.04,5,3560.64
10231,20240412,21,21,59,2,1209.52,0,2419.04
10232,20251208,53,2,92,2,1453.18,0,2906.36
10233,20250213,79,21,84,1,1528.97,0,1528.97
10234,20250120,72,9,375,1,1667.62,0,1667.62
10235,20240718,9,10,,1,4835.47,5,4593.7
10236,20241014,33,7,183,2,2291.4,20,3666.24
10237,20240105,86,12,272,2,4002.37,0,8004.74
10238,20250809,104,13,363,3,6527.04,0,19581.12
10239,20241010,102,25,71,2,616.26,5,1170.89
10240,20240310,68,18,19,1,1648.1,0,1648.1
10241,20240930,50,5,,1,3814.05,15,3241.94
10242,20241228,61,3,40,1,5731.62,5,5445.04
10243,20240723,37,23,321,1,3761.37,0,3761.37
10244,20240403,13,9,,1,4729.21,10,4256.29
10245,20240824,56,22,160,1,7088.96,10,6380.06
10246,20240111,64,2,114,2,4068.92,0,8137.84
10247,20250418,15,24,136,1,4621.37,0,4621.37
10248,20250302,86,10,292,1,4002.37,10,3602.13
10249,20241118,89,15,389,1,4062.25,5,3859.14
10250,20241024,7,1,257,3,4794.43,5,13664.13
10251,20250103,106,6,137,1,717.87,0,717.87
10252,20251221,92,23,158,1,2008.22,0,2008.22
10253,20250910,62,3,22,2,978.5,0,1957.0
10254,20240215,50,7,253,1,3814.05,5,3623.35
10255,20251230,62,20,240,1,978.5,0,978.5
10256,20241230,54,9,217,1,2808.33,0,2808.33
10257,20250327,103,9,366,1,5201.47,0,5201.47
10258,20250606,14,13,392,4,4823.13,5,18327.89
10259,20241012,117,1,155,2,5631.66,0,11263.32
10260,20250309,90,9,103,2,3873.38,15,6584.75
10261,20241017,93,10,69,1,4029.05,0,4029.05
10262,20240114,3,10,99,1,2631.02,5,2499.47
10263,20240224,43,17,317,3,3747.63,0,11242.89
10264,20250109,10,25,298,1,3316.3,5,3150.49
10265,20240328,69,8,181,1,2128.62,0,2128.62
10266,20240203,5,11,276,1,2284.3,0,2284.3
10267,20240118,70,2,19,3,3349.78,5,9546.87
10268,20240301,85,7,140,3,6169.54,0,18508.62
10269,20240802,117,14,20,1,5631.66,5,5350.08
10270,20241101,23,24,23,1,5336.87,5,5070.03
10271,20250822,42,1,52,1,2401.74,10,2161.57
10272,20240409,47,11,183,1,2706.69,10,2436.02
10273,20250112,74,25,138,1,3249.83,5,3087.34
10274,20240423,56,13,111,1,7088.96,0,7088.96
10275,20250712,12,4,393,1,1690.47,0,1690.47
10276,20240215,86,8,182,1,4002.37,0,4002.37
10277,20240313,113,10,357,2,4385.13,0,8770.26
10278,20250816,20,3,174,1,1915.63,10,1724.07
10279,20250712,16,3,,3,4330.21,0,12990.63
10280,20250222,71,16,195,1,3918.6,0,3918.6
10281,20250504,2,6,107,1,882.35,10,794.12
10282,20240920,45,2,186,1,1364.28,5,1296.07
10283,20250210,119,15,102,1,2956.72,0,2956.72
10284,20240726,103,25,,2,5201.47,10,9362.65
10285,20241113,26,9,196,1,1355.83,0,1355.83
10286,20250911,15,7,194,4,4621.37,0,18485.48
10287,20240820,76,9,133,1,5042.37,0,5042.37
10288,20240319,108,10,58,1,3374.55,0,3374.55
10289,20250720,36,20,132,3,682.61,0,2047.83
10290,20250925,26,14,15,1,1355.83,0,1355.83
10291,20240725,109,22,121,1,2954.88,5,2807.14
10292,20250314,117,20,227,1,5631.66,0,5631.66
10293,20251120,1,15,198,1,1005.84,0,1005.84
10294,20241201,34,17,260,1,1322.31,5,1256.19
10295,20250119,12,5,349,1,1690.47,0,1690.47
10296,20250916,1,11,,2,1005.84,0,2011.68
10297,20250902,8,16,290,1,3576.07,5,3397.27
10298,20250625,41,13,128,1,5693.66,0,5693.66
10299,20240717,13,7,380,1,4729.21,0,4729.21
10300,20250615,51,8,296,1,2879.69,0,2879.69
10301,20240124,16,22,,1,4330.21,0,4330.21
10302,20251228,46,20,381,1,4179.48,5,3970.51
10303,20250806,34,6,88,1,1322.31,5,1256.19
10304,20240601,117,18,62,2,5631.66,15,9573.82
10305,20250111,96,20,196,1,3006.66,0,3006.66
10306,20250722,85,15,236,1,6169.54,0,6169.54
10307,20241014,70,3,173,1,3349.78,20,2679.82
10308,20240611,80,19,138,2,5880.6,0,11761.2
10309,20240513,30,11,208,1,3704.61,0,3704.61
10310,20250829,32,19,342,2,1604.88,15,2728.3
10311,20250928,50,1,75,2,3814.05,0,7628.1
10312,20251221,19,8,307,1,3799.68,0,3799.68
10313,20251216,96,17,242,1,3006.66,10,2705.99
10314,20250103,54,23,8,2,2808.33,5,5335.83
10315,20251026,82,18,198,1,3179.41,0,3179.41
10316,20250903,106,20,265,1,717.87,5,681.98
10317,20250912,83,14,146,1,2689.64,20,2151.71
10318,20240513,59,16,376,2,2020.12,5,3838.23
10319,20251011,16,20,135,1,4330.21,5,4113.7
10320,20250212,39,10,242,1,3883.73,0,3883.73
10321,20250709,65,10,23,2,3541.34,0,7082.68
10322,20240918,58,25,285,1,5200.5,0,5200.5
10323,20251201,76,13,333,1,5042.37,0,5042.37
10324,20250713,18,22,133,1,5185.3,15,4407.51
10325,20240623,57,4,260,2,3796.83,0,7593.66
10326,20241129,79,3,278,2,1528.97,5,2905.04
10327,20250116,15,6,346,4,4621.37,15,15712.66
10328,20251015,117,10,192,3,5631.66,10,15205.48
10329,20240822,51,11,258,1,2879.69,10,2591.72
10330,20240125,39,15,,1,3883.73,10,3495.36
10331,20240506,84,23,12,1,4822.61,0,4822.61
10332,20240423,94,5,,3,1460.17,20,3504.41
10333,20250111,66,4,395,3,6204.11,5,17681.71
10334,20250331,80,22,319,2,5880.6,20,9408.96
10335,20251129,56,21,136,1,7088.96,0,7088.96
10336,20250109,47,17,89,1,2706.69,10,2436.02
10337,20250901,9,19,320,1,4835.47,0,4835.47
10338,20241117,100,12,87,1,4823.15,5,4581.99
10339,20250509,101,2,323,1,1131.31,5,1074.74
10340,20241229,72,11,146,1,1667.62,10,1500.86
10341,20241125,38,24,372,3,1729.74,15,4410.84
10342,20250814,15,6,337,1,4621.37,5,4390.3
10343,20250215,58,8,188,1,5200.5,5,4940.47
10344,20250411,4,21,111,1,1722.15,0,1722.15
10345,20251003,10,15,,4,3316.3,5,12601.94
10346,20241230,113,16,97,1,4385.13,15,3727.36
10347,20251026,107,4,212,1,1952.14,15,1659.32
10348,20251208,55,21,243,1,735.67,5,698.89
10349,20250120,27,16,252,1,1220.37,5,1159.35
10350,20240805,53,13,265,1,1453.18,5,1380.52
10351,20240510,50,21,60,1,3814.05,0,3814.05
10352,20250529,34,1,392,1,1322.31,5,1256.19
10353,20250220,43,18,96,1,3747.63,5,3560.25
10354,20250203,94,4,237,1,1460.17,0,1460.17
10355,20240111,32,10,,2,1604.88,10,2888.78
10356,20250724,23,17,121,1,5336.87,0,5336.87
10357,20250826,76,9,355,1,5042.37,0,5042.37
10358,20240116,109,1,26,1,2954.88,15,2511.65
10359,20240921,7,23,37,1,4794.43,5,4554.71
10360,20240822,103,10,55,1,5201.47,10,4681.32
10361,20241202,81,11,134,1,1242.05,10,1117.85
10362,20250325,72,22,28,1,1667.62,5,1584.24
10363,20240427,30,1,334,2,3704.61,5,7038.76
10364,20240714,15,3,327,1,4621.37,5,4390.3
10365,20240506,46,5,387,4,4179.48,0,16717.92
10366,20241201,102,25,,2,616.26,5,1170.89
10367,20240130,88,16,380,2,2796.03,0,5592.06
10368,20250127,50,15,,2,3814.05,15,6483.89
10369,20250128,98,1,176,2,850.73,0,1701.46
10370,20250305,38,1,46,1,1729.74,0,1729.74
10371,20241009,3,23,338,1,2631.02,0,2631.02
10372,20250410,80,1,265,4,5880.6,15,19994.04
10373,20240715,42,8,98,2,2401.74,10,4323.13
10374,20250319,14,12,184,1,4823.13,0,4823.13
10375,20251227,11,3,134,1,5902.88,15,5017.45
10376,20240416,18,14,290,1,5185.3,10,4666.77
10377,20250113,70,23,326,1,3349.78,0,3349.78
10378,20240728,109,24,316,1,2954.88,0,2954.88
10379,20241127,53,1,210,3,1453.18,20,3487.63
10380,20241001,42,25,323,2,2401.74,0,4803.48
10381,20250913,110,7,318,1,3839.63,5,3647.65
10382,20250826,55,11,93,3,735.67,0,2207.01
10383,20240915,112,9,332,2,1434.74,5,2726.01
10384,20250923,28,1,356,1,3988.05,0,3988.05
10385,20250529,34,9,369,1,1322.31,10,1190.08
10386,20240827,8,16,243,1,3576.07,20,2860.86
10387,20241113,84,13,352,1,4822.61,20,3858.09
10388,20240602,72,14,,1,1667.62,0,1667.62
10389,20240912,57,14,35,1,3796.83,0,3796.83
10390,20250713,92,20,356,1,2008.22,0,2008.22
10391,20250624,8,4,146,1,3576.07,0,3576.07
10392,20251020,35,9,130,1,3748.04,10,3373.24
10393,20240823,100,22,208,1,4823.15,0,4823.15
10394,20251212,9,19,170,1,4835.47,15,4110.15
10395,20240108,73,9,352,1,6348.65,0,6348.65
10396,20241228,115,25,68,1,2419.05,0,2419.05
10397,20240331,39,14,6,2,3883.73,0,7767.46
10398,20250608,70,24,242,1,3349.78,0,3349.78
10399,20240419,40,8,228,1,6858.19,0,6858.19
10400,20250112,42,14,372,1,2401.74,0,2401.74
10401,20241012,73,8,275,1,6348.65,5,6031.22
10402,20250519,26,5,365,2,1355.83,5,2576.08
10403,20250914,93,2,242,1,4029.05,0,4029.05
10404,20240110,102,6,164,1,616.26,0,616.26
10405,20250410,85,11,298,1,6169.54,0,6169.54
10406,20250710,41,4,178,1,5693.66,5,5408.98
10407,20250811,36,2,254,1,682.61,10,614.35
10408,20250429,18,8,396,1,5185.3,10,4666.77
10409,20250618,69,3,259,1,2128.62,10,1915.76
10410,20240218,57,13,391,1,3796.83,0,3796.83
10411,20250814,118,12,275,1,5698.72,5,5413.78
10412,20250419,99,2,189,1,4915.0,0,4915.0
10413,20250424,53,19,209,1,1453.18,0,1453.18
10414,20250117,114,9,196,1,3973.22,10,3575.9
10415,20250512,101,1,325,1,1131.31,20,905.05
10416,20250522,108,5,15,1,3374.55,0,3374.55
10417,20240608,15,13,379,4,4621.37,15,15712.66
10418,20250322,24,20,198,1,3205.37,10,2884.83
10419,20240704,62,8,269,1,978.5,0,978.5
10420,20240928,22,13,379,1,6438.69,0,6438.69
10421,20240104,81,21,339,1,1242.05,0,1242.05
10422,20250811,43,17,312,2,3747.63,0,7495.26
10423,20240529,10,20,,2,3316.3,5,6300.97
10424,20240712,94,2,153,1,1460.17,0,1460.17
10425,20241129,27,10,273,2,1220.37,0,2440.74
10426,20241224,96,1,213,1,3006.66,0,3006.66
10427,20241112,88,25,333,1,2796.03,15,2376.63
10428,20250218,120,7,,2,5078.17,5,9648.52
10429,20250130,99,25,49,1,4915.0,0,4915.0
10430,20240814,29,15,132,4,1567.62,15,5329.91
10431,20240929,103,5,384,3,5201.47,0,15604.41
10432,20251120,51,1,346,2,2879.69,0,5759.38
10433,20250702,99,11,4,2,4915.0,5,9338.5
10434,20251113,75,4,27,1,2266.5,0,2266.5
10435,20240112,57,5,32,1,3796.83,0,3796.83
10436,20250728,89,15,75,1,4062.25,10,3656.03
10437,20250309,100,13,116,1,4823.15,0,4823.15
10438,20250618,90,14,46,2,3873.38,5,7359.42
10439,20240215,68,12,166,2,1648.1,5,3131.39
10440,20251229,38,23,35,1,1729.74,0,1729.74
10441,20250821,22,4,34,2,6438.69,20,10301.9
10442,20241123,19,13,,1,3799.68,0,3799.68
10443,20240302,86,19,124,2,4002.37,5,7604.5
10444,20250430,18,1,396,1,5185.3,0,5185.3
10445,20241118,34,15,,1,1322.31,5,1256.19
10446,20250721,12,23,209,1,1690.47,5,1605.95
10447,20240402,30,1,156,1,3704.61,20,2963.69
10448,20250128,113,5,329,3,4385.13,5,12497.62
10449,20251115,43,8,330,2,3747.63,10,6745.73
10450,20240902,1,11,42,3,1005.84,0,3017.52
10451,20250124,22,10,,3,6438.69,0,19316.07
10452,20240129,108,3,,3,3374.55,15,8605.1
10453,20251220,9,19,260,2,4835.47,10,8703.85
10454,20240403,68,20,77,1,1648.1,0,1648.1
10455,20241128,25,14,397,1,659.99,0,659.99
10456,20251117,10,18,,1,3316.3,0,3316.3
10457,20240228,30,15,366,1,3704.61,5,3519.38
10458,20240630,44,3,389,1,4747.67,10,4272.9
10459,20250131,113,4,270,3,4385.13,5,12497.62
10460,20240513,40,3,366,1,6858.19,0,6858.19
10461,20251030,102,21,109,1,616.26,0,616.26
10462,20240216,88,13,,1,2796.03,0,2796.03
10463,20250601,76,15,356,1,5042.37,0,5042.37
10464,20250424,96,15,380,2,3006.66,15,5111.32
10465,20241030,83,4,,1,2689.64,0,2689.64
10466,20240521,5,16,396,1,2284.3,20,1827.44
10467,20240107,25,16,300,1,659.99,0,659.99
10468,20240830,3,19,131,2,2631.02,0,5262.04
10469,20240518,106,12,319,2,717.87,10,1292.17
10470,20240622,66,11,37,1,6204.11,15,5273.49
10471,20250205,95,7,162,1,3960.41,0,3960.41
10472,20240421,31,7,335,1,7243.85,0,7243.85
10473,20240411,104,21,56,1,6527.04,5,6200.69
10474,20251217,32,16,106,1,1604.88,10,1444.39
10475,20250306,61,23,28,1,5731.62,5,5445.04
10476,20240507,28,24,372,1,3988.05,5,3788.65
10477,20240604,10,4,,1,3316.3,0,3316.3
10478,20250809,71,7,26,1,3918.6,5,3722.67
10479,20240806,114,8,308,1,3973.22,0,3973.22
10480,20250612,104,21,323,1,6527.04,5,6200.69
10481,20250308,106,1,389,2,717.87,0,1435.74
10482,20250729,73,14,340,2,6348.65,5,12062.43
10483,20250712,16,9,392,1,4330.21,20,3464.17
10484,20250615,54,6,128,2,2808.33,0,5616.66
10485,20250728,2,12,269,4,882.35,0,3529.4
10486,20251105,105,19,19,1,2890.92,5,2746.37
10487,20250805,7,6,215,1,4794.43,0,4794.43
10488,20240723,84,12,272,2,4822.61,5,9162.96
10489,20250125,35,17,354,2,3748.04,10,6746.47
10490,20240709,88,25,75,1,2796.03,10,2516.43
10491,20250116,33,5,79,3,2291.4,5,6530.49
10492,20250721,75,18,,1,2266.5,0,2266.5
10493,20250813,71,25,107,2,3918.6,0,7837.2
10494,20251120,78,25,319,1,1807.55,10,1626.8
10495,20250119,54,22,55,1,2808.33,10,2527.5
10496,20241004,69,9,142,1,2128.62,0,2128.62
10497,20250803,105,7,89,3,2890.92,0,8672.76
10498,20240923,45,22,260,1,1364.28,0,1364.28
10499,20250430,46,19,45,3,4179.48,0,12538.44
10500,20251106,55,13,342,1,735.67,5,698.89
10501,20250621,89,20,365,1,4062.25,0,4062.25
10502,20250509,6,13,132,2,843.99,15,1434.78
10503,20240619,85,7,174,2,6169.54,15,10488.22
10504,20250303,2,13,267,1,882.35,0,882.35
10505,20240701,114,25,186,1,3973.22,5,3774.56
10506,20241022,28,14,,2,3988.05,0,7976.1
10507,20241021,69,22,348,1,2128.62,10,1915.76
10508,20250629,14,16,226,2,4823.13,0,9646.26
10509,20250619,17,14,223,1,1735.19,5,1648.43
10510,20251012,5,17,244,3,2284.3,20,5482.32
10511,20251025,101,2,182,3,1131.31,5,3224.23
10512,20240205,60,15,225,2,4273.1,0,8546.2
10513,20240718,39,1,350,1,3883.73,0,3883.73
10514,20241211,102,1,345,2,616.26,0,1232.52
10515,20241024,111,8,393,1,1506.58,0,1506.58
10516,20251201,63,23,217,1,4196.34,0,4196.34
10517,20250602,46,8,11,2,4179.48,0,8358.96
10518,20240507,106,22,,1,717.87,0,717.87
10519,20241123,112,5,87,1,1434.74,0,1434.74
10520,20250331,90,17,322,3,3873.38,0,11620.14
10521,20250610,89,18,73,3,4062.25,0,12186.75
10522,20241024,18,1,45,1,5185.3,0,5185.3
10523,20250606,23,16,117,2,5336.87,0,10673.74
10524,20250605,70,3,225,2,3349.78,0,6699.56
10525,20240919,14,18,258,1,4823.13,0,4823.13
10526,20240322,83,12,384,2,2689.64,10,4841.35
10527,20240422,76,9,379,1,5042.37,10,4538.13
10528,20250423,54,23,108,2,2808.33,0,5616.66
10529,20240826,48,15,273,2,2551.26,10,4592.27
10530,20250215,82,18,163,4,3179.41,0,12717.64
10531,20240824,108,15,236,1,3374.55,10,3037.1
10532,20250402,24,15,346,2,3205.37,5,6090.2
10533,20240725,16,23,308,1,4330.21,0,4330.21
10534,20240511,32,7,263,1,1604.88,0,1604.88
10535,20240420,43,12,391,1,3747.63,0,3747.63
10536,20240908,76,22,232,1,5042.37,15,4286.01
10537,20241004,87,4,359,1,2952.23,20,2361.78
10538,20250630,116,14,,1,6480.7,0,6480.7
10539,20240906,48,19,17,1,2551.26,0,2551.26
10540,20250601,59,15,174,3,2020.12,5,5757.34
10541,20250528,37,2,145,1,3761.37,10,3385.23
10542,20251202,77,19,357,1,5233.57,0,5233.57
10543,20250221,91,1,,1,6185.93,5,5876.63
10544,20251106,50,22,105,2,3814.05,5,7246.69
10545,20240710,64,18,100,1,4068.92,5,3865.47
10546,20251221,110,16,306,1,3839.63,10,3455.67
10547,20250513,95,22,307,1,3960.41,10,3564.37
10548,20250526,85,24,121,3,6169.54,5,17583.19
10549,20250616,10,1,388,1,3316.3,15,2818.86
10550,20241014,1,17,42,1,1005.84,10,905.26
10551,20240602,92,23,397,1,2008.22,0,2008.22
10552,20240915,119,11,99,2,2956.72,10,5322.1
10553,20240528,120,21,169,1,5078.17,0,5078.17
10554,20250126,60,24,267,2,4273.1,0,8546.2
10555,20250723,108,1,192,1,3374.55,0,3374.55
10556,20241020,24,1,,1,3205.37,5,3045.1
10557,20240601,29,10,114,1,1567.62,10,1410.86
10558,20240406,38,6,146,1,1729.74,0,1729.74
10559,20250610,8,4,369,1,3576.07,15,3039.66
10560,20251106,35,20,283,2,3748.04,10,6746.47
10561,20250808,52,20,163,1,2796.94,0,2796.94
10562,20241210,30,21,56,1,3704.61,0,3704.61
10563,20250511,18,3,163,2,5185.3,5,9852.07
10564,20251010,120,2,3,1,5078.17,0,5078.17
10565,20241002,64,21,,1,4068.92,15,3458.58
10566,20251207,11,8,374,2,5902.88,0,11805.76
10567,20240118,8,13,6,1,3576.07,0,3576.07
10568,20240531,74,8,186,1,3249.83,0,3249.83
10569,20251004,76,7,390,1,5042.37,5,4790.25
10570,20250626,18,22,154,1,5185.3,10,4666.77
10571,20250829,16,8,,1,4330.21,0,4330.21
10572,20250608,48,11,249,1,2551.26,0,2551.26
10573,20240711,53,9,,2,1453.18,0,2906.36
10574,20240410,48,4,64,1,2551.26,0,2551.26
10575,20241021,15,8,85,2,4621.37,5,8780.6
10576,20240304,10,1,92,1,3316.3,5,3150.49
10577,20240503,28,19,350,1,3988.05,5,3788.65
10578,20241118,119,17,145,4,2956.72,0,11826.88
10579,20241120,5,6,366,1,2284.3,15,1941.66
10580,20250924,11,13,27,1,5902.88,0,5902.88
10581,20250817,44,8,48,1,4747.67,5,4510.29
10582,20250529,83,10,92,2,2689.64,10,4841.35
10583,20251108,70,3,335,2,3349.78,5,6364.58
10584,20240503,92,21,156,1,2008.22,0,2008.22
10585,20250807,60,20,45,1,4273.1,0,4273.1
10586,20251111,14,20,383,2,4823.13,10,8681.63
10587,20240420,45,9,108,2,1364.28,10,2455.7
10588,20251208,58,2,,1,5200.5,15,4420.43
10589,20240102,119,10,287,1,2956.72,10,2661.05
10590,20250220,34,22,75,1,1322.31,0,1322.31
10591,20240127,79,18,91,2,1528.97,0,3057.94
10592,20250111,19,21,289,4,3799.68,5,14438.78
10593,20240513,48,21,65,1,2551.26,20,2041.01
10594,20241118,49,12,375,1,3974.14,5,3775.43
10595,20250311,57,3,73,1,3796.83,10,3417.15
10596,20250923,40,9,50,1,6858.19,0,6858.19
10597,20250813,58,5,104,1,5200.5,5,4940.47
10598,20241112,99,21,23,1,4915.0,0,4915.0
10599,20250209,72,14,261,1,1667.62,5,1584.24
10600,20250323,106,4,32,2,717.87,20,1148.59
10601,20240519,105,23,360,1,2890.92,0,2890.92
10602,20240115,19,13,220,2,3799.68,10,6839.42
10603,20250616,85,9,32,1,6169.54,10,5552.59
10604,20251030,17,6,277,1,1735.19,0,1735.19
10605,20240119,53,1,331,2,1453.18,0,2906.36
10606,20251224,57,18,,3,3796.83,20,9112.39
10607,20241215,85,24,314,2,6169.54,5,11722.13
10608,20250510,19,19,205,1,3799.68,0,3799.68
10609,20240906,29,9,184,1,1567.62,0,1567.62
10610,20240801,3,20,214,1,2631.02,0,2631.02
10611,20251029,26,7,365,1,1355.83,10,1220.25
10612,20240221,65,11,23,1,3541.34,0,3541.34
10613,20241212,79,17,,1,1528.97,0,1528.97
10614,20241214,69,12,376,1,2128.62,0,2128.62
10615,20250820,105,16,358,1,2890.92,5,2746.37
10616,20241219,5,9,152,2,2284.3,20,3654.88
10617,20251013,86,10,361,4,4002.37,5,15209.01
10618,20240523,97,22,,1,4779.12,0,4779.12
10619,20241003,78,3,270,1,1807.55,10,1626.8
10620,20250408,114,23,146,3,3973.22,5,11323.68
10621,20241003,117,5,263,1,5631.66,5,5350.08
10622,20250810,43,22,236,4,3747.63,0,14990.52
10623,20250324,117,20,211,2,5631.66,0,11263.32
10624,20241011,79,11,175,1,1528.97,20,1223.18
10625,20241107,57,18,195,2,3796.83,0,7593.66
10626,20250320,26,18,87,1,1355.83,15,1152.46
10627,20240114,93,11,289,2,4029.05,0,8058.1
10628,20240617,14,4,259,1,4823.13,15,4099.66
10629,20250125,21,8,43,1,1209.52,15,1028.09
10630,20250113,107,12,323,1,1952.14,0,1952.14
10631,20240219,120,22,348,2,5078.17,0,10156.34
10632,20250817,110,2,,1,3839.63,0,3839.63
10633,20250414,86,21,388,1,4002.37,0,4002.37
10634,20241019,109,3,200,4,2954.88,15,10046.59
10635,20240803,44,20,75,1,4747.67,0,4747.67
10636,20251126,107,20,77,1,1952.14,0,1952.14
10637,20250413,34,23,202,1,1322.31,10,1190.08
10638,20250309,118,12,202,2,5698.72,15,9687.82
10639,20250215,40,1,125,1,6858.19,0,6858.19
10640,20250205,15,15,29,1,4621.37,10,4159.23
10641,20250415,74,13,316,2,3249.83,0,6499.66
10642,20250821,83,14,117,1,2689.64,0,2689.64
10643,20250907,118,6,162,1,5698.72,0,5698.72
10644,20251231,68,7,307,2,1648.1,0,3296.2
10645,20251007,38,3,111,1,1729.74,0,1729.74
10646,20240227,15,2,276,3,4621.37,0,13864.11
10647,20251130,6,12,383,4,843.99,0,3375.96
10648,20241202,120,18,400,4,5078.17,0,20312.68
10649,20251110,85,12,313,2,6169.54,0,12339.08
10650,20251014,8,21,56,1,3576.07,0,3576.07
10651,20241104,71,16,268,1,3918.6,0,3918.6
10652,20250407,116,13,14,1,6480.7,0,6480.7
10653,20240726,85,6,67,1,6169.54,0,6169.54
10654,20240701,19,16,,1,3799.68,5,3609.7
10655,20240330,59,8,383,3,2020.12,20,4848.29
10656,20250304,59,8,29,1,2020.12,5,1919.11
10657,20240215,120,16,255,1,5078.17,10,4570.35
10658,20251113,25,14,229,1,659.99,15,560.99
10659,20250415,90,14,355,2,3873.38,20,6197.41
10660,20250425,81,4,15,2,1242.05,0,2484.1
10661,20240422,92,22,66,2,2008.22,0,4016.44
10662,20250819,91,9,174,2,6185.93,0,12371.86
10663,20251206,34,20,234,1,1322.31,0,1322.31
10664,20240707,55,4,269,1,735.67,0,735.67
10665,20250901,116,11,245,1,6480.7,0,6480.7
10666,20250729,32,7,390,1,1604.88,20,1283.9
10667,20240814,81,8,180,1,1242.05,0,1242.05
10668,20250509,2,11,128,1,882.35,10,794.12
10669,20240211,69,25,307,1,2128.62,0,2128.62
10670,20250129,8,13,354,1,3576.07,20,2860.86
10671,20250714,78,12,293,1,1807.55,0,1807.55
10672,20240717,2,18,302,1,882.35,0,882.35
10673,20250129,28,18,392,1,3988.05,0,3988.05
10674,20241030,99,9,,1,4915.0,0,4915.0
10675,20251013,83,22,,2,2689.64,0,5379.28
10676,20241201,37,17,294,3,3761.37,0,11284.11
10677,20240114,38,17,264,1,1729.74,0,1729.74
10678,20251030,62,9,349,1,978.5,5,929.57
10679,20250511,47,17,130,2,2706.69,10,4872.04
10680,20240622,39,25,257,1,3883.73,10,3495.36
10681,20250705,77,20,235,1,5233.57,0,5233.57
10682,20251116,37,25,135,1,3761.37,0,3761.37
10683,20250708,116,24,317,1,6480.7,10,5832.63
10684,20250324,117,7,64,1,5631.66,5,5350.08
10685,20240515,51,3,359,1,2879.69,5,2735.71
10686,20251017,67,6,189,2,4800.44,0,9600.88
10687,20240821,56,7,,1,7088.96,0,7088.96
10688,20240326,53,7,317,1,1453.18,0,1453.18
10689,20240401,59,8,102,4,2020.12,5,7676.46
10690,20241226,51,18,202,1,2879.69,5,2735.71
10691,20250403,6,24,31,2,843.99,0,1687.98
10692,20240204,108,23,105,1,3374.55,10,3037.1
10693,20240606,79,6,165,1,1528.97,0,1528.97
10694,20240901,34,7,229,1,1322.31,10,1190.08
10695,20240117,114,11,316,1,3973.22,0,3973.22
10696,20251017,69,14,,1,2128.62,0,2128.62
10697,20250406,99,5,340,1,4915.0,0,4915.0
10698,20240915,48,13,353,1,2551.26,10,2296.13
10699,20240502,87,2,328,1,2952.23,0,2952.23
10700,20240131,2,25,296,1,882.35,0,882.35
10701,20250322,60,10,330,3,4273.1,20,10255.44
10702,20250823,99,8,336,3,4915.0,15,12533.25
10703,20250220,90,22,186,2,3873.38,5,7359.42
10704,20250311,27,8,209,1,1220.37,0,1220.37
10705,20251214,87,3,351,1,2952.23,0,2952.23
10706,20240713,3,8,255,1,2631.02,0,2631.02
10707,20250327,30,2,211,1,3704.61,0,3704.61
10708,20241216,4,7,140,3,1722.15,0,5166.45
10709,20240529,65,24,374,1,3541.34,0,3541.34
10710,20240519,38,18,52,1,1729.74,5,1643.25
10711,20250622,93,18,300,1,4029.05,10,3626.15
10712,20241115,102,8,254,1,616.26,0,616.26
10713,20240827,25,24,136,1,659.99,15,560.99
10714,20250509,55,24,66,1,735.67,0,735.67
10715,20240127,95,16,8,1,3960.41,0,3960.41
10716,20250408,102,16,222,2,616.26,0,1232.52
10717,20250603,85,11,,1,6169.54,0,6169.54
10718,20251119,58,1,377,2,5200.5,10,9360.9
10719,20240916,21,18,325,1,1209.52,20,967.62
10720,20251005,33,6,,1,2291.4,0,2291.4
10721,20250710,6,12,352,2,843.99,10,1519.18
10722,20250827,84,24,262,1,4822.61,0,4822.61
10723,20240502,67,25,26,3,4800.44,0,14401.32
10724,20250424,48,23,294,1,2551.26,5,2423.7
10725,20250827,71,12,232,2,3918.6,20,6269.76
10726,20240110,4,25,93,1,1722.15,5,1636.04
10727,20240902,78,14,172,1,1807.55,10,1626.8
10728,20250622,113,21,154,1,4385.13,5,4165.87
10729,20240809,101,25,5,3,1131.31,0,3393.93
10730,20250224,30,9,323,1,3704.61,20,2963.69
10731,20250131,64,17,,2,4068.92,10,7324.06
10732,20250330,84,22,284,1,4822.61,5,4581.48
10733,20251220,40,9,68,1,6858.19,0,6858.19
10734,20240709,34,19,280,1,1322.31,0,1322.31
10735,20241130,74,6,,1,3249.83,0,3249.83
10736,20251230,6,12,247,1,843.99,0,843.99
10737,20250907,94,9,34,1,1460.17,0,1460.17
10738,20240325,50,11,33,1,3814.05,5,3623.35
10739,20250718,87,15,395,1,2952.23,0,2952.23
10740,20241130,52,14,67,1,2796.94,0,2796.94
10741,20241010,55,7,17,1,735.67,10,662.1
10742,20251130,82,16,213,1,3179.41,0,3179.41
10743,20250507,71,13,236,3,3918.6,0,11755.8
10744,20240129,29,5,57,1,1567.62,5,1489.24
10745,20241010,42,18,184,2,2401.74,0,4803.48
10746,20250814,65,10,353,2,3541.34,0,7082.68
10747,20241222,9,20,263,1,4835.47,0,4835.47
10748,20250305,19,18,30,1,3799.68,15,3229.73
10749,20250511,15,1,215,1,4621.37,0,4621.37
10750,20240819,89,20,142,1,4062.25,20,3249.8
10751,20240604,119,16,94,1,2956.72,0,2956.72
10752,20250516,119,11,381,2,2956.72,0,5913.44
10753,20250312,18,12,382,1,5185.3,5,4926.03
10754,20250401,9,17,61,1,4835.47,15,4110.15
10755,20250328,57,15,197,1,3796.83,5,3606.99
10756,20250922,26,17,,2,1355.83,0,2711.66
10757,20250420,66,25,400,1,6204.11,0,6204.11
10758,20250810,9,19,119,1,4835.47,0,4835.47
10759,20251230,88,9,,1,2796.03,5,2656.23
10760,20240216,86,17,116,1,4002.37,5,3802.25
10761,20250709,96,19,325,1,3006.66,0,3006.66
10762,20241108,8,25,162,2,3576.07,0,7152.14
10763,20240611,109,1,390,1,2954.88,0,2954.88
10764,20250923,23,17,240,1,5336.87,0,5336.87
10765,20241119,30,25,210,1,3704.61,0,3704.61
10766,20241216,83,7,67,1,2689.64,10,2420.68
10767,20240723,96,7,97,2,3006.66,20,4810.66
10768,20251105,39,2,308,1,3883.73,0,3883.73
10769,20250729,74,2,75,1,3249.83,0,3249.83
10770,20250423,30,12,56,1,3704.61,0,3704.61
10771,20241119,61,22,132,2,5731.62,5,10890.08
10772,20240616,73,14,,1,6348.65,10,5713.78
10773,20241116,19,22,230,1,3799.68,0,3799.68
10774,20240218,49,6,219,4,3974.14,0,15896.56
10775,20240308,81,22,78,1,1242.05,0,1242.05
10776,20241024,29,15,79,2,1567.62,20,2508.19
10777,20240208,55,14,134,1,735.67,0,735.67
10778,20251020,120,21,254,1,5078.17,0,5078.17
10779,20240219,57,2,,1,3796.83,15,3227.31
10780,20250118,92,12,181,1,2008.22,0,2008.22
10781,20250625,93,5,397,2,4029.05,5,7655.19
10782,20251205,27,15,,1,1220.37,5,1159.35
10783,20240314,108,22,285,1,3374.55,15,2868.37
10784,20251019,52,20,33,2,2796.94,0,5593.88
10785,20250713,11,17,169,3,5902.88,0,17708.64
10786,20240331,47,18,62,1,2706.69,15,2300.69
10787,20240522,31,20,266,1,7243.85,0,7243.85
10788,20250419,9,19,41,1,4835.47,0,4835.47
10789,20240630,98,4,,1,850.73,0,850.73
10790,20250513,91,3,387,1,6185.93,0,6185.93
10791,20241202,115,14,303,1,2419.05,0,2419.05
10792,20250330,118,1,214,4,5698.72,15,19375.65
10793,20241105,55,7,28,1,735.67,10,662.1
10794,20251010,38,6,260,1,1729.74,20,1383.79
10795,20250309,18,8,141,1,5185.3,20,4148.24
10796,20240529,51,22,,1,2879.69,0,2879.69
10797,20251223,90,6,66,1,3873.38,5,3679.71
10798,20240827,50,5,,1,3814.05,20,3051.24
10799,20241023,19,4,261,2,3799.68,0,7599.36
10800,20240201,19,23,202,4,3799.68,20,12158.98
10801,20240422,11,18,,1,5902.88,0,5902.88
10802,20250617,70,11,303,1,3349.78,5,3182.29
10803,20250531,24,22,255,3,3205.37,5,9135.3
10804,20250402,68,17,272,3,1648.1,0,4944.3
10805,20251202,80,4,256,1,5880.6,5,5586.57
10806,20240806,73,4,77,1,6348.65,0,6348.65
10807,20250615,21,21,317,1,1209.52,5,1149.04
10808,20250413,41,10,,1,5693.66,0,5693.66
10809,20240220,48,11,145,1,2551.26,15,2168.57
10810,20251206,39,16,99,1,3883.73,20,3106.98
10811,20240725,54,20,,1,2808.33,10,2527.5
10812,20240610,93,21,315,3,4029.05,0,12087.15
10813,20240417,2,23,51,1,882.35,5,838.23
10814,20250610,73,14,183,2,6348.65,5,12062.43
10815,20240111,1,9,161,2,1005.84,0,2011.68
10816,20250525,78,10,190,1,1807.55,0,1807.55
10817,20240731,22,13,353,1,6438.69,0,6438.69
10818,20250406,19,9,292,3,3799.68,5,10829.09
10819,20240503,21,6,303,1,1209.52,0,1209.52
10820,20251026,114,21,214,1,3973.22,15,3377.24
10821,20240217,8,19,,1,3576.07,0,3576.07
10822,20250607,48,8,382,3,2551.26,0,7653.78
10823,20250511,117,1,295,1,5631.66,0,5631.66
10824,20251224,78,16,,1,1807.55,0,1807.55
10825,20240319,27,16,295,1,1220.37,0,1220.37
10826,20240513,55,8,195,1,735.67,0,735.67
10827,20240311,1,11,293,1,1005.84,5,955.55
10828,20240424,70,1,154,2,3349.78,5,6364.58
10829,20240127,42,2,353,1,2401.74,0,2401.74
10830,20250822,35,20,,2,3748.04,0,7496.08
10831,20241204,54,21,83,1,2808.33,0,2808.33
10832,20250129,10,1,21,1,3316.3,10,2984.67
10833,20240411,63,4,318,1,4196.34,0,4196.34
10834,20240601,72,4,383,1,1667.62,5,1584.24
10835,20250725,68,10,227,1,1648.1,0,1648.1
10836,20251127,93,4,149,1,4029.05,20,3223.24
10837,20240306,54,10,125,1,2808.33,5,2667.91
10838,20240513,67,18,237,3,4800.44,0,14401.32
10839,20250411,33,4,283,1,2291.4,5,2176.83
10840,20240520,99,18,364,4,4915.0,0,19660.0
10841,20241227,63,4,278,1,4196.34,10,3776.71
10842,20251011,100,22,352,1,4823.15,5,4581.99
10843,20241221,107,16,209,2,1952.14,0,3904.28
10844,20241120,111,18,381,2,1506.58,10,2711.84
10845,20240207,94,20,83,1,1460.17,0,1460.17
10846,20250215,23,1,220,1,5336.87,5,5070.03
10847,20250528,31,14,304,1,7243.85,5,6881.66
10848,20240130,24,17,358,3,3205.37,5,9135.3
10849,20240725,93,25,3,1,4029.05,0,4029.05
10850,20250902,112,21,393,1,1434.74,0,1434.74
10851,20241220,14,21,87,2,4823.13,0,9646.26
10852,20250622,11,23,237,1,5902.88,20,4722.3
10853,20251023,24,12,101,1,3205.37,20,2564.3
10854,20250627,14,5,167,1,4823.13,0,4823.13
10855,20241201,18,14,,1,5185.3,0,5185.3
10856,20251016,14,6,126,3,4823.13,0,14469.39
10857,20250621,68,18,40,1,1648.1,0,1648.1
10858,20240519,34,21,397,2,1322.31,10,2380.16
10859,20250301,45,5,49,1,1364.28,0,1364.28
10860,20251016,35,11,25,2,3748.04,5,7121.28
10861,20240205,76,19,,1,5042.37,5,4790.25
10862,20240429,42,17,,2,2401.74,5,4563.31
10863,20240326,89,3,166,1,4062.25,5,3859.14
10864,20240419,22,6,176,1,6438.69,0,6438.69
10865,20240619,116,17,392,3,6480.7,0,19442.1
10866,20250617,24,13,22,1,3205.37,0,3205.37
10867,20250511,32,18,,1,1604.88,0,1604.88
10868,20250911,31,16,56,1,7243.85,0,7243.85
10869,20250113,15,10,196,2,4621.37,0,9242.74
10870,20240503,101,16,210,1,1131.31,5,1074.74
10871,20250722,30,10,123,1,3704.61,5,3519.38
10872,20240612,60,11,214,2,4273.1,0,8546.2
10873,20250429,79,20,182,1,1528.97,0,1528.97
10874,20240716,94,22,244,1,1460.17,10,1314.15
10875,20250814,109,3,282,1,2954.88,5,2807.14
10876,20240715,118,21,139,2,5698.72,20,9117.95
10877,20251008,86,12,170,1,4002.37,0,4002.37
10878,20250712,48,12,44,1,2551.26,0,2551.26
10879,20250407,47,16,222,3,2706.69,20,6496.06
10880,20250417,10,2,364,1,3316.3,15,2818.86
10881,20241018,23,25,128,1,5336.87,0,5336.87
10882,20251221,94,12,200,1,1460.17,10,1314.15
10883,20240308,42,20,240,1,2401.74,0,2401.74
10884,20250423,120,21,197,2,5078.17,15,8632.89
10885,20250315,78,1,,1,1807.55,0,1807.55
10886,20250422,42,11,,1,2401.74,20,1921.39
10887,20240411,34,10,122,2,1322.31,0,2644.62
10888,20250224,96,20,205,1,3006.66,10,2705.99
10889,20250903,115,12,,3,2419.05,0,7257.15
10890,20240821,69,8,359,2,2128.62,5,4044.38
10891,20240322,41,11,294,2,5693.66,10,10248.59
10892,20240612,60,15,348,1,4273.1,0,4273.1
10893,20250630,80,20,332,1,5880.6,15,4998.51
10894,20250205,3,2,,1,2631.02,0,2631.02
10895,20251120,81,16,35,2,1242.05,0,2484.1
10896,20251105,78,15,269,1,1807.55,5,1717.17
10897,20250808,110,8,,1,3839.63,10,3455.67
10898,20250428,19,11,25,2,3799.68,0,7599.36
10899,20251018,1,14,325,1,1005.84,5,955.55
10900,20241005,53,23,203,1,1453.18,15,1235.2
10901,20240102,54,17,94,2,2808.33,5,5335.83
10902,20240609,111,17,385,1,1506.58,0,1506.58
10903,20251015,72,9,,1,1667.62,0,1667.62
10904,20240427,75,1,138,2,2266.5,0,4533.0
10905,20251126,100,4,70,1,4823.15,0,4823.15
10906,20251010,57,25,291,2,3796.83,0,7593.66
10907,20240817,104,7,60,1,6527.04,0,6527.04
10908,20240507,109,17,145,1,2954.88,0,2954.88
10909,20250116,95,25,88,1,3960.41,0,3960.41
10910,20250405,118,25,151,2,5698.72,10,10257.7
10911,20240503,110,12,184,1,3839.63,10,3455.67
10912,20240411,42,24,16,1,2401.74,0,2401.74
10913,20250611,29,17,276,1,1567.62,0,1567.62
10914,20240526,5,5,56,3,2284.3,10,6167.61
10915,20250218,120,6,,1,5078.17,5,4824.26
10916,20250311,88,16,365,2,2796.03,0,5592.06
10917,20250418,14,24,222,2,4823.13,10,8681.63
10918,20250404,19,12,,1,3799.68,10,3419.71
10919,20250422,32,14,264,1,1604.88,5,1524.64
10920,20251226,75,9,76,2,2266.5,5,4306.35
10921,20240502,81,12,5,2,1242.05,20,1987.28
10922,20250725,11,16,41,4,5902.88,0,23611.52
10923,20250414,10,20,,1,3316.3,5,3150.49
10924,20250223,55,24,210,1,735.67,20,588.54
10925,20240328,68,17,123,2,1648.1,10,2966.58
10926,20240123,54,3,231,1,2808.33,20,2246.66
10927,20241215,89,2,177,1,4062.25,5,3859.14
10928,20250916,15,22,275,1,4621.37,10,4159.23
10929,20250305,35,2,101,1,3748.04,5,3560.64
10930,20241110,27,9,,2,1220.37,0,2440.74
10931,20251205,109,11,44,1,2954.88,0,2954.88
10932,20240420,63,11,194,2,4196.34,0,8392.68
10933,20250516,75,1,380,1,2266.5,0,2266.5
10934,20250616,26,6,,1,1355.83,5,1288.04
10935,20250720,94,22,149,1,1460.17,0,1460.17
10936,20240505,17,13,300,1,1735.19,5,1648.43
10937,20251025,18,5,228,1,5185.3,20,4148.24
10938,20251126,29,10,254,1,1567.62,5,1489.24
10939,20240214,13,8,366,1,4729.21,15,4019.83
10940,20240514,34,12,64,3,1322.31,10,3570.24
10941,20240418,70,5,172,1,3349.78,10,3014.8
10942,20240429,89,1,134,1,4062.25,10,3656.03
10943,20250322,46,14,129,1,4179.48,0,4179.48
10944,20250816,11,21,,2,5902.88,0,11805.76
10945,20250407,25,14,213,1,659.99,0,659.99
10946,20240321,90,6,283,2,3873.38,0,7746.76
10947,20251017,115,10,,1,2419.05,10,2177.15
10948,20251116,18,4,34,1,5185.3,5,4926.03
10949,20240910,75,13,124,2,2266.5,15,3853.05
10950,20240218,22,17,232,1,6438.69,5,6116.76
10951,20240701,100,1,44,2,4823.15,5,9163.98
10952,20240808,47,1,365,1,2706.69,0,2706.69
10953,20250615,97,19,312,1,4779.12,0,4779.12
10954,20250727,27,14,143,1,1220.37,0,1220.37
10955,20241023,43,15,294,3,3747.63,20,8994.31
10956,20250109,35,19,223,1,3748.04,0,3748.04
10957,20250412,88,13,,1,2796.03,5,2656.23
10958,20250710,12,16,249,1,1690.47,20,1352.38
10959,20250827,108,10,95,1,3374.55,5,3205.82
10960,20250819,49,7,89,1,3974.14,0,3974.14
10961,20240112,40,6,337,3,6858.19,20,16459.66
10962,20251228,35,16,85,1,3748.04,0,3748.04
10963,20240331,50,18,,1,3814.05,10,3432.65
10964,20240704,35,5,325,1,3748.04,5,3560.64
10965,20250205,89,16,102,1,4062.25,5,3859.14
10966,20250803,69,8,283,1,2128.62,20,1702.9
10967,20250913,74,2,272,1,3249.83,0,3249.83
10968,20251025,97,23,94,1,4779.12,10,4301.21
10969,20251130,118,25,271,1,5698.72,10,5128.85
10970,20241003,52,15,,1,2796.94,0,2796.94
10971,20250308,78,7,136,1,1807.55,0,1807.55
10972,20240131,98,23,256,2,850.73,15,1446.24
10973,20250325,22,3,19,1,6438.69,0,6438.69
10974,20240307,52,8,176,1,2796.94,0,2796.94
10975,20250603,42,20,,1,2401.74,0,2401.74
10976,20240623,106,10,,4,717.87,0,2871.48
10977,20250109,47,1,341,1,2706.69,0,2706.69
10978,20240427,37,3,242,3,3761.37,0,11284.11
10979,20250104,31,7,267,1,7243.85,15,6157.27
10980,20251108,69,8,87,1,2128.62,15,1809.33
10981,20240903,65,22,42,1,3541.34,20,2833.07
10982,20241011,115,21,29,2,2419.05,0,4838.1
10983,20240526,50,6,373,1,3814.05,0,3814.05
10984,20240817,85,16,373,1,6169.54,0,6169.54
10985,20250121,61,5,141,3,5731.62,0,17194.86
10986,20250507,23,5,217,1,5336.87,0,5336.87
10987,20250528,111,8,113,1,1506.58,0,1506.58
10988,20251009,49,2,352,1,3974.14,0,3974.14
10989,20240602,85,15,52,1,6169.54,15,5244.11
10990,20241228,68,7,140,1,1648.1,0,1648.1
10991,20250412,29,1,260,2,1567.62,5,2978.48
10992,20250611,97,3,295,2,4779.12,15,8124.5
10993,20241022,94,22,57,2,1460.17,0,2920.34
10994,20250323,29,12,253,1,1567.62,0,1567.62
10995,20251213,66,8,390,1,6204.11,5,5893.9
10996,20240925,80,18,,1,5880.6,10,5292.54
10997,20240629,79,8,225,1,1528.97,10,1376.07
10998,20241009,45,11,377,1,1364.28,0,1364.28
10999,20241109,19,20,238,3,3799.68,0,11399.04
11000,20250314,72,7,119,1,1667.62,10,1500.86
11001,20250629,28,7,181,1,3988.05,5,3788.65
11002,20251015,81,8,175,1,1242.05,20,993.64
11003,20240719,116,3,200,1,6480.7,0,6480.7
11004,20250306,33,12,356,2,2291.4,0,4582.8
11005,20241226,108,15,,1,3374.55,10,3037.1
11006,20250505,12,12,45,1,1690.47,0,1690.47
11007,20240823,102,8,203,1,616.26,5,585.45
11008,20250115,44,1,172,2,4747.67,0,9495.34
11009,20240226,91,24,134,1,6185.93,15,5258.04
11010,20250327,25,22,339,1,659.99,0,659.99
11011,20240202,11,15,277,4,5902.88,10,21250.37
11012,20251007,56,25,204,1,7088.96,5,6734.51
11013,20250723,90,24,216,1,3873.38,10,3486.04
11014,20240117,80,20,146,1,5880.6,0,5880.6
11015,20240821,119,20,261,2,2956.72,0,5913.44
11016,20250315,72,4,320,1,1667.62,0,1667.62
11017,20240323,12,1,270,1,1690.47,5,1605.95
11018,20250622,111,7,292,1,1506.58,15,1280.59
11019,20250112,25,5,199,1,659.99,10,593.99
11020,20250209,25,22,29,1,659.99,0,659.99
11021,20240905,93,25,,1,4029.05,0,4029.05
11022,20240720,26,6,354,3,1355.83,15,3457.37
11023,20250915,10,4,194,1,3316.3,15,2818.86
11024,20240423,10,11,,2,3316.3,0,6632.6
11025,20251219,100,22,212,2,4823.15,5,9163.98
11026,20240530,25,20,192,3,659.99,5,1880.97
11027,20250728,20,14,27,1,1915.63,0,1915.63
11028,20250411,1,7,214,1,1005.84,0,1005.84
11029,20250624,65,25,157,2,3541.34,5,6728.55
11030,20250730,11,7,137,1,5902.88,0,5902.88
11031,20240122,47,7,271,1,2706.69,5,2571.36
11032,20240413,98,6,5,1,850.73,15,723.12
11033,20241005,21,17,75,1,1209.52,0,1209.52
11034,20250317,5,25,,1,2284.3,5,2170.09
11035,20250518,19,24,287,1,3799.68,15,3229.73
11036,20251230,69,6,,2,2128.62,10,3831.52
11037,20240406,6,4,388,1,843.99,15,717.39
11038,20240218,109,24,264,1,2954.88,0,2954.88
11039,20240127,37,22,359,1,3761.37,0,3761.37
11040,20250413,107,22,219,1,1952.14,0,1952.14
11041,20240203,7,20,172,1,4794.43,5,4554.71
11042,20251226,81,9,110,1,1242.05,5,1179.95
11043,20240901,22,16,,2,6438.69,0,12877.38
11044,20251211,23,21,7,1,5336.87,0,5336.87
11045,20240605,26,8,399,1,1355.83,20,1084.66
11046,20240210,75,22,159,2,2266.5,15,3853.05
11047,20250610,29,3,400,2,1567.62,5,2978.48
11048,20241020,96,19,110,4,3006.66,0,12026.64
11049,20240316,51,3,263,1,2879.69,5,2735.71
11050,20251229,50,8,249,1,3814.05,0,3814.05
11051,20251104,41,16,134,1,5693.66,0,5693.66
11052,20250906,16,15,53,2,4330.21,10,7794.38
11053,20250921,72,18,74,1,1667.62,10,1500.86
11054,20250722,67,5,345,1,4800.44,20,3840.35
11055,20251124,110,11,70,1,3839.63,20,3071.7
11056,20240525,85,5,150,3,6169.54,0,18508.62
11057,20250303,39,3,,1,3883.73,0,3883.73
11058,20240524,25,1,200,2,659.99,10,1187.98
11059,20250407,54,1,207,1,2808.33,5,2667.91
11060,20241231,16,16,155,1,4330.21,0,4330.21
11061,20241114,31,20,263,3,7243.85,15,18471.82
11062,20251215,73,1,52,1,6348.65,0,6348.65
11063,20250203,56,17,,3,7088.96,10,19140.19
11064,20250205,86,24,150,2,4002.37,0,8004.74
11065,20251006,81,4,218,1,1242.05,20,993.64
11066,20251218,55,4,252,3,735.67,10,1986.31
11067,20250119,118,21,167,2,5698.72,5,10827.57
11068,20250122,55,10,289,1,735.67,0,735.67
11069,20250904,87,21,94,1,2952.23,0,2952.23
11070,20250410,90,10,386,1,3873.38,5,3679.71
11071,20240706,43,23,161,1,3747.63,0,3747.63
11072,20241028,104,15,88,1,6527.04,0,6527.04
11073,20250517,85,13,186,3,6169.54,10,16657.76
11074,20251121,67,3,67,1,4800.44,0,4800.44
11075,20240217,37,14,117,3,3761.37,0,11284.11
11076,20240309,84,16,173,2,4822.61,10,8680.7
11077,20240517,49,16,282,1,3974.14,0,3974.14
11078,20240218,19,24,99,1,3799.68,0,3799.68
11079,20240219,118,16,10,2,5698.72,5,10827.57
11080,20240513,117,3,100,1,5631.66,0,5631.66
11081,20241112,8,19,190,1,3576.07,15,3039.66
11082,20250315,107,6,286,1,1952.14,0,1952.14
11083,20240313,77,18,142,2,5233.57,0,10467.14
11084,20250202,58,24,362,3,5200.5,0,15601.5
11085,20250918,102,22,341,2,616.26,10,1109.27
11086,20250307,42,3,44,1,2401.74,0,2401.74
11087,20240913,118,16,248,1,5698.72,0,5698.72
11088,20251027,9,10,74,1,4835.47,0,4835.47
11089,20250625,64,2,4,1,4068.92,0,4068.92
11090,20241220,8,14,106,2,3576.07,5,6794.53
11091,20250212,31,22,336,1,7243.85,0,7243.85
11092,20241127,107,10,100,3,1952.14,5,5563.6
11093,20250316,6,13,106,1,843.99,0,843.99
11094,20240512,82,2,17,1,3179.41,0,3179.41
11095,20250209,54,18,,1,2808.33,10,2527.5
11096,20251020,57,14,,2,3796.83,0,7593.66
11097,20250128,83,14,,1,2689.64,5,2555.16
11098,20240830,95,3,143,1,3960.41,0,3960.41
11099,20241007,35,20,35,1,3748.04,0,3748.04
11100,20250107,80,2,287,1,5880.6,5,5586.57
11101,20240604,54,21,167,1,2808.33,0,2808.33
11102,20241107,113,25,134,2,4385.13,20,7016.21
11103,20240214,67,21,20,1,4800.44,0,4800.44
11104,20250301,30,9,,1,3704.61,5,3519.38
11105,20250124,113,3,290,1,4385.13,0,4385.13
11106,20240721,32,13,166,2,1604.88,0,3209.76
11107,20240201,35,22,92,2,3748.04,0,7496.08
11108,20241011,35,12,49,1,3748.04,5,3560.64
11109,20241006,54,4,81,1,2808.33,0,2808.33
11110,20240426,42,20,212,1,2401.74,5,2281.65
11111,20240119,81,16,301,1,1242.05,0,1242.05
11112,20251031,89,20,15,1,4062.25,5,3859.14
11113,20250709,13,5,32,1,4729.21,0,4729.21
11114,20250923,68,24,76,1,1648.1,0,1648.1
11115,20251217,57,3,27,4,3796.83,0,15187.32
11116,20250915,51,11,,2,2879.69,0,5759.38
11117,20251121,85,1,58,1,6169.54,5,5861.06
11118,20250927,58,25,216,1,5200.5,5,4940.47
11119,20240108,84,10,210,1,4822.61,0,4822.61
11120,20241215,51,3,224,1,2879.69,0,2879.69
11121,20250818,45,3,191,1,1364.28,10,1227.85
11122,20240518,65,24,90,1,3541.34,0,3541.34
11123,20241008,23,5,340,1,5336.87,0,5336.87
11124,20250823,63,17,63,1,4196.34,20,3357.07
11125,20240316,78,9,277,1,1807.55,0,1807.55
11126,20250120,30,11,20,2,3704.61,5,7038.76
11127,20251026,18,15,71,1,5185.3,0,5185.3
11128,20240930,16,4,93,1,4330.21,20,3464.17
11129,20241220,67,17,258,1,4800.44,5,4560.42
11130,20240719,51,21,87,1,2879.69,10,2591.72
11131,20251214,27,3,353,1,1220.37,0,1220.37
11132,20240129,60,17,,1,4273.1,5,4059.45
11133,20240511,14,19,279,3,4823.13,0,14469.39
11134,20240619,119,20,34,1,2956.72,0,2956.72
11135,20240818,11,3,160,1,5902.88,15,5017.45
11136,20251209,58,21,5,1,5200.5,5,4940.47
11137,20251003,88,19,340,1,2796.03,5,2656.23
11138,20240821,11,23,9,1,5902.88,0,5902.88
11139,20240823,75,11,159,1,2266.5,5,2153.17
11140,20250610,36,12,40,3,682.61,10,1843.05
11141,20251111,98,19,235,1,850.73,15,723.12
11142,20241003,26,3,,1,1355.83,15,1152.46
11143,20240926,68,15,144,1,1648.1,0,1648.1
11144,20240107,75,6,,2,2266.5,0,4533.0
11145,20250512,8,25,307,2,3576.07,0,7152.14
11146,20240531,97,19,140,1,4779.12,0,4779.12
11147,20240625,108,17,45,2,3374.55,0,6749.1
11148,20240205,120,15,88,3,5078.17,0,15234.51
11149,20250811,60,12,329,2,4273.1,0,8546.2
11150,20240602,10,17,285,1,3316.3,0,3316.3
11151,20250305,117,12,340,1,5631.66,0,5631.66
11152,20250114,30,9,12,1,3704.61,0,3704.61
11153,20251130,114,16,,1,3973.22,0,3973.22
11154,20250413,57,11,313,2,3796.83,15,6454.61
11155,20240922,113,7,358,1,4385.13,5,4165.87
11156,20240406,108,3,303,1,3374.55,15,2868.37
11157,20240625,84,4,296,1,4822.61,15,4099.22
11158,20240222,120,1,347,3,5078.17,5,14472.78
11159,20240609,116,19,283,1,6480.7,0,6480.7
11160,20240414,53,14,60,1,1453.18,0,1453.18
11161,20240220,12,1,81,1,1690.47,10,1521.42
11162,20250501,30,15,358,1,3704.61,0,3704.61
11163,20251115,116,16,312,1,6480.7,20,5184.56
11164,20250509,22,19,,1,6438.69,5,6116.76
11165,20250713,54,11,,1,2808.33,0,2808.33
11166,20251125,117,22,359,1,5631.66,0,5631.66
11167,20250503,20,16,302,2,1915.63,0,3831.26
11168,20240714,45,20,62,1,1364.28,0,1364.28
11169,20250103,10,22,16,1,3316.3,20,2653.04
11170,20240420,23,20,270,1,5336.87,5,5070.03
11171,20241006,67,14,,1,4800.44,0,4800.44
11172,20240713,113,11,14,1,4385.13,10,3946.62
11173,20240328,8,19,,1,3576.07,5,3397.27
11174,20241215,108,22,262,1,3374.55,0,3374.55
11175,20250120,29,17,165,1,1567.62,5,1489.24
11176,20250204,70,4,197,1,3349.78,0,3349.78
11177,20251126,7,1,228,1,4794.43,0,4794.43
11178,20251129,108,12,386,2,3374.55,0,6749.1
11179,20241205,9,23,364,1,4835.47,5,4593.7
11180,20250411,64,18,395,1,4068.92,0,4068.92
11181,20240306,38,23,156,1,1729.74,15,1470.28
11182,20241229,47,15,114,1,2706.69,15,2300.69
11183,20240519,53,14,312,2,1453.18,0,2906.36
11184,20240706,61,11,37,1,5731.62,5,5445.04
11185,20240305,23,12,318,1,5336.87,0,5336.87
11186,20240726,101,20,291,1,1131.31,0,1131.31
11187,20240110,9,22,171,1,4835.47,0,4835.47
11188,20250303,68,10,88,1,1648.1,0,1648.1
11189,20240919,43,25,272,1,3747.63,10,3372.87
11190,20240601,36,1,71,1,682.61,20,546.09
11191,20250820,116,24,,1,6480.7,20,5184.56
11192,20250817,37,7,54,4,3761.37,20,12036.38
11193,20240207,14,2,344,1,4823.13,0,4823.13
11194,20241112,85,5,302,1,6169.54,15,5244.11
11195,20241105,6,4,248,2,843.99,0,1687.98
11196,20251011,117,4,261,1,5631.66,0,5631.66
11197,20250113,105,4,303,2,2890.92,15,4914.56
11198,20251228,58,1,91,2,5200.5,5,9880.95
11199,20240316,97,14,312,1,4779.12,0,4779.12
11200,20250413,83,18,238,1,2689.64,5,2555.16
11201,20250428,35,24,226,1,3748.04,15,3185.83
11202,20251212,115,15,393,2,2419.05,0,4838.1
11203,20250721,23,3,359,1,5336.87,0,5336.87
11204,20250910,101,1,29,1,1131.31,0,1131.31
11205,20240916,109,13,273,1,2954.88,0,2954.88
11206,20250109,85,15,98,1,6169.54,0,6169.54
11207,20250415,25,4,,2,659.99,0,1319.98
11208,20250918,24,11,241,1,3205.37,0,3205.37
11209,20241024,40,8,84,3,6858.19,0,20574.57
11210,20250117,120,13,,1,5078.17,0,5078.17
11211,20240829,85,24,364,1,6169.54,0,6169.54
11212,20250316,1,17,198,1,1005.84,5,955.55
11213,20241031,5,16,398,1,2284.3,10,2055.87
11214,20240216,98,23,245,1,850.73,5,808.19
11215,20240414,101,16,12,1,1131.31,0,1131.31
11216,20240324,41,23,251,1,5693.66,0,5693.66
11217,20250102,95,6,360,1,3960.41,5,3762.39
11218,20240728,97,14,,4,4779.12,0,19116.48
11219,20240206,39,2,204,2,3883.73,10,6990.71
11220,20240623,25,13,260,4,659.99,5,2507.96
11221,20251229,95,19,234,1,3960.41,15,3366.35
11222,20240322,103,4,109,1,5201.47,0,5201.47
11223,20250306,50,3,397,1,3814.05,0,3814.05
11224,20240422,75,15,221,2,2266.5,5,4306.35
11225,20250620,9,13,195,1,4835.47,10,4351.92
11226,20240306,56,18,340,1,7088.96,5,6734.51
11227,20240212,7,15,83,4,4794.43,15,16301.06
11228,20240521,58,3,72,1,5200.5,0,5200.5
11229,20250927,103,15,10,1,5201.47,0,5201.47
11230,20240606,59,8,220,1,2020.12,10,1818.11
11231,20250804,80,5,133,1,5880.6,0,5880.6
11232,20250228,95,3,257,2,3960.41,0,7920.82
11233,20241103,70,12,333,1,3349.78,0,3349.78
11234,20240418,17,24,244,2,1735.19,0,3470.38
11235,20240418,35,9,258,1,3748.04,0,3748.04
11236,20251218,89,12,312,2,4062.25,0,8124.5
11237,20250519,72,4,75,1,1667.62,5,1584.24
11238,20240827,28,23,351,1,3988.05,5,3788.65
11239,20251112,75,7,216,3,2266.5,0,6799.5
11240,20240430,41,3,,2,5693.66,5,10817.95
11241,20250204,9,1,34,2,4835.47,0,9670.94
11242,20240603,62,16,338,3,978.5,0,2935.5
11243,20250803,103,18,252,1,5201.47,5,4941.4
11244,20250423,30,6,158,4,3704.61,0,14818.44
11245,20251107,54,25,109,1,2808.33,0,2808.33
11246,20240516,105,7,71,1,2890.92,5,2746.37
11247,20241001,31,10,,3,7243.85,0,21731.55
11248,20250219,19,25,206,1,3799.68,0,3799.68
11249,20251231,111,23,223,1,1506.58,0,1506.58
11250,20240913,16,8,,1,4330.21,0,4330.21
11251,20240215,93,5,254,1,4029.05,0,4029.05
11252,20240430,26,24,211,1,1355.83,5,1288.04
11253,20240318,85,9,8,1,6169.54,0,6169.54
11254,20250315,81,11,382,1,1242.05,0,1242.05
11255,20240727,83,13,350,2,2689.64,0,5379.28
11256,20240820,61,11,,4,5731.62,10,20633.83
11257,20241027,27,5,369,1,1220.37,20,976.3
11258,20250508,72,9,360,3,1667.62,0,5002.86
11259,20240226,49,23,232,2,3974.14,5,7550.87
11260,20240922,92,12,358,1,2008.22,0,2008.22
11261,20240119,61,21,23,2,5731.62,0,11463.24
11262,20240212,95,1,157,1,3960.41,0,3960.41
11263,20250522,79,11,147,2,1528.97,5,2905.04
11264,20250522,90,9,162,2,3873.38,5,7359.42
11265,20251020,48,1,252,4,2551.26,0,10205.04
11266,20250814,49,21,398,1,3974.14,0,3974.14
11267,20250722,103,4,160,1,5201.47,0,5201.47
11268,20240304,110,10,206,1,3839.63,5,3647.65
11269,20240322,76,3,219,1,5042.37,5,4790.25
11270,20251226,18,5,170,3,5185.3,0,15555.9
11271,20250902,80,6,69,1,5880.6,10,5292.54
11272,20240409,114,15,337,1,3973.22,0,3973.22
11273,20251124,95,2,361,3,3960.41,0,11881.23
11274,20251027,119,18,153,1,2956.72,0,2956.72
11275,20240429,89,3,114,2,4062.25,0,8124.5
11276,20250420,97,12,47,1,4779.12,0,4779.12
11277,20250604,61,14,348,1,5731.62,0,5731.62
11278,20250430,103,3,290,1,5201.47,0,5201.47
11279,20250909,7,9,,1,4794.43,15,4075.27
11280,20240523,92,24,366,1,2008.22,5,1907.81
11281,20241201,82,16,95,1,3179.41,5,3020.44
11282,20240326,77,3,361,1,5233.57,0,5233.57
11283,20251102,75,11,172,1,2266.5,0,2266.5
11284,20241022,16,6,213,1,4330.21,0,4330.21
11285,20251103,6,14,168,1,843.99,10,759.59
11286,20240214,108,25,363,1,3374.55,0,3374.55
11287,20241107,9,3,367,1,4835.47,0,4835.47
11288,20240402,46,2,193,2,4179.48,10,7523.06
11289,20241209,48,9,238,4,2551.26,5,9694.79
11290,20251117,114,3,34,2,3973.22,0,7946.44
11291,20250101,18,17,209,1,5185.3,0,5185.3
11292,20250607,3,20,,1,2631.02,15,2236.37
11293,20251211,42,5,172,2,2401.74,0,4803.48
11294,20250528,48,10,197,1,2551.26,0,2551.26
11295,20240725,63,5,287,1,4196.34,0,4196.34
11296,20240801,10,10,274,1,3316.3,0,3316.3
11297,20250309,65,2,163,1,3541.34,15,3010.14
11298,20241217,97,19,381,4,4779.12,5,18160.66
11299,20250902,58,11,95,2,5200.5,0,10401.0
11300,20250515,5,2,72,1,2284.3,0,2284.3
11301,20240716,113,5,17,2,4385.13,15,7454.72
11302,20240331,91,3,366,2,6185.93,20,9897.49
11303,20240701,79,22,371,1,1528.97,10,1376.07
11304,20251014,56,3,48,1,7088.96,0,7088.96
11305,20240108,27,16,326,2,1220.37,5,2318.7
11306,20240507,103,5,318,1,5201.47,5,4941.4
11307,20250608,100,13,,1,4823.15,0,4823.15
11308,20251201,42,15,186,1,2401.74,15,2041.48
11309,20250129,18,23,351,1,5185.3,0,5185.3
11310,20250222,109,23,378,1,2954.88,0,2954.88
11311,20250606,102,12,358,2,616.26,5,1170.89
11312,20240108,75,11,372,1,2266.5,10,2039.85
11313,20250823,41,20,32,1,5693.66,0,5693.66
11314,20240808,106,5,208,2,717.87,0,1435.74
11315,20251212,44,24,,1,4747.67,0,4747.67
11316,20240911,4,17,18,1,1722.15,0,1722.15
11317,20240615,36,14,246,1,682.61,5,648.48
11318,20250306,71,21,229,2,3918.6,0,7837.2
11319,20241027,12,2,319,1,1690.47,0,1690.47
11320,20250426,84,5,315,2,4822.61,0,9645.22
11321,20240629,37,25,174,1,3761.37,0,3761.37
11322,20251008,58,2,133,1,5200.5,0,5200.5
11323,20250810,12,15,40,1,1690.47,0,1690.47
11324,20251030,81,11,321,1,1242.05,15,1055.74
11325,20240820,84,8,332,2,4822.61,10,8680.7
11326,20241014,32,21,252,1,1604.88,0,1604.88
11327,20250215,116,18,107,1,6480.7,10,5832.63
11328,20251206,24,17,105,1,3205.37,5,3045.1
11329,20251202,118,8,346,1,5698.72,0,5698.72
11330,20250107,18,12,52,1,5185.3,0,5185.3
11331,20240220,56,10,117,2,7088.96,0,14177.92
11332,20241029,8,25,292,1,3576.07,0,3576.07
11333,20250607,19,13,286,1,3799.68,0,3799.68
11334,20250220,98,8,127,1,850.73,5,808.19
11335,20251011,19,22,397,1,3799.68,0,3799.68
11336,20240501,48,12,220,3,2551.26,0,7653.78
11337,20251225,62,10,34,1,978.5,0,978.5
11338,20251212,102,19,82,2,616.26,5,1170.89
11339,20240831,54,1,254,1,2808.33,0,2808.33
11340,20250923,80,12,120,1,5880.6,10,5292.54
11341,20251007,109,19,395,1,2954.88,15,2511.65
11342,20250315,25,11,52,1,659.99,0,659.99
11343,20250428,112,12,231,1,1434.74,0,1434.74
11344,20250516,5,20,80,1,2284.3,0,2284.3
11345,20250604,100,12,,1,4823.15,0,4823.15
11346,20240607,9,25,42,1,4835.47,0,4835.47
11347,20240715,70,3,142,1,3349.78,0,3349.78
11348,20241005,14,11,129,1,4823.13,0,4823.13
11349,20250804,18,5,320,1,5185.3,5,4926.03
11350,20250426,39,9,,1,3883.73,5,3689.54
11351,20250129,21,20,367,1,1209.52,10,1088.57
11352,20240514,82,17,166,1,3179.41,0,3179.41
11353,20240618,98,19,322,1,850.73,10,765.66
11354,20241002,90,1,393,2,3873.38,0,7746.76
11355,20250816,72,19,377,1,1667.62,5,1584.24
11356,20240212,9,16,189,1,4835.47,0,4835.47
11357,20240927,83,15,145,1,2689.64,0,2689.64
11358,20240302,41,9,128,1,5693.66,20,4554.93
11359,20251117,21,5,214,1,1209.52,20,967.62
11360,20240814,20,15,325,1,1915.63,5,1819.85
11361,20251118,46,2,114,1,4179.48,15,3552.56
11362,20241107,62,14,319,1,978.5,0,978.5
11363,20240711,20,11,243,1,1915.63,0,1915.63
11364,20240703,21,21,227,1,1209.52,0,1209.52
11365,20240918,31,25,147,1,7243.85,0,7243.85
11366,20251120,52,5,166,1,2796.94,0,2796.94
11367,20250106,115,12,257,1,2419.05,5,2298.1
11368,20240410,94,21,389,3,1460.17,0,4380.51
11369,20241001,61,15,130,1,5731.62,5,5445.04
11370,20241223,101,18,361,1,1131.31,10,1018.18
11371,20240417,16,25,36,1,4330.21,0,4330.21
11372,20250629,105,7,42,2,2890.92,0,5781.84
11373,20250313,13,25,332,2,4729.21,0,9458.42
11374,20241231,12,25,234,1,1690.47,5,1605.95
11375,20251016,4,5,340,1,1722.15,5,1636.04
11376,20240911,28,4,167,3,3988.05,0,11964.15
11377,20250527,13,1,228,1,4729.21,10,4256.29
11378,20250917,70,18,276,1,3349.78,15,2847.31
11379,20241230,33,17,141,2,2291.4,15,3895.38
11380,20250723,113,2,,3,4385.13,0,13155.39
11381,20241204,67,21,,2,4800.44,5,9120.84
11382,20250122,20,5,124,2,1915.63,15,3256.57
11383,20240803,50,9,294,1,3814.05,5,3623.35
11384,20241114,56,12,289,3,7088.96,0,21266.88
11385,20250106,39,17,186,1,3883.73,15,3301.17
11386,20240602,48,15,210,1,2551.26,5,2423.7
11387,20251129,8,16,85,1,3576.07,0,3576.07
11388,20240709,27,5,,1,1220.37,0,1220.37
11389,20240529,58,5,18,1,5200.5,0,5200.5
11390,20240208,2,18,244,1,882.35,15,750.0
11391,20250608,21,5,66,1,1209.52,0,1209.52
11392,20250829,79,8,254,1,1528.97,0,1528.97
11393,20250427,65,22,106,1,3541.34,20,2833.07
11394,20240826,70,13,356,1,3349.78,0,3349.78
11395,20240113,87,7,323,2,2952.23,0,5904.46
11396,20250218,120,16,285,2,5078.17,0,10156.34
11397,20250329,113,4,295,3,4385.13,5,12497.62
11398,20251201,52,24,17,1,2796.94,0,2796.94
11399,20241210,62,17,90,1,978.5,5,929.57
11400,20250918,95,15,278,1,3960.41,0,3960.41
11401,20240604,49,5,347,1,3974.14,0,3974.14
11402,20240315,35,18,251,1,3748.04,5,3560.64
11403,20241212,73,24,63,1,6348.65,0,6348.65
11404,20250611,97,24,,1,4779.12,0,4779.12
11405,20250620,118,23,301,2,5698.72,0,11397.44
11406,20250325,77,13,371,1,5233.57,10,4710.21
11407,20250502,107,12,182,3,1952.14,10,5270.78
11408,20251227,30,20,321,1,3704.61,20,2963.69
11409,20241225,42,5,15,3,2401.74,10,6484.7
11410,20240716,7,18,239,3,4794.43,20,11506.63
11411,20250502,112,14,,1,1434.74,20,1147.79
11412,20250430,8,7,128,1,3576.07,10,3218.46
11413,20251021,44,17,323,1,4747.67,0,4747.67
11414,20251224,111,20,177,1,1506.58,10,1355.92
11415,20250421,35,8,197,1,3748.04,0,3748.04
11416,20250926,68,17,201,1,1648.1,0,1648.1
11417,20251026,15,15,163,1,4621.37,15,3928.16
11418,20240210,89,19,238,4,4062.25,0,16249.0
11419,20250607,67,1,200,1,4800.44,5,4560.42
11420,20241219,10,8,,1,3316.3,10,2984.67
11421,20240616,73,14,103,2,6348.65,0,12697.3
11422,20250204,103,18,379,1,5201.47,20,4161.18
11423,20241030,50,3,,4,3814.05,0,15256.2
11424,20251207,97,4,234,2,4779.12,0,9558.24
11425,20240505,61,14,164,3,5731.62,15,14615.63
11426,20250719,66,5,307,1,6204.11,5,5893.9
11427,20250509,5,10,146,3,2284.3,0,6852.9
11428,20250106,54,5,106,1,2808.33,15,2387.08
11429,20240830,15,13,298,1,4621.37,0,4621.37
11430,20240523,118,22,252,2,5698.72,5,10827.57
11431,20250821,85,9,314,4,6169.54,20,19742.53
11432,20240719,7,16,188,1,4794.43,5,4554.71
11433,20251012,2,7,87,1,882.35,20,705.88
11434,20250504,83,2,101,1,2689.64,0,2689.64
11435,20251105,20,14,372,1,1915.63,20,1532.5
11436,20240225,64,17,120,1,4068.92,0,4068.92
11437,20251019,53,9,311,1,1453.18,5,1380.52
11438,20240413,19,21,331,2,3799.68,5,7219.39
11439,20250702,85,22,356,1,6169.54,0,6169.54
11440,20240430,88,14,102,1,2796.03,5,2656.23
11441,20250907,24,22,191,1,3205.37,15,2724.56
11442,20240322,12,10,88,2,1690.47,0,3380.94
11443,20240221,66,1,29,1,6204.11,10,5583.7
11444,20240314,60,16,52,1,4273.1,5,4059.45
11445,20250609,76,8,113,1,5042.37,0,5042.37
11446,20240520,85,5,106,1,6169.54,0,6169.54
11447,20250503,88,16,199,1,2796.03,0,2796.03
11448,20241007,21,16,334,1,1209.52,0,1209.52
11449,20240123,62,14,353,1,978.5,0,978.5
11450,20240811,111,11,,1,1506.58,0,1506.58
11451,20240325,117,1,62,1,5631.66,0,5631.66
11452,20240311,6,24,145,1,843.99,15,717.39
11453,20240709,1,1,131,2,1005.84,5,1911.1
11454,20241003,33,12,50,4,2291.4,0,9165.6
11455,20250221,43,8,2,1,3747.63,0,3747.63
11456,20250607,86,16,266,2,4002.37,10,7204.27
11457,20240706,81,8,377,2,1242.05,5,2359.89
11458,20250327,57,1,291,2,3796.83,0,7593.66
11459,20241101,19,12,34,1,3799.68,0,3799.68
11460,20251225,41,17,47,1,5693.66,0,5693.66
11461,20250118,118,25,69,1,5698.72,5,5413.78
11462,20240912,111,1,259,1,1506.58,0,1506.58
11463,20240414,52,3,268,3,2796.94,0,8390.82
11464,20240311,14,23,34,1,4823.13,0,4823.13
11465,20240221,76,22,3,1,5042.37,0,5042.37
11466,20251225,101,5,399,3,1131.31,0,3393.93
11467,20250304,111,23,225,1,1506.58,0,1506.58
11468,20250808,101,7,120,2,1131.31,20,1810.1
11469,20251213,108,10,188,1,3374.55,0,3374.55
11470,20240131,70,11,250,1,3349.78,0,3349.78
11471,20241123,43,14,295,1,3747.63,0,3747.63
11472,20240605,20,23,201,1,1915.63,0,1915.63
11473,20250630,82,4,273,1,3179.41,0,3179.41
11474,20250823,79,7,331,1,1528.97,0,1528.97
11475,20240914,26,2,221,1,1355.83,10,1220.25
11476,20250608,18,9,,2,5185.3,0,10370.6
11477,20240312,58,25,57,1,5200.5,5,4940.47
11478,20250921,57,8,356,1,3796.83,0,3796.83
11479,20250503,13,11,175,1,4729.21,15,4019.83
11480,20250822,79,20,205,2,1528.97,15,2599.25
11481,20240827,79,2,387,1,1528.97,0,1528.97
11482,20240629,108,17,277,2,3374.55,0,6749.1
11483,20251021,111,18,235,1,1506.58,10,1355.92
11484,20240822,11,19,,3,5902.88,5,16823.21
11485,20241229,81,15,142,1,1242.05,20,993.64
11486,20250612,113,23,237,1,4385.13,0,4385.13
11487,20250831,61,2,,1,5731.62,5,5445.04
11488,20241020,119,5,69,3,2956.72,5,8426.65
11489,20240210,80,24,192,1,5880.6,15,4998.51
11490,20240609,5,2,356,1,2284.3,10,2055.87
11491,20250621,93,25,284,1,4029.05,0,4029.05
11492,20241116,117,23,126,2,5631.66,0,11263.32
11493,20240414,70,16,232,1,3349.78,0,3349.78
11494,20250808,35,21,374,1,3748.04,0,3748.04
11495,20240814,81,1,56,1,1242.05,0,1242.05
11496,20240227,104,15,198,1,6527.04,0,6527.04
11497,20250223,83,25,255,1,2689.64,20,2151.71
11498,20241012,59,1,298,3,2020.12,20,4848.29
11499,20250426,34,12,,1,1322.31,0,1322.31
11500,20250828,20,12,347,1,1915.63,10,1724.07
11501,20241206,89,21,174,3,4062.25,0,12186.75
11502,20251111,66,4,4,1,6204.11,0,6204.11
11503,20241124,88,11,125,1,2796.03,5,2656.23
11504,20240121,62,24,322,2,978.5,0,1957.0
11505,20250414,21,22,5,1,1209.52,15,1028.09
11506,20250912,92,7,318,1,2008.22,0,2008.22
11507,20240620,25,18,284,3,659.99,0,1979.97
11508,20251205,20,18,50,2,1915.63,0,3831.26
11509,20250210,26,16,39,1,1355.83,20,1084.66
11510,20250712,56,17,125,1,7088.96,5,6734.51
11511,20251221,108,24,134,1,3374.55,5,3205.82
11512,20250526,89,23,,2,4062.25,0,8124.5
11513,20240811,98,17,32,2,850.73,5,1616.39
11514,20250626,60,1,315,2,4273.1,15,7264.27
11515,20250804,26,4,237,1,1355.83,0,1355.83
11516,20240715,42,4,169,1,2401.74,0,2401.74
11517,20240523,25,8,14,1,659.99,20,527.99
11518,20250803,98,24,343,1,850.73,15,723.12
11519,20250922,70,8,101,1,3349.78,5,3182.29
11520,20250513,27,22,168,2,1220.37,0,2440.74
11521,20250716,21,20,300,3,1209.52,5,3447.13
11522,20241213,73,24,145,3,6348.65,0,19045.95
11523,20241127,79,11,,1,1528.97,0,1528.97
11524,20250217,39,5,94,1,3883.73,0,3883.73
11525,20250301,31,13,20,1,7243.85,0,7243.85
11526,20240302,38,5,321,1,1729.74,0,1729.74
11527,20251115,70,20,73,1,3349.78,15,2847.31
11528,20241003,57,14,326,1,3796.83,0,3796.83
11529,20250908,74,8,131,2,3249.83,10,5849.69
11530,20240426,32,1,233,1,1604.88,0,1604.88
11531,20241003,76,4,51,2,5042.37,5,9580.5
11532,20250424,3,11,346,1,2631.02,0,2631.02
11533,20250531,7,24,381,1,4794.43,0,4794.43
11534,20250308,22,6,189,1,6438.69,0,6438.69
11535,20250731,2,8,69,1,882.35,0,882.35
11536,20251215,65,17,329,3,3541.34,0,10624.02
11537,20250218,56,1,8,1,7088.96,0,7088.96
11538,20251208,97,19,254,1,4779.12,0,4779.12
11539,20250224,72,11,339,1,1667.62,0,1667.62
11540,20240801,93,13,261,4,4029.05,0,16116.2
11541,20240209,45,7,159,1,1364.28,0,1364.28
11542,20250523,108,10,328,2,3374.55,15,5736.74
11543,20240212,88,18,,1,2796.03,5,2656.23
11544,20250820,116,8,208,1,6480.7,10,5832.63
11545,20250826,86,1,342,1,4002.37,0,4002.37
11546,20241103,110,22,128,2,3839.63,5,7295.3
11547,20240514,41,24,290,1,5693.66,15,4839.61
11548,20240131,84,23,247,1,4822.61,0,4822.61
11549,20240522,58,8,360,1,5200.5,0,5200.5
11550,20250227,26,25,217,1,1355.83,20,1084.66
11551,20240422,49,18,,2,3974.14,0,7948.28
11552,20240713,44,17,253,1,4747.67,0,4747.67
11553,20250102,20,10,165,1,1915.63,0,1915.63
11554,20251020,69,7,92,1,2128.62,0,2128.62
11555,20251222,112,7,334,2,1434.74,0,2869.48
11556,20250925,102,13,,3,616.26,0,1848.78
11557,20240302,43,15,250,1,3747.63,0,3747.63
11558,20240325,113,11,249,2,4385.13,5,8331.75
11559,20240422,2,22,223,1,882.35,15,750.0
11560,20250219,48,25,5,1,2551.26,15,2168.57
11561,20240107,4,14,208,2,1722.15,5,3272.09
11562,20240712,21,2,12,1,1209.52,0,1209.52
11563,20241012,60,1,268,3,4273.1,20,10255.44
11564,20250528,41,2,103,1,5693.66,0,5693.66
11565,20241210,3,18,73,2,2631.02,10,4735.84
11566,20250624,41,24,349,2,5693.66,0,11387.32
11567,20240528,9,19,197,1,4835.47,0,4835.47
11568,20250119,40,8,,1,6858.19,0,6858.19
11569,20240517,4,19,335,1,1722.15,0,1722.15
11570,20251007,46,16,360,3,4179.48,15,10657.67
11571,20250617,98,14,267,2,850.73,0,1701.46
11572,20250815,74,16,129,1,3249.83,0,3249.83
11573,20240915,67,1,73,1,4800.44,5,4560.42
11574,20240502,58,12,,1,5200.5,0,5200.5
11575,20250407,109,12,,1,2954.88,20,2363.9
11576,20251009,104,23,264,1,6527.04,0,6527.04
11577,20250313,55,10,343,4,735.67,5,2795.55
11578,20250727,1,4,10,1,1005.84,0,1005.84
11579,20250626,84,4,236,2,4822.61,5,9162.96
11580,20250329,52,11,171,1,2796.94,20,2237.55
11581,20240208,72,18,172,2,1667.62,0,3335.24
11582,20250517,21,3,294,1,1209.52,0,1209.52
11583,20240404,72,1,153,1,1667.62,5,1584.24
11584,20250221,3,23,215,1,2631.02,10,2367.92
11585,20250717,64,8,157,1,4068.92,0,4068.92
11586,20250110,98,13,152,2,850.73,20,1361.17
11587,20251230,63,14,74,1,4196.34,0,4196.34
11588,20240906,65,4,145,1,3541.34,15,3010.14
11589,20251221,22,21,183,3,6438.69,10,17384.46
11590,20241228,41,8,271,1,5693.66,0,5693.66
11591,20241218,89,9,,2,4062.25,10,7312.05
11592,20250427,82,9,128,1,3179.41,0,3179.41
11593,20240515,89,25,,2,4062.25,20,6499.6
11594,20240709,16,25,348,2,4330.21,15,7361.36
11595,20240109,85,8,334,1,6169.54,0,6169.54
11596,20250630,78,24,31,1,1807.55,20,1446.04
11597,20250320,4,2,72,1,1722.15,10,1549.94
11598,20240427,4,25,148,1,1722.15,0,1722.15
11599,20250130,98,19,354,1,850.73,5,808.19
11600,20250418,44,7,125,1,4747.67,0,4747.67
11601,20251017,62,16,207,2,978.5,0,1957.0
11602,20250328,70,11,339,1,3349.78,10,3014.8
11603,20250611,93,22,371,1,4029.05,5,3827.6
11604,20250209,78,3,380,1,1807.55,10,1626.8
11605,20240805,71,2,333,1,3918.6,5,3722.67
11606,20240331,75,3,294,2,2266.5,0,4533.0
11607,20250430,39,11,68,2,3883.73,10,6990.71
11608,20251015,26,16,13,1,1355.83,0,1355.83
11609,20240204,23,24,198,2,5336.87,5,10140.05
11610,20241020,11,3,310,1,5902.88,0,5902.88
11611,20240220,32,18,348,2,1604.88,5,3049.27
11612,20251214,85,14,298,1,6169.54,0,6169.54
11613,20251230,42,15,,1,2401.74,5,2281.65
11614,20240531,76,21,308,1,5042.37,0,5042.37
11615,20240326,70,12,140,1,3349.78,10,3014.8
11616,20240922,37,17,12,2,3761.37,15,6394.33
11617,20240328,89,16,,2,4062.25,0,8124.5
11618,20250907,113,1,395,1,4385.13,0,4385.13
11619,20240525,68,12,248,1,1648.1,0,1648.1
11620,20240126,89,11,206,1,4062.25,15,3452.91
11621,20251205,7,23,86,1,4794.43,0,4794.43
11622,20250909,32,4,368,1,1604.88,0,1604.88
11623,20241213,23,23,267,1,5336.87,0,5336.87
11624,20250907,46,13,136,3,4179.48,0,12538.44
11625,20241015,24,5,374,1,3205.37,0,3205.37
11626,20240724,103,9,387,2,5201.47,10,9362.65
11627,20250223,29,10,288,1,1567.62,0,1567.62
11628,20240119,109,12,173,1,2954.88,20,2363.9
11629,20250626,79,13,,1,1528.97,5,1452.52
11630,20250517,101,6,256,1,1131.31,10,1018.18
11631,20250217,95,18,252,1,3960.41,0,3960.41
11632,20251206,96,15,12,1,3006.66,0,3006.66
11633,20240123,53,12,20,1,1453.18,0,1453.18
11634,20240517,18,7,,2,5185.3,5,9852.07
11635,20240606,6,5,,1,843.99,0,843.99
11636,20250514,74,14,388,1,3249.83,0,3249.83
11637,20251208,27,10,152,1,1220.37,0,1220.37
11638,20250328,107,24,87,1,1952.14,5,1854.53
11639,20250805,50,14,229,1,3814.05,20,3051.24
11640,20240502,24,1,181,4,3205.37,0,12821.48
11641,20250223,62,24,130,1,978.5,5,929.57
11642,20240201,51,21,179,2,2879.69,5,5471.41
11643,20250910,86,4,,1,4002.37,0,4002.37
11644,20240630,79,5,285,1,1528.97,0,1528.97
11645,20240527,34,22,396,2,1322.31,0,2644.62
11646,20250425,118,20,102,1,5698.72,5,5413.78
11647,20240225,20,21,287,1,1915.63,5,1819.85
11648,20240609,87,13,347,2,2952.23,0,5904.46
11649,20240401,30,11,18,1,3704.61,10,3334.15
11650,20250406,68,11,,2,1648.1,0,3296.2
11651,20240309,10,25,198,1,3316.3,0,3316.3
11652,20250303,70,11,121,1,3349.78,10,3014.8
11653,20241113,119,15,60,1,2956.72,0,2956.72
11654,20241016,75,22,394,1,2266.5,15,1926.52
11655,20240110,1,17,32,1,1005.84,0,1005.84
11656,20240620,34,1,246,1,1322.31,0,1322.31
11657,20250619,49,23,315,1,3974.14,10,3576.73
11658,20250125,38,12,265,1,1729.74,0,1729.74
11659,20240505,6,15,155,1,843.99,0,843.99
11660,20240716,12,2,235,1,1690.47,0,1690.47
11661,20240829,74,14,139,3,3249.83,0,9749.49
11662,20250507,102,25,292,1,616.26,0,616.26
11663,20250413,97,5,,1,4779.12,5,4540.16
11664,20241205,21,12,,1,1209.52,5,1149.04
11665,20250409,107,12,383,1,1952.14,15,1659.32
11666,20240227,2,10,350,1,882.35,0,882.35
11667,20240411,17,24,288,1,1735.19,0,1735.19
11668,20240412,119,4,276,1,2956.72,0,2956.72
11669,20240110,68,7,,1,1648.1,0,1648.1
11670,20251121,82,5,230,4,3179.41,0,12717.64
11671,20241130,53,2,209,1,1453.18,5,1380.52
11672,20251106,103,10,,3,5201.47,0,15604.41
11673,20250711,40,4,134,1,6858.19,0,6858.19
11674,20250927,4,24,297,1,1722.15,0,1722.15
11675,20240305,99,18,166,1,4915.0,5,4669.25
11676,20241218,26,17,98,1,1355.83,0,1355.83
11677,20240930,15,20,239,3,4621.37,5,13170.9
11678,20240828,13,18,92,1,4729.21,0,4729.21
11679,20250726,83,12,241,2,2689.64,5,5110.32
11680,20251211,59,23,353,1,2020.12,10,1818.11
11681,20250106,50,18,17,2,3814.05,0,7628.1
11682,20251205,77,22,224,1,5233.57,0,5233.57
11683,20250125,110,7,328,1,3839.63,0,3839.63
11684,20250719,105,13,267,1,2890.92,0,2890.92
11685,20240429,84,3,72,1,4822.61,10,4340.35
11686,20241107,16,24,,1,4330.21,15,3680.68
11687,20250109,69,8,166,1,2128.62,10,1915.76
11688,20250619,3,23,178,1,2631.02,10,2367.92
11689,20250403,32,22,93,1,1604.88,20,1283.9
11690,20240117,56,23,19,1,7088.96,0,7088.96
11691,20240105,120,20,,1,5078.17,5,4824.26
11692,20250922,22,13,49,1,6438.69,5,6116.76
11693,20251226,8,20,224,2,3576.07,10,6436.93
11694,20251025,74,20,93,1,3249.83,5,3087.34
11695,20250317,63,23,205,1,4196.34,5,3986.52
11696,20240218,11,25,375,1,5902.88,0,5902.88
11697,20240401,99,6,,2,4915.0,15,8355.5
11698,20240622,23,4,35,1,5336.87,5,5070.03
11699,20251003,13,20,115,4,4729.21,5,17971.0
11700,20251107,58,8,143,3,5200.5,0,15601.5
11701,20251229,43,18,164,1,3747.63,5,3560.25
11702,20240912,101,5,220,1,1131.31,0,1131.31
11703,20250830,112,24,193,2,1434.74,5,2726.01
11704,20250404,36,5,217,1,682.61,0,682.61
11705,20251004,80,3,271,2,5880.6,0,11761.2
11706,20240708,106,8,29,1,717.87,10,646.08
11707,20251125,94,14,,2,1460.17,20,2336.27
11708,20251202,26,3,235,1,1355.83,5,1288.04
11709,20240911,50,4,302,1,3814.05,0,3814.05
11710,20250715,76,9,324,1,5042.37,5,4790.25
11711,20250820,120,15,42,1,5078.17,5,4824.26
11712,20241210,21,8,349,1,1209.52,5,1149.04
11713,20240603,45,1,396,2,1364.28,0,2728.56
11714,20240318,29,5,350,2,1567.62,0,3135.24
11715,20251221,96,1,122,1,3006.66,0,3006.66
11716,20250204,40,10,310,1,6858.19,0,6858.19
11717,20251123,109,8,172,1,2954.88,10,2659.39
11718,20240712,89,5,217,1,4062.25,10,3656.03
11719,20240114,16,6,37,1,4330.21,5,4113.7
11720,20250630,79,8,154,1,1528.97,10,1376.07
11721,20240304,32,22,,1,1604.88,0,1604.88
11722,20250812,76,3,104,1,5042.37,5,4790.25
11723,20240210,49,21,197,1,3974.14,0,3974.14
11724,20240424,87,16,242,1,2952.23,0,2952.23
11725,20240703,28,10,223,1,3988.05,15,3389.84
11726,20250326,64,5,174,3,4068.92,5,11596.42
11727,20250715,54,13,354,1,2808.33,0,2808.33
11728,20250331,27,24,65,1,1220.37,15,1037.31
11729,20240117,94,25,348,2,1460.17,0,2920.34
11730,20250911,65,5,103,2,3541.34,5,6728.55
11731,20250829,96,12,366,1,3006.66,5,2856.33
11732,20240130,43,14,12,3,3747.63,0,11242.89
11733,20250102,104,6,163,3,6527.04,0,19581.12
11734,20240629,80,25,277,3,5880.6,0,17641.8
11735,20251027,119,2,204,1,2956.72,10,2661.05
11736,20241002,81,14,11,2,1242.05,0,2484.1
11737,20240103,3,4,368,1,2631.02,0,2631.02
11738,20251001,103,18,87,1,5201.47,15,4421.25
11739,20240526,58,4,234,1,5200.5,0,5200.5
11740,20240110,47,19,391,4,2706.69,10,9744.08
11741,20241207,108,9,,2,3374.55,5,6411.65
11742,20240828,75,16,129,2,2266.5,20,3626.4
11743,20240601,84,11,50,1,4822.61,5,4581.48
11744,20241119,79,16,220,4,1528.97,0,6115.88
11745,20250629,38,14,192,1,1729.74,15,1470.28
11746,20240422,101,13,,1,1131.31,5,1074.74
11747,20251108,71,17,133,1,3918.6,20,3134.88
11748,20250510,72,20,356,2,1667.62,0,3335.24
11749,20250316,98,8,183,1,850.73,5,808.19
11750,20250529,2,22,83,2,882.35,0,1764.7
11751,20240716,85,23,,3,6169.54,0,18508.62
11752,20240210,2,21,295,2,882.35,10,1588.23
11753,20250930,4,10,213,1,1722.15,0,1722.15
11754,20250709,62,18,162,1,978.5,0,978.5
11755,20251103,1,19,228,2,1005.84,0,2011.68
11756,20241203,84,2,37,1,4822.61,0,4822.61
11757,20251028,20,4,271,1,1915.63,5,1819.85
11758,20250701,92,17,321,1,2008.22,5,1907.81
11759,20250205,55,13,244,1,735.67,15,625.32
11760,20240613,113,8,117,3,4385.13,0,13155.39
11761,20241021,39,10,47,1,3883.73,5,3689.54
11762,20241120,39,20,382,1,3883.73,0,3883.73
11763,20240326,57,25,,1,3796.83,0,3796.83
11764,20251218,40,21,187,3,6858.19,0,20574.57
11765,20240504,33,11,352,1,2291.4,15,1947.69
11766,20250708,113,25,118,1,4385.13,10,3946.62
11767,20250623,15,23,243,2,4621.37,0,9242.74
11768,20250820,14,12,56,1,4823.13,0,4823.13
11769,20250513,17,14,,3,1735.19,0,5205.57
11770,20241226,10,14,150,4,3316.3,15,11275.42
11771,20240228,83,14,27,1,2689.64,10,2420.68
11772,20241021,38,12,69,1,1729.74,0,1729.74
11773,20250508,101,5,82,2,1131.31,5,2149.49
11774,20240318,15,14,222,2,4621.37,0,9242.74
11775,20250903,61,6,269,2,5731.62,10,10316.92
11776,20241119,102,20,154,1,616.26,0,616.26
11777,20240421,97,8,256,1,4779.12,5,4540.16
11778,20240722,29,9,283,1,1567.62,20,1254.1
11779,20250715,69,3,58,1,2128.62,0,2128.62
11780,20250325,99,12,400,1,4915.0,10,4423.5
11781,20250910,81,6,234,1,1242.05,0,1242.05
11782,20240519,43,16,227,1,3747.63,5,3560.25
11783,20240713,12,11,215,1,1690.47,0,1690.47
11784,20250308,20,4,223,2,1915.63,0,3831.26
11785,20250922,37,23,137,1,3761.37,20,3009.1
11786,20250525,18,10,342,1,5185.3,5,4926.03
11787,20250821,69,25,161,1,2128.62,5,2022.19
11788,20250625,76,8,368,1,5042.37,10,4538.13
11789,20240802,79,19,221,4,1528.97,20,4892.7
11790,20241115,35,16,351,2,3748.04,5,7121.28
11791,20250414,64,22,295,1,4068.92,5,3865.47
11792,20241202,80,12,316,1,5880.6,0,5880.6
11793,20250920,115,15,159,1,2419.05,0,2419.05
11794,20240415,107,5,130,2,1952.14,0,3904.28
11795,20240909,47,5,114,2,2706.69,0,5413.38
11796,20250418,52,19,98,1,2796.94,0,2796.94
11797,20250410,24,4,143,1,3205.37,20,2564.3
11798,20251126,29,5,48,2,1567.62,5,2978.48
11799,20250424,104,9,114,1,6527.04,5,6200.69
11800,20241219,83,6,364,3,2689.64,10,7262.03
11801,20250613,103,1,136,2,5201.47,0,10402.94
11802,20251225,111,14,387,1,1506.58,0,1506.58
11803,20240830,103,23,,1,5201.47,5,4941.4
11804,20251030,17,1,378,1,1735.19,0,1735.19
11805,20250204,110,9,,1,3839.63,0,3839.63
11806,20250710,112,6,339,1,1434.74,10,1291.27
11807,20250716,23,25,211,1,5336.87,0,5336.87
11808,20250804,52,25,89,1,2796.94,20,2237.55
11809,20240217,57,16,130,1,3796.83,10,3417.15
11810,20250626,93,25,213,2,4029.05,0,8058.1
11811,20240111,36,7,266,1,682.61,20,546.09
11812,20250511,28,4,387,1,3988.05,5,3788.65
11813,20240621,87,16,329,2,2952.23,0,5904.46
11814,20250711,88,18,139,1,2796.03,0,2796.03
11815,20240323,35,1,168,2,3748.04,5,7121.28
11816,20250713,2,24,327,1,882.35,0,882.35
11817,20241031,57,2,325,1,3796.83,10,3417.15
11818,20250422,44,7,19,1,4747.67,5,4510.29
11819,20240809,24,18,177,1,3205.37,0,3205.37
11820,20251121,74,8,269,1,3249.83,15,2762.36
11821,20240330,108,2,74,3,3374.55,10,9111.29
11822,20240502,73,9,,1,6348.65,5,6031.22
11823,20250506,59,12,324,1,2020.12,15,1717.1
11824,20240804,50,15,119,1,3814.05,5,3623.35
11825,20241015,44,9,345,1,4747.67,0,4747.67
11826,20250621,13,7,73,2,4729.21,5,8985.5
11827,20240417,112,23,314,1,1434.74,5,1363.0
11828,20251229,51,22,162,1,2879.69,5,2735.71
11829,20240912,114,8,195,1,3973.22,0,3973.22
11830,20240619,116,17,229,1,6480.7,0,6480.7
11831,20251125,114,21,242,1,3973.22,0,3973.22
11832,20240203,69,10,297,2,2128.62,0,4257.24
11833,20240302,58,15,,1,5200.5,0,5200.5
11834,20240401,87,2,133,2,2952.23,10,5314.01
11835,20250131,86,8,10,1,4002.37,15,3402.01
11836,20241102,49,3,132,2,3974.14,10,7153.45
11837,20240403,94,6,275,4,1460.17,5,5548.65
11838,20251124,58,7,303,1,5200.5,0,5200.5
11839,20251017,84,19,294,3,4822.61,5,13744.44
11840,20251120,41,22,273,1,5693.66,15,4839.61
11841,20250531,8,6,,1,3576.07,0,3576.07
11842,20251008,100,21,342,2,4823.15,5,9163.98
11843,20240114,73,14,,1,6348.65,5,6031.22
11844,20240304,15,18,153,2,4621.37,0,9242.74
11845,20250831,61,8,,1,5731.62,0,5731.62
11846,20241123,61,5,97,1,5731.62,0,5731.62
11847,20251215,44,18,186,1,4747.67,0,4747.67
11848,20240913,107,12,4,2,1952.14,0,3904.28
11849,20240101,52,11,52,2,2796.94,0,5593.88
11850,20240109,107,20,399,1,1952.14,0,1952.14
11851,20250406,91,16,290,1,6185.93,15,5258.04
11852,20250815,24,8,145,2,3205.37,0,6410.74
11853,20240419,70,10,39,1,3349.78,0,3349.78
11854,20250408,39,8,,1,3883.73,5,3689.54
11855,20251007,85,23,335,1,6169.54,0,6169.54
11856,20240114,13,21,366,1,4729.21,10,4256.29
11857,20251024,55,13,382,1,735.67,0,735.67
11858,20250119,4,15,75,1,1722.15,15,1463.83
11859,20240224,71,9,196,1,3918.6,0,3918.6
11860,20240130,99,22,90,1,4915.0,0,4915.0
11861,20250409,16,18,,4,4330.21,20,13856.67
11862,20250612,68,3,149,1,1648.1,0,1648.1
11863,20240415,8,10,163,1,3576.07,0,3576.07
11864,20240302,76,13,14,2,5042.37,0,10084.74
11865,20250415,89,25,173,2,4062.25,20,6499.6
11866,20240613,105,3,5,1,2890.92,0,2890.92
11867,20241107,109,17,,1,2954.88,0,2954.88
11868,20251224,81,3,354,1,1242.05,10,1117.85
11869,20250317,65,9,218,2,3541.34,20,5666.14
11870,20240804,56,3,301,1,7088.96,0,7088.96
11871,20241214,115,20,370,1,2419.05,0,2419.05
11872,20250421,19,18,283,1,3799.68,5,3609.7
11873,20240918,87,4,238,1,2952.23,10,2657.01
11874,20251121,31,17,,1,7243.85,10,6519.47
11875,20240229,101,20,36,1,1131.31,0,1131.31
11876,20250510,12,24,392,1,1690.47,0,1690.47
11877,20240926,118,14,,2,5698.72,5,10827.57
11878,20250815,12,5,114,1,1690.47,0,1690.47
11879,20240528,19,17,,2,3799.68,0,7599.36
11880,20250403,77,17,,3,5233.57,0,15700.71
11881,20241031,63,5,22,3,4196.34,0,12589.02
11882,20240907,69,24,199,1,2128.62,0,2128.62
11883,20250317,48,7,199,4,2551.26,20,8164.03
11884,20240905,112,20,89,1,1434.74,5,1363.0
11885,20250901,11,10,279,1,5902.88,20,4722.3
11886,20251121,41,1,113,1,5693.66,15,4839.61
11887,20240715,28,13,19,3,3988.05,0,11964.15
11888,20250516,118,4,43,3,5698.72,0,17096.16
11889,20250728,67,18,95,2,4800.44,0,9600.88
11890,20240612,95,6,259,1,3960.41,0,3960.41
11891,20240209,40,7,177,1,6858.19,5,6515.28
11892,20250322,100,24,156,1,4823.15,0,4823.15
11893,20240513,64,11,141,2,4068.92,15,6917.16
11894,20250515,57,12,232,1,3796.83,10,3417.15
11895,20250420,86,2,,1,4002.37,0,4002.37
11896,20250119,60,12,248,2,4273.1,5,8118.89
11897,20240729,32,16,353,1,1604.88,0,1604.88
11898,20240501,112,15,,1,1434.74,15,1219.53
11899,20250302,41,2,57,1,5693.66,0,5693.66
11900,20251127,57,13,,1,3796.83,0,3796.83
11901,20250718,14,14,141,1,4823.13,10,4340.82
11902,20251227,70,9,153,1,3349.78,5,3182.29
11903,20251022,60,5,328,2,4273.1,0,8546.2
11904,20240726,102,20,284,1,616.26,5,585.45
11905,20251206,96,5,46,1,3006.66,20,2405.33
11906,20240531,115,20,248,1,2419.05,10,2177.15
11907,20240703,47,22,346,1,2706.69,0,2706.69
11908,20251113,42,1,14,1,2401.74,15,2041.48
11909,20250215,45,11,205,1,1364.28,0,1364.28
11910,20240130,31,11,283,1,7243.85,10,6519.47
11911,20251124,8,22,345,2,3576.07,0,7152.14
11912,20251101,4,12,351,4,1722.15,0,6888.6
11913,20251105,103,6,97,3,5201.47,0,15604.41
11914,20250704,102,9,110,1,616.26,15,523.82
11915,20250311,32,24,120,1,1604.88,0,1604.88
11916,20240906,55,19,59,1,735.67,5,698.89
11917,20250526,85,17,34,1,6169.54,10,5552.59
11918,20240721,86,1,390,1,4002.37,0,4002.37
11919,20241204,12,14,16,1,1690.47,0,1690.47
11920,20240414,42,7,341,1,2401.74,5,2281.65
11921,20241204,66,15,249,3,6204.11,15,15820.48
11922,20240111,7,22,168,3,4794.43,0,14383.29
11923,20251030,114,4,231,3,3973.22,5,11323.68
11924,20240228,84,11,302,1,4822.61,0,4822.61
11925,20240818,17,12,136,2,1735.19,0,3470.38
11926,20240720,33,20,397,1,2291.4,5,2176.83
11927,20240326,119,6,102,2,2956.72,0,5913.44
11928,20250611,85,21,127,1,6169.54,0,6169.54
11929,20251006,10,8,252,2,3316.3,5,6300.97
11930,20240116,115,9,345,1,2419.05,15,2056.19
11931,20240926,39,16,118,1,3883.73,5,3689.54
11932,20250609,14,4,380,1,4823.13,5,4581.97
11933,20250723,2,24,250,1,882.35,0,882.35
11934,20250624,40,11,102,1,6858.19,5,6515.28
11935,20240905,45,22,263,1,1364.28,0,1364.28
11936,20240312,87,3,350,1,2952.23,0,2952.23
11937,20250212,112,3,109,1,1434.74,20,1147.79
11938,20240125,54,1,113,1,2808.33,5,2667.91
11939,20250118,13,4,373,1,4729.21,0,4729.21
11940,20241021,112,12,231,1,1434.74,0,1434.74
11941,20240621,45,8,,1,1364.28,5,1296.07
11942,20250319,101,1,121,1,1131.31,0,1131.31
11943,20250923,78,5,231,1,1807.55,0,1807.55
11944,20240127,17,6,382,1,1735.19,5,1648.43
11945,20250515,43,3,36,1,3747.63,0,3747.63
11946,20240830,78,21,136,4,1807.55,5,6868.69
11947,20250812,53,12,286,1,1453.18,0,1453.18
11948,20250123,36,24,346,3,682.61,5,1945.44
11949,20250328,9,7,20,1,4835.47,15,4110.15
11950,20240528,101,18,89,2,1131.31,0,2262.62
11951,20250711,38,24,66,1,1729.74,0,1729.74
11952,20240823,98,2,332,1,850.73,5,808.19
11953,20240618,80,11,98,1,5880.6,0,5880.6
11954,20240722,88,1,258,1,2796.03,0,2796.03
11955,20240622,4,25,79,1,1722.15,10,1549.94
11956,20240625,42,12,109,1,2401.74,20,1921.39
11957,20240108,56,23,327,2,7088.96,0,14177.92
11958,20250623,62,10,253,2,978.5,0,1957.0
11959,20240821,46,20,250,1,4179.48,0,4179.48
11960,20250823,63,13,396,1,4196.34,0,4196.34
11961,20250413,85,8,198,1,6169.54,10,5552.59
11962,20250716,71,3,297,1,3918.6,0,3918.6
11963,20240109,30,16,202,1,3704.61,0,3704.61
11964,20241112,32,3,15,1,1604.88,5,1524.64
11965,20250728,61,23,83,3,5731.62,0,17194.86
11966,20251228,100,7,237,1,4823.15,15,4099.68
11967,20240918,114,25,145,1,3973.22,0,3973.22
11968,20251004,69,25,260,1,2128.62,5,2022.19
11969,20250528,2,6,399,1,882.35,0,882.35
11970,20240222,7,10,207,1,4794.43,5,4554.71
11971,20251217,47,23,,3,2706.69,0,8120.07
11972,20250219,34,18,17,1,1322.31,10,1190.08
11973,20240503,67,15,,1,4800.44,5,4560.42
11974,20251113,71,18,144,1,3918.6,0,3918.6
11975,20250106,80,9,,2,5880.6,0,11761.2
11976,20250812,70,23,,1,3349.78,0,3349.78
11977,20241216,81,13,365,4,1242.05,10,4471.38
11978,20240526,35,22,395,1,3748.04,0,3748.04
11979,20250107,53,4,252,1,1453.18,0,1453.18
11980,20240822,44,22,44,4,4747.67,0,18990.68
11981,20241014,89,18,305,1,4062.25,0,4062.25
11982,20241227,75,20,143,1,2266.5,0,2266.5
11983,20241118,29,13,,2,1567.62,0,3135.24
11984,20241024,64,24,217,2,4068.92,0,8137.84
11985,20240105,78,24,,1,1807.55,0,1807.55
11986,20251013,65,15,28,1,3541.34,20,2833.07
11987,20250403,97,3,220,3,4779.12,0,14337.36
11988,20240528,100,7,183,1,4823.15,0,4823.15
11989,20250730,80,21,9,1,5880.6,0,5880.6
11990,20240411,37,17,326,1,3761.37,0,3761.37
11991,20241202,34,3,93,1,1322.31,5,1256.19
11992,20240527,77,14,31,1,5233.57,5,4971.89
11993,20240912,101,18,375,1,1131.31,5,1074.74
11994,20251001,41,5,286,1,5693.66,0,5693.66
11995,20240526,28,22,248,1,3988.05,5,3788.65
11996,20250225,91,12,351,2,6185.93,0,12371.86
11997,20250405,72,16,339,1,1667.62,0,1667.62
11998,20250331,119,4,42,2,2956.72,5,5617.77
11999,20250507,89,5,266,2,4062.25,0,8124.5
12000,20250330,3,14,245,1,2631.02,10,2367.92
12001,20240924,57,5,393,2,3796.83,5,7213.98
12002,20240617,107,13,57,1,1952.14,0,1952.14
12003,20251104,94,20,158,1,1460.17,5,1387.16
12004,20240516,6,23,91,3,843.99,0,2531.97
12005,20251230,4,16,301,4,1722.15,0,6888.6
12006,20250923,53,6,143,1,1453.18,0,1453.18
12007,20240526,36,11,376,1,682.61,0,682.61
12008,20251124,105,3,350,1,2890.92,0,2890.92
12009,20241225,67,5,131,3,4800.44,0,14401.32
12010,20251202,103,4,157,1,5201.47,15,4421.25
12011,20241219,8,2,373,1,3576.07,5,3397.27
12012,20250825,17,2,31,1,1735.19,5,1648.43
12013,20240317,47,19,318,2,2706.69,5,5142.71
12014,20240520,92,18,297,1,2008.22,0,2008.22
12015,20241227,107,5,215,1,1952.14,0,1952.14
12016,20251026,10,9,246,1,3316.3,0,3316.3
12017,20250209,79,4,330,1,1528.97,10,1376.07
12018,20240514,40,6,145,1,6858.19,0,6858.19
12019,20251031,59,19,395,1,2020.12,5,1919.11
12020,20240322,87,4,19,1,2952.23,0,2952.23
12021,20250928,51,1,49,1,2879.69,0,2879.69
12022,20240503,62,6,289,1,978.5,0,978.5
12023,20240117,21,15,330,2,1209.52,0,2419.04
12024,20240403,45,6,388,2,1364.28,10,2455.7
12025,20250924,107,16,268,2,1952.14,5,3709.07
12026,20241219,115,21,356,2,2419.05,0,4838.1
12027,20240903,55,18,205,1,735.67,5,698.89
12028,20251012,86,11,146,2,4002.37,0,8004.74
12029,20250131,1,25,82,1,1005.84,0,1005.84
12030,20251008,85,24,159,1,6169.54,5,5861.06
12031,20240309,68,16,392,1,1648.1,5,1565.69
12032,20251225,53,8,148,1,1453.18,0,1453.18
12033,20240906,16,3,352,3,4330.21,5,12341.1
12034,20250323,93,10,246,2,4029.05,0,8058.1
12035,20240728,115,19,291,2,2419.05,0,4838.1
12036,20250815,61,20,10,1,5731.62,5,5445.04
12037,20240819,107,16,60,1,1952.14,20,1561.71
12038,20241208,92,1,237,1,2008.22,0,2008.22
12039,20250314,33,10,306,1,2291.4,0,2291.4
12040,20241123,62,15,367,1,978.5,0,978.5
12041,20240113,50,19,201,1,3814.05,0,3814.05
12042,20240607,72,14,251,1,1667.62,10,1500.86
12043,20250530,111,22,227,1,1506.58,0,1506.58
12044,20240317,32,25,280,2,1604.88,0,3209.76
12045,20251026,24,24,339,1,3205.37,0,3205.37
12046,20240821,59,7,393,1,2020.12,10,1818.11
12047,20240412,64,16,263,1,4068.92,0,4068.92
12048,20240801,69,23,,1,2128.62,0,2128.62
12049,20240420,1,11,324,2,1005.84,10,1810.51
12050,20240129,60,13,3,1,4273.1,0,4273.1
12051,20250602,60,4,223,1,4273.1,0,4273.1
12052,20240904,110,8,55,1,3839.63,0,3839.63
12053,20240217,80,4,309,2,5880.6,5,11173.14
12054,20240429,88,13,12,1,2796.03,15,2376.63
12055,20250607,108,20,319,1,3374.55,0,3374.55
12056,20251018,29,22,132,3,1567.62,5,4467.72
12057,20251005,54,21,314,1,2808.33,0,2808.33
12058,20240827,67,24,397,2,4800.44,5,9120.84
12059,20240802,71,21,94,1,3918.6,0,3918.6
12060,20241120,42,22,70,1,2401.74,0,2401.74
12061,20250918,17,25,15,1,1735.19,15,1474.91
12062,20251006,108,18,24,1,3374.55,0,3374.55
12063,20250327,64,13,373,2,4068.92,0,8137.84
12064,20250531,61,4,6,1,5731.62,0,5731.62
12065,20250529,27,20,1,3,1220.37,0,3661.11
12066,20250311,28,5,219,1,3988.05,0,3988.05
12067,20250119,46,15,396,1,4179.48,10,3761.53
12068,20240905,52,15,328,1,2796.94,5,2657.09
12069,20250803,90,24,184,1,3873.38,0,3873.38
12070,20240319,104,24,332,1,6527.04,0,6527.04
12071,20250725,70,1,,2,3349.78,0,6699.56
12072,20240107,2,25,273,1,882.35,5,838.23
12073,20241105,89,18,285,1,4062.25,0,4062.25
12074,20241202,51,3,33,4,2879.69,0,11518.76
12075,20250617,39,7,232,1,3883.73,0,3883.73
12076,20250618,96,7,184,1,3006.66,5,2856.33
12077,20240430,90,13,357,1,3873.38,0,3873.38
12078,20250109,20,9,209,2,1915.63,5,3639.7
12079,20251204,55,2,367,1,735.67,5,698.89
12080,20250818,3,9,349,1,2631.02,0,2631.02
12081,20250921,120,8,161,2,5078.17,5,9648.52
12082,20250605,11,23,373,1,5902.88,5,5607.74
12083,20241013,105,10,186,1,2890.92,0,2890.92
12084,20240827,40,21,303,1,6858.19,0,6858.19
12085,20240608,72,13,171,1,1667.62,10,1500.86
12086,20240815,112,24,323,1,1434.74,0,1434.74
12087,20240220,56,5,283,2,7088.96,0,14177.92
12088,20251130,6,2,115,1,843.99,0,843.99
12089,20240726,24,24,181,2,3205.37,0,6410.74
12090,20251023,98,10,44,2,850.73,0,1701.46
12091,20240601,36,25,10,1,682.61,0,682.61
12092,20241128,65,17,167,3,3541.34,0,10624.02
12093,20240813,78,16,328,4,1807.55,0,7230.2
12094,20250102,46,2,340,1,4179.48,10,3761.53
12095,20250118,102,19,137,2,616.26,20,986.02
12096,20240831,108,25,293,2,3374.55,15,5736.74
12097,20241122,53,20,239,4,1453.18,15,4940.81
12098,20250427,8,8,249,1,3576.07,10,3218.46
12099,20250530,77,7,200,1,5233.57,10,4710.21
12100,20240408,45,21,248,4,1364.28,0,5457.12
12101,20250709,102,3,155,1,616.26,0,616.26
12102,20250816,110,1,295,1,3839.63,10,3455.67
12103,20241023,7,19,,2,4794.43,0,9588.86
12104,20241125,119,17,79,1,2956.72,0,2956.72
12105,20240422,28,1,16,3,3988.05,0,11964.15
12106,20240908,120,21,22,2,5078.17,0,10156.34
12107,20240826,26,22,399,2,1355.83,10,2440.49
12108,20240408,54,9,351,1,2808.33,5,2667.91
12109,20251111,8,23,17,1,3576.07,5,3397.27
12110,20240721,64,3,195,1,4068.92,15,3458.58
12111,20240313,3,5,357,4,2631.02,5,9997.88
12112,20241022,52,11,54,1,2796.94,10,2517.25
12113,20240729,23,6,12,2,5336.87,0,10673.74
12114,20240309,46,6,16,1,4179.48,10,3761.53
12115,20250324,62,20,365,1,978.5,0,978.5
12116,20241102,60,21,6,2,4273.1,0,8546.2
12117,20240523,42,2,,1,2401.74,0,2401.74
12118,20250917,10,15,280,1,3316.3,0,3316.3
12119,20250906,119,6,289,2,2956.72,0,5913.44
12120,20240118,90,10,249,1,3873.38,20,3098.7
12121,20251007,3,14,373,1,2631.02,5,2499.47
12122,20241124,17,16,286,1,1735.19,0,1735.19
12123,20240407,21,24,304,1,1209.52,0,1209.52
12124,20240328,66,23,230,2,6204.11,0,12408.22
12125,20240608,88,10,138,1,2796.03,0,2796.03
12126,20250225,11,7,125,1,5902.88,10,5312.59
12127,20251116,37,20,166,1,3761.37,0,3761.37
12128,20240215,103,5,321,1,5201.47,0,5201.47
12129,20250730,32,20,60,2,1604.88,0,3209.76
12130,20250124,46,9,144,3,4179.48,0,12538.44
12131,20240517,8,19,68,2,3576.07,0,7152.14
12132,20241208,65,21,31,1,3541.34,0,3541.34
12133,20250901,25,7,341,2,659.99,10,1187.98
12134,20240123,19,2,395,1,3799.68,10,3419.71
12135,20240114,42,7,262,1,2401.74,10,2161.57
12136,20250723,15,7,240,1,4621.37,10,4159.23
12137,20250402,119,11,115,1,2956.72,0,2956.72
12138,20240203,27,18,61,1,1220.37,0,1220.37
12139,20241123,102,25,,1,616.26,10,554.63
12140,20241122,9,8,,1,4835.47,5,4593.7
12141,20250927,51,6,93,2,2879.69,5,5471.41
12142,20250221,38,21,391,1,1729.74,0,1729.74
12143,20240811,38,11,37,1,1729.74,0,1729.74
12144,20250511,115,9,57,1,2419.05,15,2056.19
12145,20250821,113,12,182,2,4385.13,10,7893.23
12146,20241107,15,22,8,1,4621.37,0,4621.37
12147,20250811,7,14,369,2,4794.43,0,9588.86
12148,20240530,78,5,336,1,1807.55,0,1807.55
12149,20250313,52,3,338,1,2796.94,0,2796.94
12150,20250330,112,2,225,1,1434.74,10,1291.27
12151,20250721,78,1,,1,1807.55,0,1807.55
12152,20240203,117,7,190,1,5631.66,0,5631.66
12153,20241120,24,4,211,1,3205.37,5,3045.1
12154,20240610,81,9,155,3,1242.05,0,3726.15
12155,20240130,58,14,157,1,5200.5,20,4160.4
12156,20250608,74,4,191,1,3249.83,5,3087.34
12157,20250821,60,16,349,2,4273.1,0,8546.2
12158,20241110,18,11,257,1,5185.3,5,4926.03
12159,20240528,21,4,400,1,1209.52,20,967.62
12160,20250425,96,7,7,1,3006.66,0,3006.66
12161,20240710,120,8,68,2,5078.17,0,10156.34
12162,20241022,18,21,136,2,5185.3,0,10370.6
12163,20240805,92,19,262,1,2008.22,0,2008.22
12164,20250510,10,23,211,1,3316.3,5,3150.49
12165,20240906,92,11,138,1,2008.22,5,1907.81
12166,20240811,119,8,127,1,2956.72,15,2513.21
12167,20240206,117,12,76,2,5631.66,0,11263.32
12168,20250406,26,3,,2,1355.83,10,2440.49
12169,20250226,63,14,122,1,4196.34,0,4196.34
12170,20250628,17,13,14,2,1735.19,5,3296.86
12171,20240320,65,2,344,1,3541.34,0,3541.34
12172,20250817,98,25,204,1,850.73,15,723.12
12173,20240108,94,12,253,1,1460.17,0,1460.17
12174,20251109,52,20,81,1,2796.94,10,2517.25
12175,20240314,90,18,84,1,3873.38,5,3679.71
12176,20250915,9,19,240,1,4835.47,0,4835.47
12177,20250812,108,23,250,1,3374.55,20,2699.64
12178,20240428,59,19,255,1,2020.12,20,1616.1
12179,20250728,57,13,80,1,3796.83,0,3796.83
12180,20241016,94,9,177,2,1460.17,0,2920.34
12181,20241019,28,16,172,4,3988.05,15,13559.37
12182,20250624,24,10,39,1,3205.37,15,2724.56
12183,20240429,65,1,93,1,3541.34,0,3541.34
12184,20250529,35,22,230,3,3748.04,0,11244.12
12185,20250203,34,2,56,1,1322.31,20,1057.85
12186,20251004,119,19,,1,2956.72,0,2956.72
12187,20250115,19,16,373,1,3799.68,0,3799.68
12188,20241124,36,7,,1,682.61,0,682.61
12189,20250624,105,6,51,1,2890.92,5,2746.37
12190,20250406,24,19,208,2,3205.37,0,6410.74
12191,20240203,116,21,18,1,6480.7,0,6480.7
12192,20240811,106,22,43,1,717.87,0,717.87
12193,20240529,20,15,222,1,1915.63,5,1819.85
12194,20240603,45,23,,3,1364.28,0,4092.84
12195,20250430,89,10,81,1,4062.25,5,3859.14
12196,20250603,28,3,388,1,3988.05,5,3788.65
12197,20241225,63,1,15,1,4196.34,10,3776.71
12198,20250702,12,9,190,1,1690.47,15,1436.9
12199,20240528,82,25,335,1,3179.41,10,2861.47
12200,20240418,72,15,246,2,1667.62,15,2834.95
12201,20241117,18,19,149,1,5185.3,15,4407.51
12202,20240916,84,25,163,1,4822.61,0,4822.61
12203,20240308,63,23,394,1,4196.34,0,4196.34
12204,20250212,107,20,360,2,1952.14,0,3904.28
12205,20250918,7,21,,1,4794.43,0,4794.43
12206,20240504,6,5,56,3,843.99,15,2152.17
12207,20250516,5,10,,2,2284.3,0,4568.6
12208,20251102,85,16,154,1,6169.54,0,6169.54
12209,20240430,93,22,2,1,4029.05,0,4029.05
12210,20240904,73,16,29,1,6348.65,0,6348.65
12211,20240820,16,14,162,1,4330.21,0,4330.21
12212,20240223,107,15,298,1,1952.14,15,1659.32
12213,20250320,63,24,34,1,4196.34,0,4196.34
12214,20240222,52,9,282,4,2796.94,10,10068.98
12215,20250620,70,21,324,2,3349.78,0,6699.56
12216,20240519,37,11,,1,3761.37,5,3573.3
12217,20250603,66,13,182,1,6204.11,0,6204.11
12218,20241026,41,4,169,2,5693.66,0,11387.32
12219,20250301,54,15,122,3,2808.33,0,8424.99
12220,20240625,41,9,,1,5693.66,0,5693.66
12221,20240805,117,6,,1,5631.66,20,4505.33
12222,20240421,71,14,13,2,3918.6,0,7837.2
12223,20241101,42,17,214,2,2401.74,5,4563.31
12224,20250511,9,1,335,4,4835.47,0,19341.88
12225,20250721,24,14,121,1,3205.37,10,2884.83
12226,20240706,27,12,272,2,1220.37,5,2318.7
12227,20240112,117,1,179,1,5631.66,0,5631.66
12228,20240705,61,6,207,1,5731.62,0,5731.62
12229,20240307,81,9,,1,1242.05,20,993.64
12230,20250528,60,9,59,1,4273.1,10,3845.79
12231,20250423,15,6,,2,4621.37,15,7856.33
12232,20250428,48,15,124,3,2551.26,0,7653.78
12233,20240203,4,14,,2,1722.15,5,3272.09
12234,20240816,56,18,80,1,7088.96,5,6734.51
12235,20250425,100,10,399,1,4823.15,0,4823.15
12236,20240717,30,21,82,1,3704.61,10,3334.15
12237,20251007,33,22,222,1,2291.4,5,2176.83
12238,20251112,84,17,32,1,4822.61,5,4581.48
12239,20240313,51,24,268,2,2879.69,0,5759.38
12240,20241127,56,4,312,1,7088.96,5,6734.51
12241,20251118,40,16,392,1,6858.19,5,6515.28
12242,20241024,24,9,165,3,3205.37,0,9616.11
12243,20250118,67,19,103,1,4800.44,10,4320.4
12244,20250503,12,15,281,2,1690.47,0,3380.94
12245,20250603,106,9,139,1,717.87,5,681.98
12246,20241003,95,15,76,1,3960.41,15,3366.35
12247,20240606,66,1,72,1,6204.11,0,6204.11
12248,20240316,39,1,351,1,3883.73,0,3883.73
12249,20240919,7,17,278,1,4794.43,0,4794.43
12250,20250318,15,17,269,1,4621.37,5,4390.3
12251,20240601,35,12,59,1,3748.04,15,3185.83
12252,20251026,5,23,48,1,2284.3,0,2284.3
12253,20250621,22,25,336,1,6438.69,0,6438.69
12254,20250729,84,11,375,3,4822.61,0,14467.83
12255,20240520,15,23,160,2,4621.37,0,9242.74
12256,20240910,72,4,382,1,1667.62,5,1584.24
12257,20250702,33,5,216,3,2291.4,15,5843.07
12258,20240413,60,15,,1,4273.1,5,4059.45
12259,20251208,103,11,101,1,5201.47,5,4941.4
12260,20250905,82,8,309,2,3179.41,5,6040.88
12261,20251208,53,24,33,2,1453.18,5,2761.04
12262,20240809,53,9,292,1,1453.18,5,1380.52
12263,20240226,45,10,93,1,1364.28,0,1364.28
12264,20250819,22,13,96,3,6438.69,0,19316.07
12265,20241008,2,10,213,2,882.35,0,1764.7
12266,20251104,32,24,,1,1604.88,15,1364.15
12267,20250306,7,1,298,1,4794.43,0,4794.43
12268,20251011,111,16,224,1,1506.58,10,1355.92
12269,20241003,34,25,78,1,1322.31,0,1322.31
12270,20250813,30,8,258,1,3704.61,0,3704.61
12271,20250220,70,2,,1,3349.78,0,3349.78
12272,20250919,57,14,186,1,3796.83,5,3606.99
12273,20250524,116,22,316,1,6480.7,0,6480.7
12274,20251203,86,21,66,2,4002.37,0,8004.74
12275,20251105,16,5,124,1,4330.21,15,3680.68
12276,20251014,112,16,,1,1434.74,0,1434.74
12277,20250919,104,14,245,1,6527.04,15,5547.98
12278,20240307,49,21,97,1,3974.14,0,3974.14
12279,20250915,30,8,201,1,3704.61,10,3334.15
12280,20250120,28,20,269,1,3988.05,0,3988.05
12281,20240604,99,25,61,1,4915.0,0,4915.0
12282,20241108,67,4,107,1,4800.44,0,4800.44
12283,20240223,82,13,310,1,3179.41,5,3020.44
12284,20240106,68,11,89,1,1648.1,0,1648.1
12285,20250917,81,20,313,2,1242.05,10,2235.69
12286,20240224,8,23,294,2,3576.07,5,6794.53
12287,20240807,44,25,206,1,4747.67,0,4747.67
12288,20240704,27,17,234,1,1220.37,0,1220.37
12289,20241103,72,25,231,1,1667.62,5,1584.24
12290,20250724,15,1,32,1,4621.37,0,4621.37
12291,20240411,63,8,287,1,4196.34,5,3986.52
12292,20251005,118,11,158,1,5698.72,0,5698.72
12293,20240923,82,14,5,1,3179.41,10,2861.47
12294,20241022,1,10,281,1,1005.84,0,1005.84
12295,20240429,75,12,368,3,2266.5,0,6799.5
12296,20240221,113,14,119,1,4385.13,0,4385.13
12297,20240322,114,7,,1,3973.22,0,3973.22
12298,20250801,48,7,290,1,2551.26,0,2551.26
12299,20240813,105,4,61,1,2890.92,0,2890.92
12300,20250816,54,24,282,1,2808.33,0,2808.33
12301,20241207,40,18,148,1,6858.19,0,6858.19
12302,20240909,29,12,80,1,1567.62,0,1567.62
12303,20240220,19,7,87,1,3799.68,10,3419.71
12304,20250522,40,13,270,3,6858.19,0,20574.57
12305,20250804,17,16,,1,1735.19,5,1648.43
12306,20240823,60,2,180,2,4273.1,5,8118.89
12307,20250407,114,20,278,4,3973.22,15,13508.95
12308,20250726,64,17,149,1,4068.92,0,4068.92
12309,20250304,115,16,115,1,2419.05,15,2056.19
12310,20250321,77,8,378,2,5233.57,5,9943.78
12311,20251110,43,16,68,1,3747.63,15,3185.49
12312,20240616,16,2,50,1,4330.21,10,3897.19
12313,20250303,68,21,,2,1648.1,10,2966.58
12314,20250824,93,8,109,1,4029.05,0,4029.05
12315,20251106,37,19,166,1,3761.37,5,3573.3
12316,20240517,96,9,250,2,3006.66,0,6013.32
12317,20241012,13,15,285,3,4729.21,10,12768.87
12318,20240417,112,1,4,3,1434.74,15,3658.59
12319,20240313,53,9,379,1,1453.18,0,1453.18
12320,20250920,90,15,337,1,3873.38,0,3873.38
12321,20250624,117,18,,1,5631.66,0,5631.66
12322,20250530,76,3,332,1,5042.37,0,5042.37
12323,20250813,104,4,193,1,6527.04,20,5221.63
12324,20241021,9,17,11,1,4835.47,15,4110.15
12325,20250305,94,10,41,1,1460.17,20,1168.14
12326,20250911,79,12,380,2,1528.97,0,3057.94
12327,20250623,106,3,,1,717.87,0,717.87
12328,20241212,29,6,49,1,1567.62,0,1567.62
12329,20240517,115,24,80,2,2419.05,0,4838.1
12330,20251222,79,13,365,1,1528.97,20,1223.18
12331,20250315,22,24,228,1,6438.69,5,6116.76
12332,20240827,74,4,86,1,3249.83,15,2762.36
12333,20250328,110,24,3,1,3839.63,5,3647.65
12334,20251122,33,1,147,1,2291.4,15,1947.69
12335,20240113,114,23,182,2,3973.22,5,7549.12
12336,20240110,56,23,381,3,7088.96,20,17013.5
12337,20250125,86,15,34,1,4002.37,0,4002.37
12338,20250526,118,23,113,1,5698.72,0,5698.72
12339,20240514,27,21,377,1,1220.37,0,1220.37
12340,20240421,34,19,16,1,1322.31,10,1190.08
12341,20250923,1,7,94,1,1005.84,0,1005.84
12342,20240218,75,6,345,1,2266.5,10,2039.85
12343,20240725,50,9,190,1,3814.05,0,3814.05
12344,20250830,102,21,,1,616.26,0,616.26
12345,20240224,120,24,314,1,5078.17,15,4316.44
12346,20250220,108,10,189,1,3374.55,0,3374.55
12347,20250512,85,19,119,4,6169.54,0,24678.16
12348,20240520,68,17,143,1,1648.1,5,1565.69
12349,20250703,35,10,387,4,3748.04,0,14992.16
12350,20241113,108,21,317,1,3374.55,0,3374.55
12351,20250711,3,7,298,1,2631.02,0,2631.02
12352,20240223,2,3,,4,882.35,0,3529.4
12353,20250813,120,16,26,1,5078.17,20,4062.54
12354,20250318,107,9,312,1,1952.14,0,1952.14
12355,20251116,20,4,299,1,1915.63,5,1819.85
12356,20250913,102,6,222,1,616.26,5,585.45
12357,20250409,105,19,151,1,2890.92,15,2457.28
12358,20250926,56,7,243,1,7088.96,10,6380.06
12359,20251112,26,24,,1,1355.83,20,1084.66
12360,20250216,5,12,235,1,2284.3,0,2284.3
12361,20241116,59,11,13,1,2020.12,5,1919.11
12362,20241110,40,15,92,1,6858.19,0,6858.19
12363,20240828,62,22,277,1,978.5,10,880.65
12364,20251221,8,5,350,1,3576.07,10,3218.46
12365,20250614,64,21,227,3,4068.92,10,10986.08
12366,20250128,92,3,371,2,2008.22,0,4016.44
12367,20240602,85,5,30,1,6169.54,0,6169.54
12368,20250112,93,12,82,1,4029.05,0,4029.05
12369,20240905,90,5,19,1,3873.38,15,3292.37
12370,20241020,19,13,373,2,3799.68,0,7599.36
12371,20240730,22,2,315,1,6438.69,5,6116.76
12372,20240519,35,5,283,1,3748.04,5,3560.64
12373,20240208,93,14,,1,4029.05,10,3626.15
12374,20250219,90,23,225,1,3873.38,0,3873.38
12375,20240124,18,23,108,1,5185.3,5,4926.03
12376,20241024,72,10,227,1,1667.62,0,1667.62
12377,20240827,27,21,371,1,1220.37,0,1220.37
12378,20240905,96,15,,1,3006.66,10,2705.99
12379,20250512,34,1,100,4,1322.31,0,5289.24
12380,20241022,82,24,138,1,3179.41,0,3179.41
12381,20250627,15,25,324,1,4621.37,0,4621.37
12382,20251122,98,12,192,3,850.73,0,2552.19
12383,20250607,52,9,312,1,2796.94,0,2796.94
12384,20241106,15,12,,1,4621.37,20,3697.1
12385,20250607,53,3,313,1,1453.18,0,1453.18
12386,20240109,81,8,100,1,1242.05,0,1242.05
12387,20250113,42,11,371,1,2401.74,5,2281.65
12388,20240704,2,25,362,2,882.35,0,1764.7
12389,20250227,3,1,363,2,2631.02,0,5262.04
12390,20240523,1,20,73,2,1005.84,5,1911.1
12391,20240909,80,14,25,1,5880.6,15,4998.51
12392,20240329,6,13,12,3,843.99,5,2405.37
12393,20240328,91,8,3,1,6185.93,0,6185.93
12394,20251113,21,8,157,1,1209.52,5,1149.04
12395,20240922,41,7,360,2,5693.66,0,11387.32
12396,20240520,50,16,52,2,3814.05,0,7628.1
12397,20250208,29,17,161,1,1567.62,0,1567.62
12398,20240710,22,8,326,1,6438.69,0,6438.69
12399,20250704,105,9,219,2,2890.92,5,5492.75
12400,20240220,77,19,28,2,5233.57,5,9943.78
12401,20250817,111,3,,3,1506.58,0,4519.74
12402,20240201,95,15,,2,3960.41,15,6732.7
12403,20250627,106,3,190,1,717.87,10,646.08
12404,20250811,91,22,375,1,6185.93,10,5567.34
12405,20251020,26,21,32,2,1355.83,0,2711.66
12406,20240821,84,12,78,1,4822.61,5,4581.48
12407,20241205,2,23,,3,882.35,0,2647.05
12408,20251130,69,1,,2,2128.62,0,4257.24
12409,20250623,118,14,321,1,5698.72,5,5413.78
12410,20250826,75,7,347,1,2266.5,0,2266.5
12411,20250928,84,13,310,2,4822.61,15,8198.44
12412,20250826,56,7,317,1,7088.96,5,6734.51
12413,20250605,2,4,216,1,882.35,5,838.23
12414,20240716,107,2,,1,1952.14,0,1952.14
12415,20240621,95,10,158,1,3960.41,5,3762.39
12416,20250707,12,17,80,1,1690.47,0,1690.47
12417,20240611,49,13,375,3,3974.14,0,11922.42
12418,20251025,69,6,81,1,2128.62,10,1915.76
12419,20240425,31,14,12,1,7243.85,0,7243.85
12420,20240621,17,19,38,1,1735.19,10,1561.67
12421,20240429,92,6,31,1,2008.22,5,1907.81
12422,20251125,27,10,50,2,1220.37,0,2440.74
12423,20251111,87,20,103,3,2952.23,0,8856.69
12424,20250930,28,17,12,1,3988.05,10,3589.25
12425,20241005,106,5,,1,717.87,10,646.08
12426,20250217,93,10,272,1,4029.05,0,4029.05
12427,20250830,88,9,360,1,2796.03,10,2516.43
12428,20240512,50,20,167,1,3814.05,0,3814.05
12429,20240721,16,17,7,1,4330.21,5,4113.7
12430,20240211,80,18,76,1,5880.6,0,5880.6
12431,20240522,93,12,114,1,4029.05,0,4029.05
12432,20240109,91,25,267,2,6185.93,0,12371.86
12433,20240117,114,21,294,1,3973.22,0,3973.22
12434,20240322,53,5,388,1,1453.18,5,1380.52
12435,20240516,66,16,14,1,6204.11,0,6204.11
12436,20240720,27,5,217,2,1220.37,10,2196.67
12437,20250823,24,4,211,2,3205.37,0,6410.74
12438,20240208,50,9,321,1,3814.05,10,3432.65
12439,20240305,18,20,218,1,5185.3,0,5185.3
12440,20240425,67,22,,1,4800.44,0,4800.44
12441,20240109,79,15,15,2,1528.97,0,3057.94
12442,20250119,26,11,,1,1355.83,20,1084.66
12443,20240421,71,18,319,1,3918.6,0,3918.6
12444,20250105,31,7,343,1,7243.85,5,6881.66
12445,20250806,104,11,336,3,6527.04,0,19581.12
12446,20240716,117,6,348,1,5631.66,0,5631.66
12447,20240720,109,24,10,1,2954.88,10,2659.39
12448,20241024,111,10,375,1,1506.58,0,1506.58
12449,20241127,116,9,46,1,6480.7,0,6480.7
12450,20250710,1,13,386,1,1005.84,0,1005.84
12451,20251019,53,16,354,3,1453.18,0,4359.54
12452,20240623,51,24,183,2,2879.69,0,5759.38
12453,20250506,99,2,53,1,4915.0,0,4915.0
12454,20240227,51,8,371,1,2879.69,10,2591.72
12455,20251101,119,24,158,1,2956.72,5,2808.88
12456,20240416,43,9,143,1,3747.63,0,3747.63
12457,20250705,54,3,162,1,2808.33,0,2808.33
12458,20240818,82,21,80,2,3179.41,10,5722.94
12459,20240306,35,23,,1,3748.04,20,2998.43
12460,20251118,16,19,,1,4330.21,0,4330.21
12461,20241111,94,6,53,1,1460.17,20,1168.14
12462,20250531,89,24,333,2,4062.25,0,8124.5
12463,20251010,94,13,170,1,1460.17,5,1387.16
12464,20240526,52,7,140,1,2796.94,0,2796.94
12465,20250718,21,10,286,1,1209.52,5,1149.04
12466,20241119,120,18,183,1,5078.17,0,5078.17
12467,20240219,48,2,44,1,2551.26,0,2551.26
12468,20240523,55,17,300,1,735.67,0,735.67
12469,20250521,56,24,91,1,7088.96,5,6734.51
12470,20250422,52,8,175,1,2796.94,0,2796.94
12471,20250329,80,10,54,1,5880.6,5,5586.57
12472,20250127,49,15,47,1,3974.14,10,3576.73
12473,20240726,43,6,311,2,3747.63,20,5996.21
12474,20250726,51,6,295,1,2879.69,0,2879.69
12475,20251014,75,7,380,1,2266.5,10,2039.85
12476,20241214,78,25,321,1,1807.55,0,1807.55
12477,20241228,13,7,,2,4729.21,0,9458.42
12478,20250123,19,1,106,2,3799.68,5,7219.39
12479,20240914,61,22,343,1,5731.62,0,5731.62
12480,20251011,7,15,177,1,4794.43,0,4794.43
12481,20240327,14,6,209,1,4823.13,0,4823.13
12482,20240704,83,18,193,1,2689.64,0,2689.64
12483,20240608,93,1,389,2,4029.05,0,8058.1
12484,20240106,92,11,9,1,2008.22,0,2008.22
12485,20240507,115,24,166,1,2419.05,5,2298.1
12486,20241011,109,16,229,1,2954.88,15,2511.65
12487,20240515,30,16,91,1,3704.61,5,3519.38
12488,20250105,63,13,266,1,4196.34,0,4196.34
12489,20250930,53,12,317,2,1453.18,5,2761.04
12490,20240303,80,11,42,1,5880.6,0,5880.6
12491,20240916,113,24,,1,4385.13,0,4385.13
12492,20251206,36,17,202,1,682.61,15,580.22
12493,20241210,109,4,222,1,2954.88,5,2807.14
12494,20240917,37,7,275,1,3761.37,0,3761.37
12495,20240418,1,2,242,1,1005.84,15,854.96
12496,20250402,81,14,,3,1242.05,5,3539.84
12497,20250110,29,1,,2,1567.62,0,3135.24
12498,20240712,36,3,246,1,682.61,5,648.48
12499,20240328,19,18,103,3,3799.68,5,10829.09
12500,20241030,31,17,,2,7243.85,10,13038.93
12501,20250707,63,23,97,1,4196.34,0,4196.34
12502,20240627,93,14,,3,4029.05,20,9669.72
12503,20250309,81,24,176,1,1242.05,0,1242.05
12504,20240316,106,17,338,4,717.87,0,2871.48
12505,20240131,50,5,151,1,3814.05,0,3814.05
12506,20240512,114,22,83,2,3973.22,0,7946.44
12507,20240718,100,25,163,1,4823.15,0,4823.15
12508,20240712,104,18,269,1,6527.04,0,6527.04
12509,20241227,14,12,60,1,4823.13,15,4099.66
12510,20240305,78,11,210,1,1807.55,0,1807.55
12511,20240116,98,22,156,1,850.73,0,850.73
12512,20240208,57,3,40,1,3796.83,20,3037.46
12513,20251031,86,12,,1,4002.37,0,4002.37
12514,20250417,52,12,275,1,2796.94,5,2657.09
12515,20241126,114,10,373,1,3973.22,0,3973.22
12516,20250311,73,8,146,2,6348.65,15,10792.7
12517,20250511,28,15,,1,3988.05,0,3988.05
12518,20250903,62,13,245,2,978.5,0,1957.0
12519,20250307,39,24,247,1,3883.73,5,3689.54
12520,20250103,47,4,284,2,2706.69,0,5413.38
12521,20240123,16,18,300,1,4330.21,0,4330.21
12522,20240405,2,4,,1,882.35,10,794.12
12523,20250819,88,2,,3,2796.03,0,8388.09
12524,20250819,4,15,291,3,1722.15,5,4908.13
12525,20250724,32,10,,1,1604.88,0,1604.88
12526,20251124,1,15,34,3,1005.84,15,2564.89
12527,20250417,23,20,98,1,5336.87,0,5336.87
12528,20250116,70,25,378,1,3349.78,0,3349.78
12529,20240913,33,13,302,1,2291.4,10,2062.26
12530,20240731,79,21,389,1,1528.97,0,1528.97
12531,20241128,63,16,373,1,4196.34,0,4196.34
12532,20251021,17,4,105,1,1735.19,15,1474.91
12533,20240720,31,6,,2,7243.85,0,14487.7
12534,20250830,28,18,326,1,3988.05,0,3988.05
12535,20250210,60,6,216,1,4273.1,5,4059.45
12536,20241021,25,14,,1,659.99,0,659.99
12537,20240521,76,15,77,1,5042.37,0,5042.37
12538,20240802,10,18,329,2,3316.3,0,6632.6
12539,20241111,91,13,154,1,6185.93,0,6185.93
12540,20250205,26,10,221,1,1355.83,0,1355.83
12541,20240418,110,16,30,3,3839.63,5,10942.95
12542,20250831,51,12,203,1,2879.69,0,2879.69
12543,20240529,26,12,156,2,1355.83,0,2711.66
12544,20240204,61,15,130,2,5731.62,0,11463.24
12545,20240124,41,10,381,2,5693.66,0,11387.32
12546,20250329,13,17,134,2,4729.21,10,8512.58
12547,20251006,63,23,77,2,4196.34,5,7973.05
12548,20240301,92,18,226,1,2008.22,10,1807.4
12549,20251118,65,25,313,2,3541.34,5,6728.55
12550,20240328,87,20,302,1,2952.23,0,2952.23
12551,20250418,56,19,30,3,7088.96,0,21266.88
12552,20250628,112,8,269,1,1434.74,0,1434.74
12553,20250308,101,3,61,1,1131.31,5,1074.74
12554,20240309,69,14,,1,2128.62,0,2128.62
12555,20240205,114,24,7,3,3973.22,0,11919.66
12556,20250219,9,4,131,1,4835.47,0,4835.47
12557,20250407,3,8,337,1,2631.02,0,2631.02
12558,20240514,51,7,154,1,2879.69,10,2591.72
12559,20250119,20,5,178,1,1915.63,0,1915.63
12560,20250413,56,6,,1,7088.96,5,6734.51
12561,20240905,95,18,381,1,3960.41,5,3762.39
12562,20240114,10,13,131,1,3316.3,0,3316.3
12563,20240308,76,19,248,1,5042.37,0,5042.37
12564,20240320,33,10,13,2,2291.4,0,4582.8
12565,20250703,105,15,324,1,2890.92,0,2890.92
12566,20251212,15,24,25,1,4621.37,0,4621.37
12567,20240103,119,6,47,1,2956.72,20,2365.38
12568,20240318,45,9,,1,1364.28,15,1159.64
12569,20251104,47,13,43,1,2706.69,5,2571.36
12570,20240725,39,18,31,1,3883.73,0,3883.73
12571,20241214,27,25,57,1,1220.37,0,1220.37
12572,20240512,19,3,299,1,3799.68,0,3799.68
12573,20250503,100,25,47,3,4823.15,0,14469.45
12574,20251121,57,22,335,1,3796.83,0,3796.83
12575,20250329,78,5,31,1,1807.55,0,1807.55
12576,20250126,86,18,268,1,4002.37,10,3602.13
12577,20251013,109,6,54,1,2954.88,0,2954.88
12578,20241201,96,17,168,1,3006.66,0,3006.66
12579,20240805,36,22,376,1,682.61,0,682.61
12580,20251210,70,24,269,2,3349.78,0,6699.56
12581,20240406,34,12,240,1,1322.31,5,1256.19
12582,20241016,117,8,48,1,5631.66,5,5350.08
12583,20250102,84,10,357,1,4822.61,5,4581.48
12584,20250916,24,6,,1,3205.37,20,2564.3
12585,20251018,15,1,16,2,4621.37,5,8780.6
12586,20251210,85,20,375,2,6169.54,5,11722.13
12587,20251205,95,3,237,1,3960.41,15,3366.35
12588,20240807,52,19,52,2,2796.94,0,5593.88
12589,20240810,66,12,,2,6204.11,0,12408.22
12590,20251005,28,12,304,1,3988.05,0,3988.05
12591,20251118,1,20,49,1,1005.84,0,1005.84
12592,20250223,26,16,20,1,1355.83,0,1355.83
12593,20240409,92,11,,2,2008.22,0,4016.44
12594,20250209,25,10,,1,659.99,20,527.99
12595,20240628,113,21,294,1,4385.13,10,3946.62
12596,20251201,117,8,199,1,5631.66,10,5068.49
12597,20250109,57,19,209,3,3796.83,15,9681.92
12598,20240725,60,17,162,1,4273.1,15,3632.14
12599,20251224,4,21,158,1,1722.15,0,1722.15
12600,20240720,97,1,107,1,4779.12,0,4779.12
12601,20240121,14,6,292,1,4823.13,0,4823.13
12602,20240415,97,4,137,1,4779.12,0,4779.12
12603,20251007,46,22,78,1,4179.48,10,3761.53
12604,20240326,97,12,,1,4779.12,0,4779.12
12605,20240101,90,20,176,3,3873.38,0,11620.14
12606,20250116,77,23,176,1,5233.57,0,5233.57
12607,20241003,111,2,,2,1506.58,0,3013.16
12608,20241224,17,21,283,1,1735.19,0,1735.19
12609,20250829,20,3,158,1,1915.63,5,1819.85
12610,20250507,33,20,171,1,2291.4,0,2291.4
12611,20250925,34,22,280,1,1322.31,0,1322.31
12612,20240822,73,4,25,1,6348.65,5,6031.22
12613,20240325,89,14,286,1,4062.25,5,3859.14
12614,20240315,45,5,179,1,1364.28,10,1227.85
12615,20240907,97,11,325,4,4779.12,15,16249.01
12616,20251228,56,15,323,1,7088.96,0,7088.96
12617,20241107,41,13,177,1,5693.66,0,5693.66
12618,20251128,120,3,322,2,5078.17,0,10156.34
12619,20240519,82,10,108,4,3179.41,0,12717.64
12620,20250703,119,21,46,2,2956.72,0,5913.44
12621,20250420,34,17,365,1,1322.31,0,1322.31
12622,20251001,68,12,13,1,1648.1,5,1565.69
12623,20240108,43,23,293,2,3747.63,0,7495.26
12624,20251021,9,19,140,1,4835.47,20,3868.38
12625,20240730,81,17,210,1,1242.05,0,1242.05
12626,20250622,57,21,358,1,3796.83,20,3037.46
12627,20250227,102,18,,1,616.26,20,493.01
12628,20240429,3,5,279,1,2631.02,0,2631.02
12629,20240628,69,19,215,1,2128.62,5,2022.19
12630,20240213,95,22,128,1,3960.41,0,3960.41
12631,20241119,59,18,285,1,2020.12,0,2020.12
12632,20240524,24,1,328,1,3205.37,0,3205.37
12633,20240224,59,16,268,4,2020.12,0,8080.48
12634,20241228,97,14,244,2,4779.12,20,7646.59
12635,20240401,107,23,199,4,1952.14,0,7808.56
12636,20250914,57,5,125,1,3796.83,0,3796.83
12637,20250116,108,25,237,1,3374.55,0,3374.55
12638,20250723,120,9,1,1,5078.17,0,5078.17
12639,20240703,68,14,,1,1648.1,0,1648.1
12640,20240530,53,1,245,1,1453.18,0,1453.18
12641,20251224,80,20,241,1,5880.6,0,5880.6
12642,20241110,14,24,320,1,4823.13,5,4581.97
12643,20250216,65,2,270,1,3541.34,0,3541.34
12644,20250902,21,11,269,1,1209.52,0,1209.52
12645,20240607,89,10,311,1,4062.25,15,3452.91
12646,20251002,47,16,,1,2706.69,0,2706.69
12647,20250124,60,6,290,1,4273.1,0,4273.1
12648,20241222,43,11,135,1,3747.63,0,3747.63
12649,20250824,65,8,,1,3541.34,0,3541.34
12650,20250831,45,8,278,1,1364.28,10,1227.85
12651,20240418,112,21,352,1,1434.74,0,1434.74
12652,20250607,93,13,189,1,4029.05,0,4029.05
12653,20240824,86,17,218,1,4002.37,5,3802.25
12654,20250519,37,6,43,1,3761.37,5,3573.3
12655,20250930,60,24,211,1,4273.1,15,3632.14
12656,20250430,13,25,187,2,4729.21,0,9458.42
12657,20251120,6,20,180,1,843.99,0,843.99
12658,20240909,84,25,289,1,4822.61,15,4099.22
12659,20240923,86,22,22,4,4002.37,0,16009.48
12660,20240306,70,12,5,2,3349.78,0,6699.56
12661,20240717,2,16,336,2,882.35,0,1764.7
12662,20240901,97,13,142,1,4779.12,0,4779.12
12663,20250314,41,18,243,1,5693.66,10,5124.29
12664,20241026,106,1,132,1,717.87,5,681.98
12665,20240911,70,23,103,4,3349.78,0,13399.12
12666,20250329,67,16,,2,4800.44,0,9600.88
12667,20240222,98,3,58,1,850.73,15,723.12
12668,20251008,8,14,399,1,3576.07,0,3576.07
12669,20251229,94,3,226,2,1460.17,0,2920.34
12670,20251021,52,16,,3,2796.94,15,7132.2
12671,20241101,116,6,,1,6480.7,0,6480.7
12672,20240208,113,1,33,1,4385.13,0,4385.13
12673,20240105,89,13,61,1,4062.25,5,3859.14
12674,20250127,107,18,3,2,1952.14,5,3709.07
12675,20250819,7,10,77,3,4794.43,5,13664.13
12676,20250227,29,23,206,1,1567.62,0,1567.62
12677,20251002,34,25,,1,1322.31,5,1256.19
12678,20240530,83,12,73,1,2689.64,0,2689.64
12679,20240821,80,21,67,1,5880.6,10,5292.54
12680,20240925,88,8,111,1,2796.03,0,2796.03
12681,20240505,119,21,104,1,2956.72,0,2956.72
12682,20240507,101,11,246,1,1131.31,0,1131.31
12683,20250307,118,14,147,2,5698.72,5,10827.57
12684,20250610,40,22,358,1,6858.19,15,5829.46
12685,20250506,83,3,386,1,2689.64,5,2555.16
12686,20250307,94,4,165,1,1460.17,20,1168.14
12687,20251119,108,21,393,1,3374.55,10,3037.1
12688,20251116,15,12,16,3,4621.37,5,13170.9
12689,20241209,112,15,,1,1434.74,0,1434.74
12690,20240406,63,7,235,1,4196.34,15,3566.89
12691,20240415,82,6,216,1,3179.41,0,3179.41
12692,20250618,67,7,169,1,4800.44,0,4800.44
12693,20240130,13,14,,1,4729.21,5,4492.75
12694,20250113,106,19,87,1,717.87,0,717.87
12695,20240520,112,12,8,1,1434.74,0,1434.74
12696,20251225,50,12,300,1,3814.05,0,3814.05
12697,20251106,36,9,,4,682.61,5,2593.92
12698,20250818,41,18,336,1,5693.66,0,5693.66
12699,20240428,83,11,297,2,2689.64,5,5110.32
12700,20250312,25,1,312,1,659.99,0,659.99
12701,20250504,18,22,59,4,5185.3,15,17630.02
12702,20240822,25,18,303,1,659.99,0,659.99
12703,20250823,11,2,199,1,5902.88,0,5902.88
12704,20250303,37,19,151,1,3761.37,5,3573.3
12705,20250512,2,15,164,1,882.35,0,882.35
12706,20250713,111,6,332,2,1506.58,0,3013.16
12707,20240503,58,2,356,1,5200.5,15,4420.43
12708,20250511,110,10,270,1,3839.63,0,3839.63
12709,20240602,72,6,298,4,1667.62,15,5669.91
12710,20250120,68,2,284,2,1648.1,0,3296.2
12711,20241230,16,23,158,1,4330.21,10,3897.19
12712,20250818,107,20,322,1,1952.14,5,1854.53
12713,20240809,34,12,87,1,1322.31,10,1190.08
12714,20251031,49,5,384,2,3974.14,0,7948.28
12715,20251023,102,19,55,2,616.26,0,1232.52
12716,20250116,63,12,236,1,4196.34,0,4196.34
12717,20250222,70,17,,1,3349.78,0,3349.78
12718,20241116,13,4,151,1,4729.21,0,4729.21
12719,20250623,95,15,10,1,3960.41,0,3960.41
12720,20240722,1,2,338,1,1005.84,5,955.55
12721,20241128,13,15,272,1,4729.21,0,4729.21
12722,20251001,40,18,399,1,6858.19,20,5486.55
12723,20240902,55,25,368,1,735.67,15,625.32
12724,20250914,65,10,359,1,3541.34,0,3541.34
12725,20250711,24,17,,2,3205.37,5,6090.2
12726,20250421,112,24,241,1,1434.74,5,1363.0
12727,20240429,27,17,400,4,1220.37,0,4881.48
12728,20251121,17,22,207,1,1735.19,5,1648.43
12729,20250308,109,18,385,2,2954.88,10,5318.78
12730,20250712,64,19,125,1,4068.92,0,4068.92
12731,20240517,17,1,90,1,1735.19,5,1648.43
12732,20240201,60,6,146,1,4273.1,10,3845.79
12733,20251125,47,13,400,1,2706.69,20,2165.35
12734,20240928,90,8,393,1,3873.38,15,3292.37
12735,20240223,104,11,,1,6527.04,10,5874.34
12736,20240106,46,2,108,2,4179.48,20,6687.17
12737,20241018,45,2,232,2,1364.28,0,2728.56
12738,20250914,23,21,399,1,5336.87,0,5336.87
12739,20251204,93,21,35,1,4029.05,0,4029.05
12740,20240918,12,17,334,1,1690.47,5,1605.95
12741,20251204,65,15,,1,3541.34,10,3187.21
12742,20250315,97,21,,1,4779.12,5,4540.16
12743,20240623,27,5,301,1,1220.37,5,1159.35
12744,20241013,87,21,49,3,2952.23,20,7085.35
12745,20240529,60,14,338,1,4273.1,10,3845.79
12746,20250406,105,18,4,3,2890.92,15,7371.85
12747,20250217,38,10,66,2,1729.74,15,2940.56
12748,20240208,64,16,331,1,4068.92,5,3865.47
12749,20240608,93,8,46,1,4029.05,5,3827.6
12750,20250527,41,4,,2,5693.66,5,10817.95
12751,20240103,45,9,39,2,1364.28,5,2592.13
12752,20250121,117,5,231,1,5631.66,0,5631.66
12753,20250902,115,9,362,1,2419.05,0,2419.05
12754,20241129,44,1,161,1,4747.67,5,4510.29
12755,20240825,33,5,257,1,2291.4,0,2291.4
12756,20240110,69,12,33,1,2128.62,0,2128.62
12757,20250807,118,9,192,2,5698.72,15,9687.82
12758,20251204,38,14,190,1,1729.74,10,1556.77
12759,20241215,39,21,78,2,3883.73,5,7379.09
12760,20251031,30,23,2,1,3704.61,0,3704.61
12761,20251219,96,10,13,2,3006.66,0,6013.32
12762,20250310,89,21,343,2,4062.25,15,6905.82
12763,20241218,21,2,,1,1209.52,0,1209.52
12764,20240402,11,2,307,1,5902.88,0,5902.88
12765,20240724,5,6,217,1,2284.3,20,1827.44
12766,20251021,113,21,187,4,4385.13,5,16663.49
12767,20240319,71,19,182,2,3918.6,15,6661.62
12768,20250925,115,4,82,1,2419.05,0,2419.05
12769,20250724,69,6,285,2,2128.62,0,4257.24
12770,20240503,86,12,398,1,4002.37,5,3802.25
12771,20240915,52,14,26,1,2796.94,0,2796.94
12772,20240107,34,18,271,1,1322.31,5,1256.19
12773,20240511,109,16,221,1,2954.88,0,2954.88
12774,20240504,12,12,213,1,1690.47,5,1605.95
12775,20240307,4,24,261,1,1722.15,0,1722.15
12776,20250412,90,20,99,2,3873.38,5,7359.42
12777,20240817,107,17,76,1,1952.14,0,1952.14
12778,20241019,63,13,204,1,4196.34,0,4196.34
12779,20240330,107,11,14,1,1952.14,0,1952.14
12780,20250810,119,15,53,1,2956.72,0,2956.72
12781,20240109,36,7,51,3,682.61,15,1740.66
12782,20240713,65,15,4,3,3541.34,0,10624.02
12783,20251013,1,24,54,4,1005.84,0,4023.36
12784,20251220,45,22,316,1,1364.28,15,1159.64
12785,20250503,57,6,220,1,3796.83,0,3796.83
12786,20240321,104,13,165,1,6527.04,0,6527.04
12787,20240918,47,9,385,1,2706.69,0,2706.69
12788,20251123,4,17,388,3,1722.15,0,5166.45
12789,20241124,74,12,220,1,3249.83,5,3087.34
12790,20250904,106,18,255,1,717.87,0,717.87
12791,20241109,71,4,24,3,3918.6,0,11755.8
12792,20240129,97,22,142,2,4779.12,0,9558.24
12793,20251219,61,13,,1,5731.62,0,5731.62
12794,20240523,105,16,350,2,2890.92,10,5203.66
12795,20241113,118,7,157,1,5698.72,5,5413.78
12796,20251201,8,4,221,2,3576.07,0,7152.14
12797,20241030,69,13,318,1,2128.62,0,2128.62
12798,20250618,25,19,283,2,659.99,0,1319.98
12799,20240424,92,22,205,3,2008.22,5,5723.43
12800,20240323,37,10,9,2,3761.37,0,7522.74
12801,20251228,26,4,325,1,1355.83,5,1288.04
12802,20250802,15,25,82,1,4621.37,0,4621.37
12803,20251127,43,17,185,2,3747.63,0,7495.26
12804,20241102,43,22,247,3,3747.63,0,11242.89
12805,20240707,3,9,260,2,2631.02,0,5262.04
12806,20251212,35,6,269,2,3748.04,15,6371.67
12807,20241023,68,19,6,1,1648.1,0,1648.1
12808,20240114,110,17,205,4,3839.63,0,15358.52
12809,20250604,17,18,111,1,1735.19,0,1735.19
12810,20251120,74,6,119,1,3249.83,0,3249.83
12811,20250907,108,6,253,1,3374.55,0,3374.55
12812,20250213,87,16,278,1,2952.23,0,2952.23
12813,20240318,103,12,119,2,5201.47,20,8322.35
12814,20241202,31,13,228,1,7243.85,0,7243.85
12815,20250831,6,8,270,2,843.99,0,1687.98
12816,20250222,69,6,300,1,2128.62,0,2128.62
12817,20240731,53,19,,1,1453.18,0,1453.18
12818,20250715,27,1,,1,1220.37,5,1159.35
12819,20250123,40,9,,1,6858.19,0,6858.19
12820,20250816,88,16,267,1,2796.03,10,2516.43
12821,20250409,41,21,107,3,5693.66,5,16226.93
12822,20240409,70,21,317,1,3349.78,5,3182.29
12823,20240329,42,23,327,3,2401.74,15,6124.44
12824,20240107,69,7,52,2,2128.62,0,4257.24
12825,20240708,19,17,148,1,3799.68,20,3039.74
12826,20240306,110,1,66,1,3839.63,0,3839.63
12827,20240424,53,4,,1,1453.18,20,1162.54
12828,20250724,71,22,190,1,3918.6,5,3722.67
12829,20240415,48,18,310,4,2551.26,0,10205.04
12830,20240420,73,14,330,1,6348.65,0,6348.65
12831,20251221,2,6,209,2,882.35,0,1764.7
12832,20250622,6,7,346,1,843.99,10,759.59
12833,20240802,73,24,290,2,6348.65,0,12697.3
12834,20240701,74,1,105,1,3249.83,0,3249.83
12835,20240611,70,7,350,1,3349.78,0,3349.78
12836,20251114,103,13,385,3,5201.47,0,15604.41
12837,20250630,23,5,6,2,5336.87,0,10673.74
12838,20251104,87,23,12,1,2952.23,0,2952.23
12839,20250812,87,1,144,3,2952.23,20,7085.35
12840,20240629,36,4,110,1,682.61,0,682.61
12841,20250305,60,5,,1,4273.1,5,4059.45
12842,20251022,76,1,364,1,5042.37,5,4790.25
12843,20240523,60,6,89,1,4273.1,5,4059.45
12844,20250112,69,22,,1,2128.62,0,2128.62
12845,20240317,60,10,304,1,4273.1,0,4273.1
12846,20240120,53,18,247,1,1453.18,20,1162.54
12847,20240901,81,18,33,2,1242.05,0,2484.1
12848,20250101,76,17,94,4,5042.37,20,16135.58
12849,20240304,112,5,293,1,1434.74,0,1434.74
12850,20250207,92,25,55,1,2008.22,0,2008.22
12851,20250518,57,25,125,1,3796.83,0,3796.83
12852,20251201,56,13,145,1,7088.96,0,7088.96
12853,20251104,38,21,172,2,1729.74,0,3459.48
12854,20240903,46,1,259,2,4179.48,0,8358.96
12855,20240414,42,23,208,1,2401.74,5,2281.65
12856,20250206,5,8,,2,2284.3,0,4568.6
12857,20251211,65,11,341,2,3541.34,0,7082.68
12858,20251214,80,21,120,2,5880.6,0,11761.2
12859,20240626,76,20,312,1,5042.37,5,4790.25
12860,20241210,89,16,121,1,4062.25,0,4062.25
12861,20240910,77,19,36,1,5233.57,0,5233.57
12862,20240208,56,4,228,2,7088.96,5,13469.02
12863,20250423,83,2,315,1,2689.64,0,2689.64
12864,20250701,94,2,329,1,1460.17,0,1460.17
12865,20251122,9,14,336,1,4835.47,5,4593.7
12866,20240724,35,21,,1,3748.04,15,3185.83
12867,20250126,63,25,136,1,4196.34,0,4196.34
12868,20241007,17,2,333,1,1735.19,10,1561.67
12869,20250608,116,10,237,1,6480.7,0,6480.7
12870,20251116,9,7,176,2,4835.47,0,9670.94
12871,20241108,72,14,383,2,1667.62,0,3335.24
12872,20240814,53,9,295,2,1453.18,10,2615.72
12873,20240326,60,11,307,3,4273.1,15,10896.41
12874,20250609,81,16,7,1,1242.05,0,1242.05
12875,20240420,119,17,88,1,2956.72,10,2661.05
12876,20250207,6,6,128,1,843.99,0,843.99
12877,20240427,1,6,38,1,1005.84,0,1005.84
12878,20250225,4,21,72,1,1722.15,0,1722.15
12879,20250918,120,7,380,3,5078.17,5,14472.78
12880,20250513,119,6,126,1,2956.72,5,2808.88
12881,20240815,86,2,7,1,4002.37,0,4002.37
12882,20250709,89,11,73,1,4062.25,0,4062.25
12883,20240521,17,9,,3,1735.19,5,4945.29
12884,20250218,6,1,304,1,843.99,0,843.99
12885,20240610,33,15,312,1,2291.4,10,2062.26
12886,20240622,76,1,90,1,5042.37,5,4790.25
12887,20250913,75,1,138,2,2266.5,0,4533.0
12888,20250725,24,1,87,2,3205.37,10,5769.67
12889,20250928,17,15,349,1,1735.19,0,1735.19
12890,20241205,28,19,358,3,3988.05,0,11964.15
12891,20240819,57,9,,2,3796.83,0,7593.66
12892,20240930,97,20,,3,4779.12,15,12186.76
12893,20241218,54,10,332,1,2808.33,10,2527.5
12894,20241205,80,8,135,1,5880.6,10,5292.54
12895,20250628,114,6,312,1,3973.22,5,3774.56
12896,20241119,99,25,232,1,4915.0,5,4669.25
12897,20241202,35,4,70,1,3748.04,0,3748.04
12898,20240314,54,6,94,1,2808.33,15,2387.08
12899,20251120,71,3,237,1,3918.6,5,3722.67
12900,20251222,82,9,171,1,3179.41,0,3179.41
12901,20241230,100,5,336,4,4823.15,0,19292.6
12902,20250227,88,16,332,2,2796.03,5,5312.46
12903,20240113,83,15,371,1,2689.64,0,2689.64
12904,20251210,71,25,197,1,3918.6,10,3526.74
12905,20250916,44,10,13,2,4747.67,15,8071.04
12906,20240520,2,23,363,2,882.35,10,1588.23
12907,20250726,72,14,53,1,1667.62,5,1584.24
12908,20240102,109,11,365,1,2954.88,0,2954.88
12909,20240122,99,22,266,2,4915.0,20,7864.0
12910,20240301,7,1,112,1,4794.43,10,4314.99
12911,20240422,8,18,,1,3576.07,0,3576.07
12912,20250726,114,6,2,1,3973.22,20,3178.58
12913,20250626,62,17,59,2,978.5,0,1957.0
12914,20250530,75,6,147,4,2266.5,10,8159.4
12915,20250207,23,24,72,1,5336.87,15,4536.34
12916,20250110,48,8,26,1,2551.26,20,2041.01
12917,20240401,41,22,90,3,5693.66,5,16226.93
12918,20240222,47,18,71,2,2706.69,0,5413.38
12919,20240305,90,12,247,1,3873.38,0,3873.38
12920,20250916,52,7,78,4,2796.94,15,9509.6
12921,20250205,52,2,93,1,2796.94,0,2796.94
12922,20240606,24,1,12,1,3205.37,5,3045.1
12923,20240817,101,4,35,1,1131.31,0,1131.31
12924,20250328,94,1,236,1,1460.17,0,1460.17
12925,20240907,2,6,316,1,882.35,0,882.35
12926,20250530,91,1,90,1,6185.93,10,5567.34
12927,20250526,37,3,282,2,3761.37,20,6018.19
12928,20240505,97,8,129,3,4779.12,5,13620.49
12929,20251016,66,4,337,1,6204.11,5,5893.9
12930,20240903,73,24,5,1,6348.65,0,6348.65
12931,20251030,92,21,55,2,2008.22,5,3815.62
12932,20241208,106,16,367,1,717.87,5,681.98
12933,20251025,107,4,53,1,1952.14,5,1854.53
12934,20240710,50,4,102,2,3814.05,0,7628.1
12935,20240827,82,10,295,1,3179.41,20,2543.53
12936,20251117,81,7,294,1,1242.05,0,1242.05
12937,20250829,47,10,377,1,2706.69,5,2571.36
12938,20241001,100,21,352,1,4823.15,5,4581.99
12939,20250330,3,1,385,1,2631.02,10,2367.92
12940,20240522,55,18,49,2,735.67,5,1397.77
12941,20241102,39,16,20,1,3883.73,20,3106.98
12942,20250907,66,19,289,1,6204.11,10,5583.7
12943,20250617,53,16,112,1,1453.18,10,1307.86
12944,20250925,83,18,267,2,2689.64,10,4841.35
12945,20240608,41,25,263,1,5693.66,5,5408.98
12946,20250211,89,6,182,4,4062.25,0,16249.0
12947,20250724,4,8,168,1,1722.15,5,1636.04
12948,20240808,9,24,109,1,4835.47,0,4835.47
12949,20241105,93,17,248,4,4029.05,0,16116.2
12950,20240930,31,25,33,1,7243.85,0,7243.85
12951,20251007,53,5,,1,1453.18,0,1453.18
12952,20251205,115,8,187,1,2419.05,0,2419.05
12953,20250111,39,6,264,1,3883.73,5,3689.54
12954,20240104,105,4,374,1,2890.92,0,2890.92
12955,20251211,14,4,276,1,4823.13,0,4823.13
12956,20241031,86,11,182,1,4002.37,10,3602.13
12957,20250217,16,21,390,2,4330.21,10,7794.38
12958,20241203,6,17,57,1,843.99,10,759.59
12959,20250704,118,1,100,1,5698.72,5,5413.78
12960,20241221,38,16,,4,1729.74,0,6918.96
12961,20250421,8,8,54,1,3576.07,0,3576.07
12962,20250822,40,21,355,1,6858.19,0,6858.19
12963,20240721,54,13,5,1,2808.33,0,2808.33
12964,20251220,96,16,286,1,3006.66,0,3006.66
12965,20241006,92,22,379,1,2008.22,5,1907.81
12966,20241213,42,21,304,1,2401.74,0,2401.74
12967,20240630,97,9,355,1,4779.12,0,4779.12
12968,20240201,14,13,54,1,4823.13,15,4099.66
12969,20251127,114,13,397,1,3973.22,0,3973.22
12970,20240617,29,1,128,1,1567.62,0,1567.62
12971,20241225,100,21,23,1,4823.15,0,4823.15
12972,20241116,1,20,274,3,1005.84,0,3017.52
12973,20250715,94,8,,1,1460.17,0,1460.17
12974,20251206,66,14,278,1,6204.11,10,5583.7
12975,20241007,9,22,77,1,4835.47,5,4593.7
12976,20240309,62,25,,1,978.5,0,978.5
12977,20240423,64,18,158,1,4068.92,10,3662.03
12978,20240104,26,5,,2,1355.83,15,2304.91
12979,20251109,74,1,59,1,3249.83,0,3249.83
12980,20250915,40,23,127,2,6858.19,5,13030.56
12981,20240414,15,5,172,1,4621.37,15,3928.16
12982,20240328,24,22,144,2,3205.37,5,6090.2
12983,20240721,51,1,164,1,2879.69,0,2879.69
12984,20240702,90,6,232,1,3873.38,0,3873.38
12985,20240710,7,20,166,2,4794.43,15,8150.53
12986,20240102,80,7,193,2,5880.6,5,11173.14
12987,20250707,54,19,282,1,2808.33,0,2808.33
12988,20250223,48,13,102,1,2551.26,0,2551.26
12989,20251011,78,2,346,1,1807.55,5,1717.17
12990,20250301,104,15,42,1,6527.04,0,6527.04
12991,20240513,30,7,139,1,3704.61,0,3704.61
12992,20240914,61,3,249,1,5731.62,10,5158.46
12993,20241221,11,24,309,4,5902.88,0,23611.52
12994,20240410,38,19,388,1,1729.74,0,1729.74
12995,20240401,11,5,76,1,5902.88,10,5312.59
12996,20250225,83,3,203,2,2689.64,15,4572.39
12997,20240517,82,13,215,1,3179.41,0,3179.41
12998,20240716,60,16,203,4,4273.1,5,16237.78
12999,20241229,47,12,263,1,2706.69,0,2706.69
13000,20240420,2,7,159,1,882.35,0,882.35
13001,20240228,118,15,305,3,5698.72,0,17096.16
13002,20251030,89,6,,2,4062.25,0,8124.5
13003,20251023,52,17,,1,2796.94,0,2796.94
13004,20250612,91,20,1,2,6185.93,0,12371.86
13005,20240702,19,13,290,1,3799.68,15,3229.73
13006,20250914,7,14,388,1,4794.43,0,4794.43
13007,20250114,23,1,20,1,5336.87,0,5336.87
13008,20250513,114,4,287,1,3973.22,5,3774.56
13009,20240811,86,10,334,3,4002.37,5,11406.75
13010,20240120,10,7,29,2,3316.3,0,6632.6
13011,20250730,38,16,393,1,1729.74,0,1729.74
13012,20241210,34,24,378,1,1322.31,0,1322.31
13013,20250727,101,19,151,1,1131.31,10,1018.18
13014,20250820,23,6,81,1,5336.87,5,5070.03
13015,20241031,98,16,10,1,850.73,0,850.73
13016,20250426,111,14,327,1,1506.58,5,1431.25
13017,20250829,47,20,,1,2706.69,0,2706.69
13018,20240815,99,3,313,1,4915.0,10,4423.5
13019,20250206,32,21,185,1,1604.88,0,1604.88
13020,20240102,113,2,147,1,4385.13,15,3727.36
13021,20240902,73,16,59,2,6348.65,10,11427.57
13022,20240108,116,19,108,4,6480.7,0,25922.8
13023,20251209,66,8,269,1,6204.11,5,5893.9
13024,20240918,89,13,202,1,4062.25,5,3859.14
13025,20250202,30,19,,1,3704.61,0,3704.61
13026,20250819,16,17,245,1,4330.21,0,4330.21
13027,20240406,67,19,321,1,4800.44,0,4800.44
13028,20240306,79,16,143,2,1528.97,0,3057.94
13029,20240202,58,22,233,2,5200.5,0,10401.0
13030,20241024,47,25,249,1,2706.69,15,2300.69
13031,20251228,51,17,281,1,2879.69,10,2591.72
13032,20250523,120,23,294,1,5078.17,5,4824.26
13033,20240329,104,21,356,1,6527.04,5,6200.69
13034,20251119,70,15,297,2,3349.78,15,5694.63
13035,20240912,80,6,,4,5880.6,0,23522.4
13036,20241129,75,10,302,1,2266.5,20,1813.2
13037,20240921,86,16,234,1,4002.37,0,4002.37
13038,20250606,75,5,137,1,2266.5,0,2266.5
13039,20240910,94,12,302,1,1460.17,5,1387.16
13040,20241012,81,2,16,1,1242.05,0,1242.05
13041,20240825,4,10,56,1,1722.15,15,1463.83
13042,20240903,105,3,215,2,2890.92,0,5781.84
13043,20250725,114,19,396,3,3973.22,5,11323.68
13044,20240126,26,13,374,1,1355.83,0,1355.83
13045,20250707,106,3,250,3,717.87,10,1938.25
13046,20251015,28,7,81,1,3988.05,0,3988.05
13047,20251117,110,18,315,1,3839.63,0,3839.63
13048,20240502,108,11,165,1,3374.55,0,3374.55
13049,20250625,98,7,73,1,850.73,5,808.19
13050,20250702,11,25,73,2,5902.88,0,11805.76
13051,20250507,56,3,66,4,7088.96,0,28355.84
13052,20240318,43,13,70,2,3747.63,5,7120.5
13053,20240302,103,16,348,2,5201.47,5,9882.79
13054,20251012,73,10,315,1,6348.65,10,5713.78
13055,20240226,102,25,265,1,616.26,0,616.26
13056,20240627,50,14,393,4,3814.05,10,13730.58
13057,20250812,30,25,331,1,3704.61,0,3704.61
13058,20250602,84,14,376,1,4822.61,10,4340.35
13059,20240702,75,11,252,1,2266.5,0,2266.5
13060,20240715,45,24,139,1,1364.28,0,1364.28
13061,20250506,77,23,202,1,5233.57,5,4971.89
13062,20250304,94,18,64,3,1460.17,0,4380.51
13063,20240215,76,17,358,3,5042.37,15,12858.04
13064,20250518,57,15,178,2,3796.83,10,6834.29
13065,20250315,112,7,112,1,1434.74,0,1434.74
13066,20240505,79,2,,1,1528.97,20,1223.18
13067,20250816,9,10,295,1,4835.47,20,3868.38
13068,20240225,115,15,30,1,2419.05,0,2419.05
13069,20250413,22,2,161,1,6438.69,0,6438.69
13070,20240321,78,5,323,1,1807.55,0,1807.55
13071,20240206,84,2,199,1,4822.61,0,4822.61
13072,20240730,114,17,363,3,3973.22,0,11919.66
13073,20250730,103,15,397,2,5201.47,0,10402.94
13074,20250603,62,17,327,2,978.5,5,1859.15
13075,20251202,57,5,174,3,3796.83,5,10820.97
13076,20250704,14,12,50,1,4823.13,5,4581.97
13077,20250912,22,17,361,1,6438.69,0,6438.69
13078,20250815,101,16,9,1,1131.31,0,1131.31
13079,20241025,46,25,33,1,4179.48,0,4179.48
13080,20250531,97,8,313,4,4779.12,0,19116.48
13081,20240427,6,12,136,1,843.99,0,843.99
13082,20240320,15,3,8,1,4621.37,0,4621.37
13083,20250322,105,22,371,2,2890.92,5,5492.75
13084,20251101,78,4,80,1,1807.55,0,1807.55
13085,20250510,13,9,347,1,4729.21,0,4729.21
13086,20240402,44,21,352,3,4747.67,10,12818.71
13087,20240725,26,11,218,2,1355.83,0,2711.66
13088,20250415,6,11,9,1,843.99,15,717.39
13089,20250518,58,3,300,1,5200.5,0,5200.5
13090,20240722,8,4,217,1,3576.07,0,3576.07
13091,20251120,33,24,367,3,2291.4,5,6530.49
13092,20250114,32,16,387,1,1604.88,5,1524.64
13093,20250302,71,6,353,1,3918.6,0,3918.6
13094,20240527,72,25,,1,1667.62,5,1584.24
13095,20250117,72,18,112,1,1667.62,0,1667.62
13096,20240222,4,7,202,1,1722.15,0,1722.15
13097,20250615,112,11,107,1,1434.74,20,1147.79
13098,20251125,57,25,4,4,3796.83,0,15187.32
13099,20250927,64,7,240,1,4068.92,0,4068.92
13100,20240601,32,23,,3,1604.88,0,4814.64
13101,20240201,80,10,296,1,5880.6,5,5586.57
13102,20240912,4,4,256,1,1722.15,10,1549.94
13103,20240320,49,7,257,1,3974.14,0,3974.14
13104,20241213,3,5,392,1,2631.02,10,2367.92
13105,20241204,83,15,234,3,2689.64,0,8068.92
13106,20240326,110,20,365,1,3839.63,0,3839.63
13107,20250131,15,23,255,1,4621.37,0,4621.37
13108,20250101,103,18,149,1,5201.47,0,5201.47
13109,20240605,19,17,4,2,3799.68,0,7599.36
13110,20250403,49,6,109,1,3974.14,0,3974.14
13111,20240325,53,23,128,4,1453.18,0,5812.72
13112,20240103,19,10,340,2,3799.68,15,6459.46
13113,20241217,111,11,91,1,1506.58,0,1506.58
13114,20250401,89,21,,1,4062.25,0,4062.25
13115,20240730,45,16,297,1,1364.28,5,1296.07
13116,20250716,19,2,157,1,3799.68,0,3799.68
13117,20240625,70,6,91,1,3349.78,0,3349.78
13118,20241017,30,4,318,1,3704.61,10,3334.15
13119,20250715,119,2,,1,2956.72,0,2956.72
13120,20251201,10,14,,1,3316.3,0,3316.3
13121,20240305,22,5,388,1,6438.69,0,6438.69
13122,20241111,101,16,122,1,1131.31,10,1018.18
13123,20250611,111,10,356,2,1506.58,10,2711.84
13124,20250222,74,17,,1,3249.83,0,3249.83
13125,20240217,73,4,339,3,6348.65,0,19045.95
13126,20251106,72,25,,1,1667.62,0,1667.62
13127,20240418,39,3,241,1,3883.73,5,3689.54
13128,20240515,111,4,,1,1506.58,10,1355.92
13129,20241217,80,18,84,1,5880.6,0,5880.6
13130,20251120,39,10,249,2,3883.73,0,7767.46
13131,20251218,104,4,147,1,6527.04,0,6527.04
13132,20241029,2,12,,1,882.35,10,794.12
13133,20250301,120,17,309,1,5078.17,5,4824.26
13134,20251108,48,15,132,2,2551.26,0,5102.52
13135,20240813,41,12,309,1,5693.66,5,5408.98
13136,20241119,47,1,187,4,2706.69,0,10826.76
13137,20240411,1,17,45,1,1005.84,0,1005.84
13138,20250918,73,6,351,1,6348.65,0,6348.65
13139,20250212,22,20,188,2,6438.69,0,12877.38
13140,20240817,46,9,367,1,4179.48,0,4179.48
13141,20240710,56,7,381,1,7088.96,15,6025.62
13142,20241209,85,1,,1,6169.54,10,5552.59
13143,20250915,93,21,82,1,4029.05,0,4029.05
13144,20250412,100,18,278,1,4823.15,0,4823.15
13145,20250603,18,17,13,1,5185.3,0,5185.3
13146,20240224,73,21,113,2,6348.65,0,12697.3
13147,20240604,106,8,392,3,717.87,0,2153.61
13148,20251109,26,2,36,1,1355.83,0,1355.83
13149,20240904,32,20,210,1,1604.88,5,1524.64
13150,20250312,54,17,103,3,2808.33,0,8424.99
13151,20250608,16,12,293,4,4330.21,10,15588.76
13152,20240706,22,3,131,1,6438.69,15,5472.89
13153,20251104,116,13,,1,6480.7,5,6156.66
13154,20241001,98,8,360,1,850.73,5,808.19
13155,20240920,93,25,195,2,4029.05,0,8058.1
13156,20240520,83,3,8,1,2689.64,0,2689.64
13157,20250917,82,2,107,1,3179.41,0,3179.41
13158,20240624,53,25,321,1,1453.18,0,1453.18
13159,20251009,72,15,132,1,1667.62,10,1500.86
13160,20241010,120,14,389,4,5078.17,10,18281.41
13161,20240822,69,19,78,1,2128.62,0,2128.62
13162,20240308,40,24,323,1,6858.19,20,5486.55
13163,20250808,6,23,337,1,843.99,0,843.99
13164,20251019,29,11,171,3,1567.62,20,3762.29
13165,20240422,56,8,309,2,7088.96,15,12051.23
13166,20250330,119,12,,1,2956.72,5,2808.88
13167,20250802,108,6,98,1,3374.55,0,3374.55
13168,20240116,42,1,364,1,2401.74,5,2281.65
13169,20241019,99,17,322,3,4915.0,0,14745.0
13170,20250401,79,25,291,1,1528.97,5,1452.52
13171,20240827,120,2,304,1,5078.17,0,5078.17
13172,20251018,86,24,398,1,4002.37,0,4002.37
13173,20240412,108,5,,1,3374.55,5,3205.82
13174,20241018,37,19,237,1,3761.37,0,3761.37
13175,20240917,15,2,306,1,4621.37,0,4621.37
13176,20250201,73,4,279,2,6348.65,15,10792.7
13177,20241206,28,14,30,1,3988.05,0,3988.05
13178,20250209,112,19,4,1,1434.74,5,1363.0
13179,20250928,16,5,54,1,4330.21,0,4330.21
13180,20240610,51,18,366,3,2879.69,5,8207.12
13181,20250701,98,3,,1,850.73,0,850.73
13182,20250830,38,3,339,1,1729.74,10,1556.77
13183,20240827,10,17,183,1,3316.3,5,3150.49
13184,20250301,59,13,277,1,2020.12,5,1919.11
13185,20240103,42,24,63,3,2401.74,0,7205.22
13186,20250124,77,3,,1,5233.57,0,5233.57
13187,20251015,117,11,156,1,5631.66,20,4505.33
13188,20250908,99,20,300,2,4915.0,5,9338.5
13189,20250401,53,17,293,2,1453.18,0,2906.36
13190,20250423,72,6,61,1,1667.62,20,1334.1
13191,20240924,15,25,303,2,4621.37,5,8780.6
13192,20241004,86,2,290,3,4002.37,10,10806.4
13193,20240213,27,18,49,1,1220.37,0,1220.37
13194,20240413,10,12,386,1,3316.3,0,3316.3
13195,20240312,69,8,,1,2128.62,0,2128.62
13196,20241109,79,1,385,1,1528.97,0,1528.97
13197,20240115,88,23,119,3,2796.03,0,8388.09
13198,20240720,6,5,66,1,843.99,10,759.59
13199,20240912,84,12,127,1,4822.61,0,4822.61
13200,20240722,98,18,129,1,850.73,5,808.19
13201,20250719,10,5,306,1,3316.3,5,3150.49
13202,20241116,82,23,190,3,3179.41,0,9538.23
13203,20241021,73,13,,1,6348.65,0,6348.65
13204,20251222,56,14,47,1,7088.96,0,7088.96
13205,20250218,83,18,270,1,2689.64,5,2555.16
13206,20241215,14,22,251,1,4823.13,10,4340.82
13207,20240126,41,17,217,1,5693.66,0,5693.66
13208,20240831,52,2,119,4,2796.94,15,9509.6
13209,20240313,57,20,80,2,3796.83,0,7593.66
13210,20240211,79,11,256,1,1528.97,0,1528.97
13211,20240826,23,18,370,2,5336.87,10,9606.37
13212,20240823,115,9,39,1,2419.05,5,2298.1
13213,20251213,8,13,161,1,3576.07,0,3576.07
13214,20240602,120,25,213,1,5078.17,10,4570.35
13215,20250123,98,11,118,2,850.73,5,1616.39
13216,20250922,119,20,25,1,2956.72,20,2365.38
13217,20241105,70,18,163,1,3349.78,10,3014.8
13218,20250422,88,20,,1,2796.03,0,2796.03
13219,20250118,12,12,296,1,1690.47,0,1690.47
13220,20241101,107,17,239,2,1952.14,0,3904.28
13221,20240520,77,20,,1,5233.57,0,5233.57
13222,20250523,114,13,186,1,3973.22,5,3774.56
13223,20240109,85,21,267,1,6169.54,0,6169.54
13224,20240323,28,14,76,1,3988.05,0,3988.05
13225,20240726,47,15,54,1,2706.69,0,2706.69
13226,20250401,24,22,304,1,3205.37,0,3205.37
13227,20250710,35,6,368,1,3748.04,0,3748.04
13228,20250908,68,11,165,2,1648.1,10,2966.58
13229,20240924,32,2,,3,1604.88,5,4573.91
13230,20240701,51,15,205,1,2879.69,0,2879.69
13231,20240419,46,8,,3,4179.48,0,12538.44
13232,20240817,3,18,,1,2631.02,0,2631.02
13233,20240207,22,11,152,1,6438.69,0,6438.69
13234,20250507,56,20,,1,7088.96,0,7088.96
13235,20250801,42,3,260,4,2401.74,20,7685.57
13236,20250817,89,4,261,1,4062.25,10,3656.03
13237,20240527,58,4,308,1,5200.5,0,5200.5
13238,20241107,11,20,361,1,5902.88,10,5312.59
13239,20240902,30,7,,1,3704.61,20,2963.69
13240,20250927,119,15,36,1,2956.72,0,2956.72
13241,20251224,18,1,79,3,5185.3,15,13222.52
13242,20250330,80,14,,1,5880.6,20,4704.48
13243,20240129,5,3,274,1,2284.3,0,2284.3
13244,20241216,89,3,333,1,4062.25,0,4062.25
13245,20251229,77,18,361,1,5233.57,0,5233.57
13246,20250606,74,14,186,1,3249.83,0,3249.83
13247,20251124,42,21,131,1,2401.74,15,2041.48
13248,20240125,81,11,107,3,1242.05,15,3167.23
13249,20240112,7,17,173,3,4794.43,10,12944.96
13250,20240311,43,16,256,3,3747.63,0,11242.89
13251,20250317,90,8,212,1,3873.38,5,3679.71
13252,20240629,111,25,7,1,1506.58,0,1506.58
13253,20241123,111,7,,1,1506.58,5,1431.25
13254,20250615,89,9,32,1,4062.25,0,4062.25
13255,20241006,38,9,365,2,1729.74,20,2767.58
13256,20240215,35,6,376,1,3748.04,15,3185.83
13257,20250424,24,15,45,2,3205.37,15,5449.13
13258,20250919,21,23,,1,1209.52,0,1209.52
13259,20251021,98,6,114,2,850.73,0,1701.46
13260,20250413,36,7,176,2,682.61,5,1296.96
13261,20240625,78,2,70,4,1807.55,5,6868.69
13262,20241208,113,4,163,2,4385.13,0,8770.26
13263,20250411,31,24,193,1,7243.85,0,7243.85
13264,20240521,102,15,375,1,616.26,5,585.45
13265,20250511,94,14,329,2,1460.17,20,2336.27
13266,20240828,20,10,189,1,1915.63,10,1724.07
13267,20240206,45,1,355,1,1364.28,5,1296.07
13268,20241204,2,24,262,2,882.35,5,1676.46
13269,20240811,51,23,87,1,2879.69,0,2879.69
13270,20240219,82,5,333,3,3179.41,15,8107.5
13271,20251102,93,12,76,1,4029.05,0,4029.05
13272,20240918,56,19,121,3,7088.96,20,17013.5
13273,20240713,23,25,83,1,5336.87,0,5336.87
13274,20240623,106,3,5,1,717.87,0,717.87
13275,20240709,17,1,281,1,1735.19,5,1648.43
13276,20240113,35,12,148,1,3748.04,10,3373.24
13277,20240708,106,6,372,3,717.87,5,2045.93
13278,20240516,65,3,248,1,3541.34,10,3187.21
13279,20240721,34,15,350,1,1322.31,10,1190.08
13280,20250629,102,23,123,3,616.26,0,1848.78
13281,20250127,117,5,78,1,5631.66,0,5631.66
13282,20250910,40,18,84,2,6858.19,20,10973.1
13283,20241223,74,13,305,1,3249.83,0,3249.83
13284,20251008,96,25,296,1,3006.66,0,3006.66
13285,20240831,120,1,,2,5078.17,5,9648.52
13286,20250325,12,2,113,1,1690.47,5,1605.95
13287,20240422,51,19,56,1,2879.69,5,2735.71
13288,20240927,96,9,198,1,3006.66,5,2856.33
13289,20250212,113,23,340,3,4385.13,0,13155.39
13290,20250228,2,6,253,1,882.35,0,882.35
13291,20241116,11,8,298,1,5902.88,10,5312.59
13292,20240524,59,24,362,1,2020.12,0,2020.12
13293,20250507,104,20,159,4,6527.04,0,26108.16
13294,20250724,37,23,224,1,3761.37,0,3761.37
13295,20251014,41,8,21,1,5693.66,15,4839.61
13296,20241225,35,20,170,1,3748.04,0,3748.04
13297,20250902,16,11,89,1,4330.21,5,4113.7
13298,20241203,9,24,191,1,4835.47,5,4593.7
13299,20250325,49,17,,1,3974.14,0,3974.14
13300,20240106,107,23,58,1,1952.14,0,1952.14
13301,20250620,57,14,61,2,3796.83,0,7593.66
13302,20250721,97,1,,2,4779.12,5,9080.33
13303,20250312,120,25,23,1,5078.17,0,5078.17
13304,20251231,20,13,373,1,1915.63,0,1915.63
13305,20250809,2,24,399,4,882.35,0,3529.4
13306,20250526,35,20,259,1,3748.04,0,3748.04
13307,20240617,65,3,40,1,3541.34,0,3541.34
13308,20251014,39,20,379,1,3883.73,5,3689.54
13309,20241119,103,24,354,2,5201.47,5,9882.79
13310,20240205,35,7,,1,3748.04,0,3748.04
13311,20250228,110,8,254,1,3839.63,5,3647.65
13312,20250506,89,24,293,3,4062.25,0,12186.75
13313,20251004,67,12,175,1,4800.44,20,3840.35
13314,20250114,3,22,165,1,2631.02,5,2499.47
13315,20250812,61,12,377,1,5731.62,0,5731.62
13316,20250805,87,3,395,1,2952.23,5,2804.62
13317,20240419,80,9,,1,5880.6,20,4704.48
13318,20240914,53,24,89,1,1453.18,0,1453.18
13319,20250701,75,7,27,1,2266.5,15,1926.52
13320,20240221,57,13,71,1,3796.83,0,3796.83
13321,20241121,33,5,73,2,2291.4,0,4582.8
13322,20251224,16,3,117,2,4330.21,0,8660.42
13323,20250921,50,5,135,1,3814.05,10,3432.65
13324,20250225,72,24,187,1,1667.62,0,1667.62
13325,20240902,90,10,90,1,3873.38,5,3679.71
13326,20240125,36,10,380,1,682.61,0,682.61
13327,20251226,15,2,339,4,4621.37,0,18485.48
13328,20250605,114,21,,1,3973.22,5,3774.56
13329,20240222,33,3,186,1,2291.4,15,1947.69
13330,20250224,89,2,336,1,4062.25,0,4062.25
13331,20240614,41,2,352,1,5693.66,0,5693.66
13332,20250708,65,11,203,1,3541.34,0,3541.34
13333,20251212,18,16,,2,5185.3,15,8815.01
13334,20240512,48,19,226,1,2551.26,15,2168.57
13335,20240105,33,2,57,1,2291.4,5,2176.83
13336,20240804,100,1,6,1,4823.15,5,4581.99
13337,20241005,75,12,134,1,2266.5,0,2266.5
13338,20240804,47,22,58,2,2706.69,5,5142.71
13339,20250605,83,25,109,1,2689.64,0,2689.64
13340,20250128,107,10,227,1,1952.14,5,1854.53
13341,20250409,80,5,385,1,5880.6,5,5586.57
13342,20240313,11,13,354,2,5902.88,0,11805.76
13343,20251113,34,13,344,1,1322.31,0,1322.31
13344,20250316,29,22,42,1,1567.62,0,1567.62
13345,20250326,65,21,236,1,3541.34,5,3364.27
13346,20240602,38,12,156,1,1729.74,0,1729.74
13347,20250207,56,6,219,1,7088.96,0,7088.96
13348,20241127,38,23,151,1,1729.74,0,1729.74
13349,20241220,35,4,275,1,3748.04,0,3748.04
13350,20240928,23,4,394,1,5336.87,0,5336.87
13351,20240831,103,17,,1,5201.47,0,5201.47
13352,20241129,43,10,87,1,3747.63,0,3747.63
13353,20240405,116,25,115,1,6480.7,0,6480.7
13354,20241205,68,19,16,2,1648.1,0,3296.2
13355,20240116,83,9,198,3,2689.64,10,7262.03
13356,20250322,13,22,195,1,4729.21,0,4729.21
13357,20240717,40,21,186,1,6858.19,0,6858.19
13358,20251201,19,20,263,1,3799.68,5,3609.7
13359,20240407,120,5,,1,5078.17,15,4316.44
13360,20250509,95,20,174,1,3960.41,5,3762.39
13361,20250218,42,21,379,1,2401.74,15,2041.48
13362,20250718,108,1,,1,3374.55,10,3037.1
13363,20241123,73,7,126,1,6348.65,0,6348.65
13364,20240505,49,16,12,1,3974.14,0,3974.14
13365,20250802,24,21,29,2,3205.37,0,6410.74
13366,20240711,36,1,237,1,682.61,0,682.61
13367,20251123,2,5,24,1,882.35,15,750.0
13368,20250820,28,2,353,1,3988.05,0,3988.05
13369,20240720,66,21,318,1,6204.11,0,6204.11
13370,20240714,101,19,140,4,1131.31,0,4525.24
13371,20251026,116,4,393,1,6480.7,0,6480.7
13372,20240627,78,7,43,1,1807.55,0,1807.55
13373,20240312,25,14,60,1,659.99,5,626.99
13374,20250124,83,20,322,1,2689.64,0,2689.64
13375,20250831,88,3,235,1,2796.03,15,2376.63
13376,20250721,44,11,121,1,4747.67,5,4510.29
13377,20250319,24,12,219,1,3205.37,5,3045.1
13378,20251215,27,15,112,3,1220.37,0,3661.11
13379,20240930,48,23,237,3,2551.26,0,7653.78
13380,20251119,17,20,285,1,1735.19,5,1648.43
13381,20251223,32,16,290,2,1604.88,10,2888.78
13382,20240922,20,11,43,1,1915.63,0,1915.63
13383,20240512,64,15,89,1,4068.92,10,3662.03
13384,20251129,59,22,336,3,2020.12,0,6060.36
13385,20240606,70,25,80,2,3349.78,0,6699.56
13386,20240218,110,21,381,1,3839.63,0,3839.63
13387,20241017,66,24,223,1,6204.11,0,6204.11
13388,20250924,49,16,108,3,3974.14,10,10730.18
13389,20250825,43,7,,1,3747.63,0,3747.63
13390,20241222,24,5,304,2,3205.37,10,5769.67
13391,20240418,44,20,340,1,4747.67,20,3798.14
13392,20241231,90,3,172,1,3873.38,0,3873.38
13393,20250803,62,5,52,1,978.5,5,929.57
13394,20240424,72,23,5,2,1667.62,5,3168.48
13395,20241207,7,2,113,1,4794.43,10,4314.99
13396,20250918,13,4,114,1,4729.21,0,4729.21
13397,20250212,3,19,98,1,2631.02,0,2631.02
13398,20250214,111,3,206,1,1506.58,0,1506.58
13399,20240515,102,24,241,1,616.26,5,585.45
13400,20241026,102,14,311,1,616.26,5,585.45
13401,20240219,21,7,,2,1209.52,0,2419.04
13402,20251014,96,24,32,1,3006.66,10,2705.99
13403,20240103,1,16,42,2,1005.84,15,1709.93
13404,20250823,22,7,355,2,6438.69,0,12877.38
13405,20240630,63,7,28,2,4196.34,10,7553.41
13406,20250814,97,19,18,1,4779.12,10,4301.21
13407,20240419,39,9,51,1,3883.73,0,3883.73
13408,20250315,63,1,54,1,4196.34,0,4196.34
13409,20250430,41,8,102,1,5693.66,5,5408.98
13410,20241027,88,6,219,1,2796.03,0,2796.03
13411,20250505,45,12,311,1,1364.28,5,1296.07
13412,20240702,50,10,291,1,3814.05,10,3432.65
13413,20241208,110,20,260,1,3839.63,10,3455.67
13414,20241126,84,18,376,1,4822.61,0,4822.61
13415,20250925,71,19,8,1,3918.6,0,3918.6
13416,20240701,61,20,93,1,5731.62,15,4871.88
13417,20240322,9,11,11,1,4835.47,0,4835.47
13418,20250803,106,5,75,2,717.87,0,1435.74
13419,20250513,15,3,238,4,4621.37,0,18485.48
13420,20240203,12,11,30,1,1690.47,0,1690.47
13421,20240207,108,4,338,2,3374.55,0,6749.1
13422,20250329,107,23,335,1,1952.14,15,1659.32
13423,20240507,86,17,394,3,4002.37,0,12007.11
13424,20240524,93,18,130,1,4029.05,0,4029.05
13425,20250911,43,9,,3,3747.63,10,10118.6
13426,20241028,17,20,354,1,1735.19,0,1735.19
13427,20240522,53,8,365,1,1453.18,0,1453.18
13428,20240610,46,14,44,2,4179.48,5,7941.01
13429,20241008,11,24,7,2,5902.88,0,11805.76
13430,20250320,118,22,383,1,5698.72,0,5698.72
13431,20240604,79,3,345,2,1528.97,10,2752.15
13432,20250825,29,9,214,1,1567.62,15,1332.48
13433,20250209,33,18,366,2,2291.4,0,4582.8
13434,20250428,109,22,170,2,2954.88,10,5318.78
13435,20240301,64,11,137,2,4068.92,10,7324.06
13436,20250128,36,18,344,2,682.61,0,1365.22
13437,20241121,27,25,,1,1220.37,0,1220.37
13438,20240424,63,9,54,4,4196.34,20,13428.29
13439,20250414,33,8,75,1,2291.4,0,2291.4
13440,20250415,20,12,215,1,1915.63,20,1532.5
13441,20251111,64,11,331,1,4068.92,10,3662.03
13442,20241028,90,3,218,1,3873.38,0,3873.38
13443,20241212,95,13,,3,3960.41,15,10099.05
13444,20241204,60,24,142,4,4273.1,0,17092.4
13445,20250921,55,4,387,1,735.67,15,625.32
13446,20240824,36,5,87,1,682.61,0,682.61
13447,20250529,55,5,128,1,735.67,10,662.1
13448,20241010,93,6,115,3,4029.05,0,12087.15
13449,20250724,54,18,300,1,2808.33,0,2808.33
13450,20240617,42,19,326,1,2401.74,0,2401.74
13451,20250917,74,23,398,1,3249.83,0,3249.83
13452,20250713,48,20,311,1,2551.26,0,2551.26
13453,20240604,95,17,,2,3960.41,0,7920.82
13454,20240919,87,1,188,1,2952.23,0,2952.23
13455,20240124,90,4,178,2,3873.38,10,6972.08
13456,20250822,34,19,164,1,1322.31,0,1322.31
13457,20250129,17,8,8,1,1735.19,0,1735.19
13458,20240615,112,14,146,3,1434.74,0,4304.22
13459,20250529,108,23,292,1,3374.55,0,3374.55
13460,20240521,104,3,248,2,6527.04,0,13054.08
13461,20250918,43,13,167,3,3747.63,0,11242.89
13462,20240807,77,17,290,1,5233.57,5,4971.89
13463,20240810,1,24,3,2,1005.84,0,2011.68
13464,20250223,54,2,395,2,2808.33,0,5616.66
13465,20240616,18,23,377,1,5185.3,15,4407.51
13466,20240519,104,10,101,2,6527.04,0,13054.08
13467,20240613,1,13,14,3,1005.84,20,2414.02
13468,20240306,80,21,,2,5880.6,0,11761.2
13469,20240115,51,14,163,1,2879.69,0,2879.69
13470,20240419,91,21,,1,6185.93,5,5876.63
13471,20240505,34,24,,1,1322.31,0,1322.31
13472,20250630,14,13,100,1,4823.13,0,4823.13
13473,20251206,75,15,,4,2266.5,5,8612.7
13474,20250613,25,11,122,1,659.99,0,659.99
13475,20240807,52,3,300,1,2796.94,0,2796.94
13476,20251020,94,16,71,1,1460.17,0,1460.17
13477,20250711,105,16,338,1,2890.92,0,2890.92
13478,20250324,119,20,364,2,2956.72,5,5617.77
13479,20241211,18,11,52,3,5185.3,0,15555.9
13480,20250910,107,4,137,2,1952.14,10,3513.85
13481,20241206,73,18,383,1,6348.65,15,5396.35
13482,20241113,89,19,161,2,4062.25,15,6905.82
13483,20240213,42,23,238,1,2401.74,10,2161.57
13484,20251120,105,21,312,1,2890.92,5,2746.37
13485,20241210,91,4,364,1,6185.93,15,5258.04
13486,20240321,1,18,274,3,1005.84,10,2715.77
13487,20240620,49,19,180,2,3974.14,10,7153.45
13488,20250405,13,7,304,1,4729.21,0,4729.21
13489,20251209,49,14,192,2,3974.14,5,7550.87
13490,20250917,66,3,103,2,6204.11,5,11787.81
13491,20240714,75,9,114,2,2266.5,10,4079.7
13492,20240708,97,21,144,1,4779.12,0,4779.12
13493,20250522,45,4,322,2,1364.28,0,2728.56
13494,20241113,8,2,273,1,3576.07,0,3576.07
13495,20240407,54,1,123,2,2808.33,5,5335.83
13496,20250619,47,2,244,1,2706.69,0,2706.69
13497,20241212,47,13,54,1,2706.69,0,2706.69
13498,20240619,98,10,,1,850.73,5,808.19
13499,20251116,58,24,68,1,5200.5,10,4680.45
13500,20240208,49,10,24,1,3974.14,0,3974.14
13501,20240918,38,19,,1,1729.74,0,1729.74
13502,20251219,25,1,246,1,659.99,0,659.99
13503,20250629,64,19,98,2,4068.92,0,8137.84
13504,20240111,46,2,,1,4179.48,10,3761.53
13505,20251112,35,22,173,1,3748.04,5,3560.64
13506,20250515,44,9,398,1,4747.67,5,4510.29
13507,20240710,23,7,224,1,5336.87,20,4269.5
13508,20251217,76,9,153,1,5042.37,5,4790.25
13509,20250313,75,23,81,3,2266.5,10,6119.55
13510,20240512,74,23,294,2,3249.83,0,6499.66
13511,20250407,81,2,269,1,1242.05,0,1242.05
13512,20251229,15,18,222,1,4621.37,10,4159.23
13513,20251007,104,1,302,1,6527.04,5,6200.69
13514,20250114,114,10,153,1,3973.22,0,3973.22
13515,20240720,39,11,374,1,3883.73,0,3883.73
13516,20251104,95,9,260,1,3960.41,0,3960.41
13517,20251017,96,14,216,2,3006.66,0,6013.32
13518,20251119,5,11,243,1,2284.3,20,1827.44
13519,20250807,52,4,354,2,2796.94,5,5314.19
13520,20240217,56,20,355,1,7088.96,0,7088.96
13521,20240120,96,17,,1,3006.66,5,2856.33
13522,20250505,68,11,356,1,1648.1,0,1648.1
13523,20240201,108,14,99,2,3374.55,15,5736.74
13524,20240316,64,3,62,1,4068.92,0,4068.92
13525,20240320,120,8,62,1,5078.17,0,5078.17
13526,20240312,27,5,332,2,1220.37,0,2440.74
13527,20240208,3,2,308,1,2631.02,15,2236.37
13528,20241102,119,1,354,3,2956.72,0,8870.16
13529,20241229,4,7,212,1,1722.15,0,1722.15
13530,20250404,26,13,58,3,1355.83,0,4067.49
13531,20240628,24,13,218,2,3205.37,0,6410.74
13532,20240105,80,9,146,2,5880.6,0,11761.2
13533,20250724,8,5,77,2,3576.07,5,6794.53
13534,20250706,98,10,241,2,850.73,20,1361.17
13535,20240316,66,7,331,1,6204.11,20,4963.29
13536,20241217,114,3,161,1,3973.22,0,3973.22
13537,20250928,83,16,351,1,2689.64,0,2689.64
13538,20250218,101,18,,1,1131.31,10,1018.18
13539,20240313,17,25,72,1,1735.19,20,1388.15
13540,20250823,72,21,92,1,1667.62,15,1417.48
13541,20240918,90,21,188,4,3873.38,5,14718.84
13542,20251007,72,21,111,1,1667.62,0,1667.62
13543,20250722,109,16,4,1,2954.88,15,2511.65
13544,20240321,104,4,215,2,6527.04,5,12401.38
13545,20241117,26,20,44,1,1355.83,10,1220.25
13546,20240420,87,5,202,1,2952.23,0,2952.23
13547,20251106,72,2,276,2,1667.62,5,3168.48
13548,20240221,64,2,253,1,4068.92,5,3865.47
13549,20240831,80,6,91,1,5880.6,0,5880.6
13550,20251012,1,5,180,3,1005.84,0,3017.52
13551,20251203,106,17,63,1,717.87,5,681.98
13552,20240421,73,8,84,1,6348.65,20,5078.92
13553,20250325,58,20,,1,5200.5,0,5200.5
13554,20240421,77,15,116,1,5233.57,0,5233.57
13555,20240113,114,16,60,2,3973.22,5,7549.12
13556,20250619,59,2,232,4,2020.12,15,6868.41
13557,20240927,100,9,326,2,4823.15,20,7717.04
13558,20250220,86,15,223,1,4002.37,0,4002.37
13559,20241016,16,23,52,2,4330.21,15,7361.36
13560,20250924,78,7,375,1,1807.55,0,1807.55
13561,20250519,100,22,22,1,4823.15,0,4823.15
13562,20250314,57,4,193,1,3796.83,0,3796.83
13563,20250629,90,11,270,1,3873.38,10,3486.04
13564,20240206,75,21,311,2,2266.5,5,4306.35
13565,20240729,34,18,318,1,1322.31,0,1322.31
13566,20240111,114,12,66,2,3973.22,5,7549.12
13567,20240722,8,12,351,1,3576.07,5,3397.27
13568,20240531,17,7,298,2,1735.19,20,2776.3
13569,20241114,21,22,265,1,1209.52,0,1209.52
13570,20250708,115,7,,1,2419.05,0,2419.05
13571,20241022,77,13,339,4,5233.57,0,20934.28
13572,20240421,25,7,,2,659.99,0,1319.98
13573,20250204,95,5,259,1,3960.41,0,3960.41
13574,20241029,46,8,361,2,4179.48,5,7941.01
13575,20251211,68,5,155,3,1648.1,0,4944.3
13576,20251123,92,17,72,2,2008.22,0,4016.44
13577,20250930,75,23,263,1,2266.5,5,2153.17
13578,20250503,20,12,15,1,1915.63,0,1915.63
13579,20241031,12,15,357,3,1690.47,0,5071.41
13580,20250113,116,3,290,1,6480.7,0,6480.7
13581,20250904,106,9,142,1,717.87,0,717.87
13582,20250621,95,12,151,1,3960.41,0,3960.41
13583,20240322,8,24,305,2,3576.07,5,6794.53
13584,20251231,36,6,384,1,682.61,0,682.61
13585,20240908,19,10,354,3,3799.68,0,11399.04
13586,20250705,78,24,163,1,1807.55,0,1807.55
13587,20241126,92,9,387,1,2008.22,0,2008.22
13588,20241223,52,13,253,1,2796.94,5,2657.09
13589,20250120,104,9,,3,6527.04,10,17623.01
13590,20251103,81,24,240,3,1242.05,0,3726.15
13591,20250831,34,19,,1,1322.31,0,1322.31
13592,20250111,114,17,193,1,3973.22,0,3973.22
13593,20240322,53,25,266,1,1453.18,5,1380.52
13594,20240603,116,23,359,1,6480.7,15,5508.59
13595,20250430,28,18,106,1,3988.05,0,3988.05
13596,20240806,112,1,82,1,1434.74,0,1434.74
13597,20251112,46,3,112,1,4179.48,5,3970.51
13598,20240404,70,16,98,2,3349.78,0,6699.56
13599,20250119,107,6,153,1,1952.14,0,1952.14
13600,20250213,7,2,319,1,4794.43,0,4794.43
13601,20241103,106,3,146,4,717.87,20,2297.18
13602,20250411,80,14,276,1,5880.6,0,5880.6
13603,20240903,17,7,230,4,1735.19,0,6940.76
13604,20250706,91,10,241,2,6185.93,0,12371.86
13605,20240526,104,1,50,4,6527.04,0,26108.16
13606,20241112,87,17,268,1,2952.23,0,2952.23
13607,20250427,39,16,123,2,3883.73,10,6990.71
13608,20251001,37,16,108,3,3761.37,0,11284.11
13609,20250918,68,12,151,1,1648.1,0,1648.1
13610,20240909,105,24,351,2,2890.92,10,5203.66
13611,20250112,41,13,,1,5693.66,5,5408.98
13612,20240630,25,7,298,2,659.99,0,1319.98
13613,20250305,116,25,117,2,6480.7,10,11665.26
13614,20240126,54,18,116,1,2808.33,10,2527.5
13615,20240705,77,5,176,1,5233.57,0,5233.57
13616,20240328,25,11,256,2,659.99,10,1187.98
13617,20250421,12,12,,1,1690.47,0,1690.47
13618,20251221,91,25,197,1,6185.93,10,5567.34
13619,20240209,2,17,395,1,882.35,0,882.35
13620,20240627,79,19,49,2,1528.97,10,2752.15
13621,20250701,113,23,329,2,4385.13,5,8331.75
13622,20241107,8,12,257,1,3576.07,0,3576.07
13623,20250110,78,20,268,1,1807.55,5,1717.17
13624,20250715,75,18,376,1,2266.5,15,1926.52
13625,20251119,8,18,93,1,3576.07,15,3039.66
13626,20241206,117,1,321,1,5631.66,10,5068.49
13627,20240215,62,24,107,1,978.5,5,929.57
13628,20250706,42,15,178,1,2401.74,15,2041.48
13629,20240629,93,12,254,1,4029.05,5,3827.6
13630,20250612,40,17,366,1,6858.19,5,6515.28
13631,20240402,108,2,68,1,3374.55,0,3374.55
13632,20251023,6,3,321,1,843.99,0,843.99
13633,20250817,13,17,324,2,4729.21,0,9458.42
13634,20251003,64,13,148,1,4068.92,5,3865.47
13635,20240529,110,19,97,1,3839.63,15,3263.69
13636,20241112,21,7,310,1,1209.52,10,1088.57
13637,20240210,40,19,288,1,6858.19,0,6858.19
13638,20241101,35,2,104,2,3748.04,0,7496.08
13639,20251109,28,14,365,4,3988.05,5,15154.59
13640,20250115,78,6,84,1,1807.55,5,1717.17
13641,20240908,67,6,194,1,4800.44,0,4800.44
13642,20250907,78,3,163,1,1807.55,0,1807.55
13643,20240401,32,7,,1,1604.88,5,1524.64
13644,20240311,84,8,,1,4822.61,15,4099.22
13645,20241206,71,21,307,2,3918.6,0,7837.2
13646,20240916,104,9,154,2,6527.04,5,12401.38
13647,20240520,33,19,35,3,2291.4,5,6530.49
13648,20240506,25,12,197,1,659.99,5,626.99
13649,20250327,25,17,223,1,659.99,0,659.99
13650,20250731,10,3,311,1,3316.3,5,3150.49
13651,20250813,1,10,37,1,1005.84,0,1005.84
13652,20241109,88,4,399,2,2796.03,0,5592.06
13653,20240604,66,18,235,1,6204.11,5,5893.9
13654,20250331,34,12,275,4,1322.31,0,5289.24
13655,20240703,60,12,231,1,4273.1,5,4059.45
13656,20240720,22,3,270,2,6438.69,0,12877.38
13657,20240727,27,23,195,1,1220.37,0,1220.37
13658,20250623,26,15,28,1,1355.83,0,1355.83
13659,20250207,100,12,314,1,4823.15,0,4823.15
13660,20251126,70,25,226,1,3349.78,5,3182.29
13661,20241213,7,6,84,1,4794.43,0,4794.43
13662,20250923,77,17,268,1,5233.57,5,4971.89
13663,20250329,18,5,262,1,5185.3,20,4148.24
13664,20240920,95,5,30,3,3960.41,0,11881.23
13665,20240528,94,8,,2,1460.17,0,2920.34
13666,20240113,120,1,241,4,5078.17,0,20312.68
13667,20240530,37,18,141,1,3761.37,0,3761.37
13668,20240302,117,11,340,2,5631.66,15,9573.82
13669,20251009,70,18,184,1,3349.78,10,3014.8
13670,20250625,2,2,380,1,882.35,0,882.35
13671,20240606,105,19,130,1,2890.92,0,2890.92
13672,20250808,90,19,83,2,3873.38,0,7746.76
13673,20240523,114,3,341,1,3973.22,15,3377.24
13674,20240706,100,7,25,1,4823.15,0,4823.15
13675,20240420,97,13,328,1,4779.12,20,3823.3
13676,20240225,76,17,,1,5042.37,0,5042.37
13677,20240331,9,8,398,1,4835.47,0,4835.47
13678,20251011,108,2,94,2,3374.55,0,6749.1
13679,20240925,114,20,351,2,3973.22,0,7946.44
13680,20251205,30,17,316,3,3704.61,20,8891.06
13681,20250112,114,12,334,1,3973.22,0,3973.22
13682,20250418,83,8,23,3,2689.64,5,7665.47
13683,20250702,44,15,336,4,4747.67,0,18990.68
13684,20240728,28,7,400,1,3988.05,0,3988.05
13685,20250814,73,21,15,2,6348.65,0,12697.3
13686,20240115,18,8,235,2,5185.3,0,10370.6
13687,20250623,13,1,170,1,4729.21,0,4729.21
13688,20240630,17,19,68,4,1735.19,0,6940.76
13689,20240422,74,17,160,2,3249.83,0,6499.66
13690,20240717,30,9,,1,3704.61,5,3519.38
13691,20251218,101,23,278,3,1131.31,15,2884.84
13692,20250122,24,11,214,2,3205.37,0,6410.74
13693,20240730,85,17,,2,6169.54,0,12339.08
13694,20250408,68,13,241,1,1648.1,0,1648.1
13695,20250818,111,2,125,3,1506.58,5,4293.75
13696,20240614,2,15,93,1,882.35,0,882.35
13697,20240329,50,20,78,1,3814.05,5,3623.35
13698,20251213,11,13,36,1,5902.88,5,5607.74
13699,20240128,80,3,,1,5880.6,10,5292.54
13700,20250314,56,15,275,1,7088.96,0,7088.96
13701,20250504,30,8,305,1,3704.61,10,3334.15
13702,20251202,120,21,396,2,5078.17,0,10156.34
13703,20241220,114,17,370,1,3973.22,0,3973.22
13704,20241018,83,17,208,1,2689.64,0,2689.64
13705,20250427,90,8,188,1,3873.38,15,3292.37
13706,20240823,29,18,358,2,1567.62,20,2508.19
13707,20240713,33,25,130,1,2291.4,0,2291.4
13708,20250813,79,22,56,1,1528.97,5,1452.52
13709,20250528,92,14,58,1,2008.22,15,1706.99
13710,20250516,47,20,257,1,2706.69,5,2571.36
13711,20240204,49,16,239,1,3974.14,0,3974.14
13712,20241015,20,17,263,1,1915.63,20,1532.5
13713,20250826,83,12,298,3,2689.64,0,8068.92
13714,20240130,115,8,8,1,2419.05,0,2419.05
13715,20250730,18,9,149,1,5185.3,0,5185.3
13716,20240301,22,19,293,2,6438.69,0,12877.38
13717,20250812,81,23,251,2,1242.05,0,2484.1
13718,20240724,30,20,38,1,3704.61,0,3704.61
13719,20250914,112,22,393,1,1434.74,5,1363.0
13720,20250628,34,2,385,1,1322.31,0,1322.31
13721,20240728,74,8,122,4,3249.83,0,12999.32
13722,20250909,40,19,22,2,6858.19,0,13716.38
13723,20240711,84,2,159,1,4822.61,0,4822.61
13724,20250811,43,23,284,1,3747.63,0,3747.63
13725,20241023,29,5,197,1,1567.62,5,1489.24
13726,20241019,90,18,359,1,3873.38,10,3486.04
13727,20250103,47,14,366,1,2706.69,15,2300.69
13728,20250212,109,12,126,1,2954.88,0,2954.88
13729,20241110,32,10,246,1,1604.88,0,1604.88
13730,20240908,20,16,79,2,1915.63,5,3639.7
13731,20250123,8,9,89,1,3576.07,0,3576.07
13732,20240402,20,4,233,2,1915.63,0,3831.26
13733,20240806,61,19,180,1,5731.62,15,4871.88
13734,20241015,26,7,68,1,1355.83,0,1355.83
13735,20250407,40,19,,2,6858.19,0,13716.38
13736,20240615,62,14,51,3,978.5,5,2788.72
13737,20240424,85,14,28,1,6169.54,5,5861.06
13738,20250512,33,8,162,1,2291.4,5,2176.83
13739,20250501,63,17,68,1,4196.34,0,4196.34
13740,20250726,12,14,258,1,1690.47,5,1605.95
13741,20240319,9,19,245,1,4835.47,0,4835.47
13742,20250409,44,7,197,1,4747.67,15,4035.52
13743,20250423,79,16,,2,1528.97,10,2752.15
13744,20250922,77,24,44,1,5233.57,0,5233.57
13745,20240910,102,5,77,2,616.26,0,1232.52
13746,20250409,43,8,211,2,3747.63,5,7120.5
13747,20240109,21,18,158,1,1209.52,5,1149.04
13748,20250110,41,9,38,2,5693.66,10,10248.59
13749,20250513,99,11,298,1,4915.0,0,4915.0
13750,20250809,86,17,179,1,4002.37,5,3802.25
13751,20250104,82,14,71,2,3179.41,0,6358.82
13752,20250216,57,6,2,1,3796.83,0,3796.83
13753,20251023,38,8,397,2,1729.74,20,2767.58
13754,20250820,29,16,391,2,1567.62,0,3135.24
13755,20240113,89,18,243,2,4062.25,15,6905.82
13756,20251230,55,18,105,1,735.67,20,588.54
13757,20241003,108,19,,1,3374.55,0,3374.55
13758,20250109,57,23,382,2,3796.83,0,7593.66
13759,20250728,76,10,204,2,5042.37,5,9580.5
13760,20241210,94,22,,3,1460.17,0,4380.51
13761,20240524,92,13,240,2,2008.22,10,3614.8
13762,20250716,7,19,364,2,4794.43,0,9588.86
13763,20250411,49,14,234,1,3974.14,5,3775.43
13764,20240125,22,8,58,1,6438.69,5,6116.76
13765,20240613,7,1,394,2,4794.43,0,9588.86
13766,20240320,106,25,145,3,717.87,10,1938.25
13767,20241111,1,1,117,1,1005.84,15,854.96
13768,20241106,59,6,156,1,2020.12,0,2020.12
13769,20250823,54,22,11,1,2808.33,0,2808.33
13770,20250728,19,7,15,1,3799.68,5,3609.7
13771,20240625,88,17,103,1,2796.03,0,2796.03
13772,20241210,44,13,89,1,4747.67,0,4747.67
13773,20251115,69,4,230,2,2128.62,20,3405.79
13774,20250417,90,1,337,2,3873.38,20,6197.41
13775,20240105,65,2,144,3,3541.34,5,10092.82
13776,20241102,75,25,182,1,2266.5,0,2266.5
13777,20241016,67,17,191,1,4800.44,15,4080.37
13778,20240311,114,6,30,2,3973.22,5,7549.12
13779,20240710,60,6,385,1,4273.1,0,4273.1
13780,20240315,36,4,290,1,682.61,10,614.35
13781,20250216,45,15,56,1,1364.28,0,1364.28
13782,20240331,43,12,239,1,3747.63,0,3747.63
13783,20250204,53,16,330,1,1453.18,0,1453.18
13784,20240717,25,23,77,1,659.99,5,626.99
13785,20250627,94,2,291,1,1460.17,0,1460.17
13786,20250819,40,16,28,1,6858.19,15,5829.46
13787,20250830,12,24,181,1,1690.47,0,1690.47
13788,20240823,106,20,235,2,717.87,5,1363.95
13789,20251015,72,9,97,1,1667.62,0,1667.62
13790,20251009,6,20,278,4,843.99,10,3038.36
13791,20251118,1,21,205,1,1005.84,5,955.55
13792,20241127,64,1,54,1,4068.92,0,4068.92
13793,20250309,33,5,202,2,2291.4,0,4582.8
13794,20251205,99,4,224,1,4915.0,0,4915.0
13795,20251129,96,3,347,1,3006.66,10,2705.99
13796,20241123,88,19,13,1,2796.03,10,2516.43
13797,20250302,120,8,44,1,5078.17,0,5078.17
13798,20250506,92,25,300,3,2008.22,10,5422.19
13799,20250718,18,23,343,3,5185.3,0,15555.9
13800,20240830,61,11,,1,5731.62,5,5445.04
13801,20251020,81,10,,4,1242.05,0,4968.2
13802,20241201,11,19,231,1,5902.88,0,5902.88
13803,20250430,38,14,187,1,1729.74,0,1729.74
13804,20241102,70,7,44,1,3349.78,0,3349.78
13805,20240118,52,10,110,1,2796.94,20,2237.55
13806,20250831,93,11,78,3,4029.05,0,12087.15
13807,20240818,67,23,287,3,4800.44,15,12241.12
13808,20240926,54,17,147,1,2808.33,10,2527.5
13809,20251219,65,24,341,1,3541.34,10,3187.21
13810,20250710,119,6,247,1,2956.72,10,2661.05
13811,20240713,19,8,85,3,3799.68,5,10829.09
13812,20251021,22,11,170,1,6438.69,0,6438.69
13813,20241009,91,2,372,3,6185.93,15,15774.12
13814,20240223,2,25,200,1,882.35,0,882.35
13815,20251215,120,4,37,3,5078.17,0,15234.51
13816,20251110,14,3,223,1,4823.13,5,4581.97
13817,20240529,107,17,354,1,1952.14,0,1952.14
13818,20250204,36,4,363,1,682.61,0,682.61
13819,20251220,95,8,336,2,3960.41,5,7524.78
13820,20250411,2,24,315,1,882.35,10,794.12
13821,20240208,39,20,49,1,3883.73,15,3301.17
13822,20241202,53,3,52,1,1453.18,5,1380.52
13823,20250815,62,23,86,1,978.5,0,978.5
13824,20251118,8,15,108,1,3576.07,15,3039.66
13825,20250829,103,10,66,1,5201.47,0,5201.47
13826,20240514,90,4,11,1,3873.38,0,3873.38
13827,20250105,90,11,,1,3873.38,0,3873.38
13828,20240416,79,10,189,1,1528.97,0,1528.97
13829,20250331,11,13,143,1,5902.88,0,5902.88
13830,20240823,50,4,80,2,3814.05,0,7628.1
13831,20240203,26,14,14,1,1355.83,0,1355.83
13832,20251025,109,17,3,1,2954.88,0,2954.88
13833,20250312,6,6,351,2,843.99,0,1687.98
13834,20251206,52,8,355,1,2796.94,0,2796.94
13835,20250710,59,19,192,1,2020.12,5,1919.11
13836,20240406,5,2,70,2,2284.3,20,3654.88
13837,20250309,77,14,22,1,5233.57,0,5233.57
13838,20240823,70,15,68,2,3349.78,0,6699.56
13839,20240716,87,10,,2,2952.23,0,5904.46
13840,20250425,6,10,147,1,843.99,0,843.99
13841,20251028,72,3,193,1,1667.62,0,1667.62
13842,20240403,111,6,100,1,1506.58,0,1506.58
13843,20241111,108,19,178,1,3374.55,0,3374.55
13844,20250806,56,17,116,3,7088.96,0,21266.88
13845,20240214,57,5,145,1,3796.83,20,3037.46
13846,20250928,78,19,265,1,1807.55,0,1807.55
13847,20250306,17,2,339,1,1735.19,0,1735.19
13848,20240523,66,5,5,1,6204.11,20,4963.29
13849,20240624,25,7,305,4,659.99,10,2375.96
13850,20250612,113,14,334,1,4385.13,0,4385.13
13851,20250506,100,23,71,1,4823.15,0,4823.15
13852,20250715,99,19,89,1,4915.0,0,4915.0
13853,20240416,102,7,,1,616.26,5,585.45
13854,20250414,113,19,49,1,4385.13,0,4385.13
13855,20251007,45,23,99,1,1364.28,0,1364.28
13856,20241102,75,13,200,1,2266.5,5,2153.17
13857,20250517,14,24,234,2,4823.13,0,9646.26
13858,20240820,85,22,313,1,6169.54,5,5861.06
13859,20250303,15,21,87,1,4621.37,0,4621.37
13860,20240907,74,9,75,1,3249.83,10,2924.85
13861,20240819,30,23,193,1,3704.61,20,2963.69
13862,20241023,83,11,155,1,2689.64,15,2286.19
13863,20250521,10,21,175,1,3316.3,0,3316.3
13864,20250506,29,23,,1,1567.62,0,1567.62
13865,20240307,49,1,395,1,3974.14,5,3775.43
13866,20251007,62,2,20,1,978.5,0,978.5
13867,20250503,41,12,374,2,5693.66,0,11387.32
13868,20250110,34,2,171,1,1322.31,0,1322.31
13869,20240911,53,8,133,1,1453.18,15,1235.2
13870,20251005,85,24,169,1,6169.54,0,6169.54
13871,20250310,97,14,309,1,4779.12,0,4779.12
13872,20250716,17,11,,1,1735.19,20,1388.15
13873,20240418,62,3,252,2,978.5,15,1663.45
13874,20250518,14,3,200,1,4823.13,5,4581.97
13875,20250305,73,2,357,1,6348.65,0,6348.65
13876,20240408,24,4,298,1,3205.37,0,3205.37
13877,20240917,54,21,266,1,2808.33,0,2808.33
13878,20250123,11,5,98,1,5902.88,15,5017.45
13879,20251231,15,3,202,1,4621.37,5,4390.3
13880,20240715,5,19,,1,2284.3,5,2170.09
13881,20250616,83,5,118,2,2689.64,0,5379.28
13882,20250813,103,9,155,3,5201.47,0,15604.41
13883,20250302,75,12,333,1,2266.5,15,1926.52
13884,20240330,115,14,388,1,2419.05,5,2298.1
13885,20240323,35,24,22,1,3748.04,5,3560.64
13886,20250930,99,5,,2,4915.0,0,9830.0
13887,20251004,2,18,351,1,882.35,5,838.23
13888,20250315,105,7,196,1,2890.92,0,2890.92
13889,20250117,52,19,396,1,2796.94,0,2796.94
13890,20241130,71,5,334,2,3918.6,0,7837.2
13891,20251021,39,10,165,2,3883.73,15,6602.34
13892,20250405,5,4,397,1,2284.3,5,2170.09
13893,20251001,114,18,365,2,3973.22,15,6754.47
13894,20241107,79,22,,4,1528.97,0,6115.88
13895,20241031,76,3,149,1,5042.37,0,5042.37
13896,20250123,3,12,226,1,2631.02,5,2499.47
13897,20250911,73,24,399,1,6348.65,0,6348.65
13898,20250615,27,17,134,1,1220.37,5,1159.35
13899,20240301,2,20,163,2,882.35,0,1764.7
13900,20240616,11,18,102,1,5902.88,10,5312.59
13901,20240612,27,22,3,1,1220.37,15,1037.31
13902,20250528,60,10,180,1,4273.1,10,3845.79
13903,20251014,1,4,,1,1005.84,0,1005.84
13904,20241023,73,21,76,2,6348.65,0,12697.3
13905,20250519,25,23,298,1,659.99,0,659.99
13906,20240301,39,13,151,1,3883.73,0,3883.73
13907,20240912,18,12,160,2,5185.3,5,9852.07
13908,20250607,62,9,333,3,978.5,15,2495.17
13909,20251217,66,20,81,2,6204.11,15,10546.99
13910,20250527,119,22,234,1,2956.72,0,2956.72
13911,20250214,56,14,76,1,7088.96,5,6734.51
13912,20250104,29,2,219,1,1567.62,0,1567.62
13913,20251206,58,7,,2,5200.5,0,10401.0
13914,20251106,1,2,109,1,1005.84,10,905.26
13915,20250322,61,7,310,2,5731.62,0,11463.24
13916,20250518,50,3,71,2,3814.05,20,6102.48
13917,20250708,35,9,66,1,3748.04,5,3560.64
13918,20250306,3,6,222,1,2631.02,5,2499.47
13919,20250607,64,16,254,1,4068.92,0,4068.92
13920,20250117,76,9,150,1,5042.37,0,5042.37
13921,20241003,23,17,118,1,5336.87,0,5336.87
13922,20250312,20,2,209,1,1915.63,0,1915.63
13923,20241203,92,20,166,1,2008.22,0,2008.22
13924,20250605,6,25,,1,843.99,0,843.99
13925,20250214,75,13,202,2,2266.5,5,4306.35
13926,20251227,110,4,344,1,3839.63,15,3263.69
13927,20251011,96,15,187,1,3006.66,0,3006.66
13928,20250405,119,20,332,3,2956.72,0,8870.16
13929,20250728,7,25,,2,4794.43,15,8150.53
13930,20240120,22,15,385,2,6438.69,0,12877.38
13931,20240521,98,14,37,4,850.73,20,2722.34
13932,20241116,72,11,297,1,1667.62,0,1667.62
13933,20240513,32,9,25,1,1604.88,5,1524.64
13934,20240503,78,20,31,1,1807.55,0,1807.55
13935,20250313,80,15,296,1,5880.6,10,5292.54
13936,20251106,60,10,84,1,4273.1,15,3632.14
13937,20240214,112,12,,1,1434.74,10,1291.27
13938,20250509,111,8,387,1,1506.58,15,1280.59
13939,20240627,14,20,354,1,4823.13,10,4340.82
13940,20251231,95,15,,1,3960.41,0,3960.41
13941,20250812,98,9,127,3,850.73,5,2424.58
13942,20240226,17,18,72,2,1735.19,20,2776.3
13943,20250710,14,23,298,2,4823.13,5,9163.95
13944,20250428,97,17,295,1,4779.12,0,4779.12
13945,20251011,4,10,88,1,1722.15,15,1463.83
13946,20250922,87,20,378,1,2952.23,20,2361.78
13947,20240405,50,3,20,1,3814.05,5,3623.35
13948,20240504,13,1,104,2,4729.21,0,9458.42
13949,20240622,108,16,189,2,3374.55,0,6749.1
13950,20251222,9,1,338,2,4835.47,5,9187.39
13951,20251215,69,7,315,1,2128.62,0,2128.62
13952,20251119,60,18,312,2,4273.1,0,8546.2
13953,20250131,61,19,369,1,5731.62,0,5731.62
13954,20250320,71,10,65,1,3918.6,5,3722.67
13955,20250810,52,15,398,1,2796.94,0,2796.94
13956,20250130,111,21,,1,1506.58,5,1431.25
13957,20250518,62,3,,1,978.5,0,978.5
13958,20240730,63,18,57,3,4196.34,0,12589.02
13959,20251202,38,15,40,1,1729.74,5,1643.25
13960,20250623,68,13,274,1,1648.1,0,1648.1
13961,20240910,72,6,306,1,1667.62,0,1667.62
13962,20250224,69,12,35,2,2128.62,0,4257.24
13963,20240616,63,21,110,1,4196.34,10,3776.71
13964,20240510,102,18,,1,616.26,0,616.26
13965,20240715,52,21,,3,2796.94,5,7971.28
13966,20240417,91,11,348,1,6185.93,5,5876.63
13967,20251219,37,11,,1,3761.37,0,3761.37
13968,20251214,67,19,100,2,4800.44,0,9600.88
13969,20250905,67,3,319,4,4800.44,10,17281.58
13970,20240502,109,23,341,1,2954.88,0,2954.88
13971,20240926,68,24,121,3,1648.1,0,4944.3
13972,20251005,53,16,34,1,1453.18,0,1453.18
13973,20240509,31,19,314,1,7243.85,0,7243.85
13974,20250909,81,19,200,1,1242.05,0,1242.05
13975,20250923,78,16,141,1,1807.55,0,1807.55
13976,20241113,89,21,109,1,4062.25,0,4062.25
13977,20241210,17,7,188,2,1735.19,0,3470.38
13978,20250423,13,1,353,3,4729.21,5,13478.25
13979,20250329,25,7,379,1,659.99,0,659.99
13980,20240717,82,22,,1,3179.41,0,3179.41
13981,20240319,74,12,180,3,3249.83,0,9749.49
13982,20250411,58,25,62,1,5200.5,0,5200.5
13983,20251109,26,10,331,2,1355.83,10,2440.49
13984,20250609,34,17,291,2,1322.31,10,2380.16
13985,20241023,16,7,63,2,4330.21,0,8660.42
13986,20251128,117,9,307,1,5631.66,15,4786.91
13987,20250731,63,17,116,1,4196.34,0,4196.34
13988,20240314,17,9,62,3,1735.19,10,4685.01
13989,20240404,7,8,332,2,4794.43,0,9588.86
13990,20240323,21,19,311,1,1209.52,0,1209.52
13991,20240918,44,6,326,3,4747.67,5,13530.86
13992,20250226,119,13,336,3,2956.72,0,8870.16
13993,20240629,26,16,113,1,1355.83,0,1355.83
13994,20240912,12,8,,4,1690.47,0,6761.88
13995,20240415,19,21,250,1,3799.68,5,3609.7
13996,20240913,113,8,99,2,4385.13,0,8770.26
13997,20251225,100,9,183,1,4823.15,5,4581.99
13998,20250710,20,15,306,1,1915.63,0,1915.63
13999,20251116,84,4,49,1,4822.61,0,4822.61
14000,20250502,107,23,,1,1952.14,10,1756.93
14001,20240615,94,20,328,1,1460.17,0,1460.17
14002,20251026,45,20,,1,1364.28,0,1364.28
14003,20241216,110,23,122,1,3839.63,10,3455.67
14004,20251214,44,5,261,2,4747.67,0,9495.34
14005,20250109,83,17,33,3,2689.64,5,7665.47
14006,20240301,19,7,129,1,3799.68,5,3609.7
14007,20240913,80,24,,1,5880.6,0,5880.6
14008,20240820,26,4,79,1,1355.83,0,1355.83
14009,20250228,100,23,301,1,4823.15,5,4581.99
14010,20240917,65,20,175,1,3541.34,0,3541.34
14011,20251004,90,22,241,1,3873.38,20,3098.7
14012,20251109,60,6,181,1,4273.1,10,3845.79
14013,20250625,92,24,371,2,2008.22,5,3815.62
14014,20250524,28,14,129,1,3988.05,0,3988.05
14015,20241015,85,1,398,1,6169.54,0,6169.54
14016,20240618,75,1,95,2,2266.5,5,4306.35
14017,20240325,4,15,335,3,1722.15,15,4391.48
14018,20250205,78,1,3,1,1807.55,0,1807.55
14019,20250907,101,21,376,1,1131.31,0,1131.31
14020,20240630,91,12,179,1,6185.93,5,5876.63
14021,20240127,118,25,301,3,5698.72,0,17096.16
14022,20240809,43,5,128,1,3747.63,0,3747.63
14023,20250709,95,11,361,2,3960.41,5,7524.78
14024,20250512,72,14,199,2,1667.62,5,3168.48
14025,20240612,30,12,268,1,3704.61,0,3704.61
14026,20240228,8,1,,1,3576.07,15,3039.66
14027,20240726,46,5,49,1,4179.48,0,4179.48
14028,20250305,46,6,379,2,4179.48,10,7523.06
14029,20240725,41,16,,1,5693.66,0,5693.66
14030,20241123,7,19,267,2,4794.43,0,9588.86
14031,20251213,45,4,230,4,1364.28,0,5457.12
14032,20251102,20,23,1,2,1915.63,0,3831.26
14033,20250831,119,25,395,1,2956.72,15,2513.21
14034,20240929,18,9,378,1,5185.3,15,4407.51
14035,20250226,64,3,71,2,4068.92,0,8137.84
14036,20240603,22,4,121,1,6438.69,0,6438.69
14037,20250618,100,1,208,1,4823.15,0,4823.15
14038,20240512,112,16,,1,1434.74,10,1291.27
14039,20240818,83,13,54,1,2689.64,5,2555.16
14040,20240427,102,5,237,3,616.26,20,1479.02
14041,20240605,65,3,268,1,3541.34,0,3541.34
14042,20250930,66,7,173,2,6204.11,0,12408.22
14043,20250410,39,25,336,1,3883.73,0,3883.73
14044,20241013,32,18,366,3,1604.88,20,3851.71
14045,20250611,31,8,383,2,7243.85,10,13038.93
14046,20240323,46,18,88,1,4179.48,0,4179.48
14047,20240918,81,23,186,1,1242.05,0,1242.05
14048,20240628,29,10,118,2,1567.62,0,3135.24
14049,20240403,10,3,130,1,3316.3,0,3316.3
14050,20240313,64,5,122,2,4068.92,0,8137.84
14051,20251015,11,23,334,1,5902.88,5,5607.74
14052,20240418,89,23,235,1,4062.25,0,4062.25
14053,20250518,115,17,219,1,2419.05,0,2419.05
14054,20251029,112,21,,1,1434.74,20,1147.79
14055,20240818,5,5,387,1,2284.3,0,2284.3
14056,20250322,52,8,224,1,2796.94,0,2796.94
14057,20250115,67,20,126,3,4800.44,0,14401.32
14058,20250119,39,23,139,1,3883.73,0,3883.73
14059,20240911,4,11,259,1,1722.15,10,1549.94
14060,20240617,68,5,33,1,1648.1,0,1648.1
14061,20240824,56,24,303,1,7088.96,10,6380.06
14062,20240831,27,11,134,1,1220.37,0,1220.37
14063,20251020,93,11,176,1,4029.05,5,3827.6
14064,20250722,64,21,196,1,4068.92,5,3865.47
14065,20250122,97,2,200,1,4779.12,5,4540.16
14066,20241228,114,1,200,3,3973.22,0,11919.66
14067,20250702,51,24,100,1,2879.69,0,2879.69
14068,20240216,85,3,293,3,6169.54,0,18508.62
14069,20240106,89,9,190,1,4062.25,0,4062.25
14070,20240811,41,14,99,1,5693.66,0,5693.66
14071,20241213,100,11,283,1,4823.15,5,4581.99
14072,20250217,25,5,177,1,659.99,0,659.99
14073,20250223,59,10,29,1,2020.12,20,1616.1
14074,20250422,47,13,56,1,2706.69,0,2706.69
14075,20240913,24,9,333,2,3205.37,0,6410.74
14076,20241107,96,3,366,1,3006.66,0,3006.66
14077,20250418,36,17,318,1,682.61,10,614.35
14078,20240823,73,13,,1,6348.65,0,6348.65
14079,20240424,66,5,34,2,6204.11,0,12408.22
14080,20240504,39,17,17,4,3883.73,0,15534.92
14081,20250729,57,19,128,1,3796.83,15,3227.31
14082,20241014,3,14,377,2,2631.02,15,4472.73
14083,20250728,23,10,303,2,5336.87,0,10673.74
14084,20240524,22,20,273,2,6438.69,10,11589.64
14085,20251003,101,23,317,1,1131.31,15,961.61
14086,20240628,88,6,104,2,2796.03,10,5032.85
14087,20251123,75,18,365,2,2266.5,20,3626.4
14088,20250608,46,25,115,1,4179.48,0,4179.48
14089,20250422,61,2,339,2,5731.62,15,9743.75
14090,20240803,118,15,,1,5698.72,10,5128.85
14091,20251006,77,13,356,1,5233.57,0,5233.57
14092,20241119,91,19,,2,6185.93,10,11134.67
14093,20240930,98,20,183,3,850.73,0,2552.19
14094,20241201,10,2,346,1,3316.3,5,3150.49
14095,20241214,47,12,213,1,2706.69,0,2706.69
14096,20240312,59,19,,1,2020.12,5,1919.11
14097,20240114,14,17,132,1,4823.13,0,4823.13
14098,20250425,10,14,,1,3316.3,0,3316.3
14099,20250428,99,6,72,1,4915.0,20,3932.0
14100,20240516,74,9,175,1,3249.83,0,3249.83
14101,20250425,23,14,,1,5336.87,0,5336.87
14102,20240804,119,20,378,1,2956.72,15,2513.21
14103,20240613,28,2,202,1,3988.05,0,3988.05
14104,20251018,53,19,197,1,1453.18,10,1307.86
14105,20240404,60,24,69,1,4273.1,0,4273.1
14106,20240826,65,5,314,1,3541.34,0,3541.34
14107,20250720,33,14,368,2,2291.4,0,4582.8
14108,20251224,53,23,79,1,1453.18,0,1453.18
14109,20251023,20,21,314,1,1915.63,0,1915.63
14110,20240908,96,12,60,3,3006.66,0,9019.98
14111,20241224,65,1,394,1,3541.34,5,3364.27
14112,20251010,76,9,322,1,5042.37,0,5042.37
14113,20240818,70,15,282,1,3349.78,0,3349.78
14114,20251114,110,19,58,2,3839.63,0,7679.26
14115,20250813,119,8,185,1,2956.72,5,2808.88
14116,20240711,52,3,88,2,2796.94,20,4475.1
14117,20250917,48,7,217,1,2551.26,15,2168.57
14118,20251202,20,10,,2,1915.63,0,3831.26
14119,20240929,81,4,84,1,1242.05,5,1179.95
14120,20250409,3,8,283,4,2631.02,5,9997.88
14121,20251230,25,3,95,1,659.99,0,659.99
14122,20250908,92,6,294,2,2008.22,20,3213.15
14123,20240613,113,3,400,1,4385.13,0,4385.13
14124,20250917,83,17,203,1,2689.64,10,2420.68
14125,20240508,95,4,57,1,3960.41,0,3960.41
14126,20250422,24,24,16,1,3205.37,0,3205.37
14127,20250905,24,15,71,1,3205.37,5,3045.1
14128,20240115,75,10,384,1,2266.5,0,2266.5
14129,20250513,47,1,388,2,2706.69,0,5413.38
14130,20240314,91,5,65,1,6185.93,0,6185.93
14131,20240324,10,13,314,1,3316.3,5,3150.49
14132,20251231,40,11,,1,6858.19,0,6858.19
14133,20241110,52,25,51,1,2796.94,0,2796.94
14134,20250807,49,19,42,1,3974.14,5,3775.43
14135,20251014,90,20,279,1,3873.38,5,3679.71
14136,20250409,112,24,173,1,1434.74,0,1434.74
14137,20250223,62,10,,1,978.5,0,978.5
14138,20250101,1,9,380,1,1005.84,10,905.26
14139,20240928,25,17,227,2,659.99,0,1319.98
14140,20240103,103,24,251,1,5201.47,5,4941.4
14141,20250303,89,11,348,1,4062.25,5,3859.14
14142,20240227,56,4,171,2,7088.96,0,14177.92
14143,20250322,112,19,144,1,1434.74,0,1434.74
14144,20250428,109,21,338,2,2954.88,10,5318.78
14145,20250102,78,11,27,1,1807.55,0,1807.55
14146,20240917,84,23,4,1,4822.61,5,4581.48
14147,20250909,24,23,75,3,3205.37,0,9616.11
14148,20250124,17,6,339,1,1735.19,20,1388.15
14149,20240710,89,9,8,1,4062.25,0,4062.25
14150,20240214,112,23,263,1,1434.74,0,1434.74
14151,20240502,57,12,92,1,3796.83,15,3227.31
14152,20250805,76,7,321,2,5042.37,0,10084.74
14153,20250607,69,25,164,1,2128.62,15,1809.33
14154,20251211,91,5,266,1,6185.93,0,6185.93
14155,20250410,115,5,58,1,2419.05,15,2056.19
14156,20240126,86,17,160,1,4002.37,15,3402.01
14157,20250706,8,18,187,1,3576.07,5,3397.27
14158,20250321,27,8,93,1,1220.37,15,1037.31
14159,20240617,79,17,,1,1528.97,0,1528.97
14160,20251227,27,18,,2,1220.37,0,2440.74
14161,20250601,7,23,100,2,4794.43,5,9109.42
14162,20241209,6,7,199,1,843.99,15,717.39
14163,20250218,84,11,255,1,4822.61,5,4581.48
14164,20240922,91,5,393,1,6185.93,0,6185.93
14165,20250923,3,1,212,1,2631.02,10,2367.92
14166,20240521,17,12,224,1,1735.19,15,1474.91
14167,20240602,27,16,299,1,1220.37,0,1220.37
14168,20240229,47,9,302,1,2706.69,5,2571.36
14169,20240514,33,21,294,1,2291.4,5,2176.83
14170,20250418,118,20,82,1,5698.72,0,5698.72
14171,20250601,45,19,252,1,1364.28,10,1227.85
14172,20240502,30,1,341,1,3704.61,0,3704.61
14173,20240823,20,19,86,1,1915.63,0,1915.63
14174,20241102,8,25,77,1,3576.07,0,3576.07
14175,20250706,16,10,384,2,4330.21,0,8660.42
14176,20241125,43,25,,1,3747.63,15,3185.49
14177,20250311,81,21,24,2,1242.05,0,2484.1
14178,20240428,31,25,237,3,7243.85,0,21731.55
14179,20250426,81,4,119,2,1242.05,10,2235.69
14180,20251028,87,6,164,3,2952.23,15,7528.19
14181,20240617,81,11,109,1,1242.05,0,1242.05
14182,20250123,68,10,201,1,1648.1,0,1648.1
14183,20240410,26,7,188,1,1355.83,10,1220.25
14184,20240727,60,4,296,2,4273.1,0,8546.2
14185,20240202,113,16,247,2,4385.13,0,8770.26
14186,20240428,80,3,,1,5880.6,5,5586.57
14187,20240213,68,5,381,1,1648.1,0,1648.1
14188,20240424,87,20,72,3,2952.23,0,8856.69
14189,20250416,43,25,89,1,3747.63,5,3560.25
14190,20240702,63,14,106,4,4196.34,0,16785.36
14191,20240628,73,7,283,1,6348.65,0,6348.65
14192,20241213,97,3,46,1,4779.12,0,4779.12
14193,20250612,95,17,67,2,3960.41,0,7920.82
14194,20241024,79,9,10,3,1528.97,0,4586.91
14195,20250619,10,17,96,1,3316.3,0,3316.3
14196,20250703,114,12,53,1,3973.22,0,3973.22
14197,20250720,17,3,354,2,1735.19,5,3296.86
14198,20250222,63,21,,3,4196.34,15,10700.67
14199,20240318,24,9,158,2,3205.37,0,6410.74
14200,20240306,119,21,155,3,2956.72,10,7983.14
14201,20240711,110,19,274,1,3839.63,0,3839.63
14202,20250712,25,3,123,1,659.99,5,626.99
14203,20240719,88,21,251,2,2796.03,0,5592.06
14204,20250906,48,4,296,1,2551.26,15,2168.57
14205,20240717,24,1,166,1,3205.37,10,2884.83
14206,20240925,102,17,26,1,616.26,0,616.26
14207,20251005,60,13,76,3,4273.1,5,12178.34
14208,20250221,75,7,308,1,2266.5,5,2153.17
14209,20240702,4,1,23,1,1722.15,0,1722.15
14210,20250411,30,16,87,1,3704.61,0,3704.61
14211,20250415,93,23,263,4,4029.05,0,16116.2
14212,20250128,43,5,379,1,3747.63,0,3747.63
14213,20250116,26,10,125,1,1355.83,0,1355.83
14214,20240522,97,14,163,1,4779.12,0,4779.12
14215,20241117,43,16,374,1,3747.63,0,3747.63
14216,20240917,74,20,43,1,3249.83,5,3087.34
14217,20240719,62,19,,1,978.5,5,929.57
14218,20250726,5,9,340,2,2284.3,0,4568.6
14219,20250314,59,7,187,2,2020.12,10,3636.22
14220,20241103,86,17,373,1,4002.37,0,4002.37
14221,20240523,42,24,18,1,2401.74,20,1921.39
14222,20240710,113,4,365,2,4385.13,10,7893.23
14223,20240719,106,14,,1,717.87,5,681.98
14224,20240512,37,12,44,4,3761.37,0,15045.48
14225,20240327,76,10,163,1,5042.37,15,4286.01
14226,20240320,43,8,258,1,3747.63,0,3747.63
14227,20251116,5,12,65,1,2284.3,5,2170.09
14228,20240724,36,19,167,2,682.61,5,1296.96
14229,20241230,54,15,367,2,2808.33,5,5335.83
14230,20251015,28,13,81,3,3988.05,0,11964.15
14231,20241125,91,1,354,2,6185.93,20,9897.49
14232,20250408,62,17,64,1,978.5,5,929.57
14233,20240818,91,5,204,1,6185.93,0,6185.93
14234,20240322,38,3,107,2,1729.74,5,3286.51
14235,20251205,64,15,158,1,4068.92,0,4068.92
14236,20250417,78,17,159,1,1807.55,10,1626.8
14237,20240205,9,16,51,1,4835.47,0,4835.47
14238,20240919,24,8,,2,3205.37,0,6410.74
14239,20240822,93,25,231,1,4029.05,15,3424.69
14240,20250124,8,24,120,2,3576.07,0,7152.14
14241,20240720,120,4,315,1,5078.17,0,5078.17
14242,20250517,32,21,218,2,1604.88,0,3209.76
14243,20250816,55,20,226,1,735.67,5,698.89
14244,20240118,14,15,171,1,4823.13,5,4581.97
14245,20240906,17,5,319,1,1735.19,0,1735.19
14246,20240606,66,5,207,3,6204.11,0,18612.33
14247,20240813,46,23,40,1,4179.48,0,4179.48
14248,20240117,21,4,179,1,1209.52,0,1209.52
14249,20240911,72,3,356,1,1667.62,0,1667.62
14250,20250302,81,19,309,1,1242.05,10,1117.85
14251,20241202,80,8,357,1,5880.6,0,5880.6
14252,20241227,42,25,35,2,2401.74,5,4563.31
14253,20240110,71,23,297,1,3918.6,10,3526.74
14254,20250618,56,8,248,1,7088.96,0,7088.96
14255,20250830,43,2,14,3,3747.63,5,10680.75
14256,20240218,79,19,167,1,1528.97,20,1223.18
14257,20251213,62,14,,2,978.5,15,1663.45
14258,20251225,107,18,,1,1952.14,10,1756.93
14259,20250509,35,7,380,1,3748.04,0,3748.04
14260,20241001,28,11,133,1,3988.05,15,3389.84
14261,20241025,70,12,351,1,3349.78,0,3349.78
14262,20240325,71,12,144,1,3918.6,0,3918.6
14263,20250421,29,16,400,3,1567.62,0,4702.86
14264,20240119,56,8,186,1,7088.96,0,7088.96
14265,20251118,76,2,199,1,5042.37,0,5042.37
14266,20251229,44,18,310,1,4747.67,0,4747.67
14267,20240702,44,21,213,1,4747.67,5,4510.29
14268,20250526,65,6,263,1,3541.34,0,3541.34
14269,20240520,115,10,186,1,2419.05,10,2177.15
14270,20250330,22,9,20,3,6438.69,5,18350.27
14271,20251201,92,20,212,1,2008.22,5,1907.81
14272,20241219,20,18,,3,1915.63,0,5746.89
14273,20251110,108,15,,1,3374.55,0,3374.55
14274,20241118,70,23,85,1,3349.78,0,3349.78
14275,20251216,27,12,172,1,1220.37,0,1220.37
14276,20241205,40,7,375,2,6858.19,0,13716.38
14277,20240229,79,22,260,1,1528.97,5,1452.52
14278,20240407,86,3,78,2,4002.37,0,8004.74
14279,20240120,15,18,45,1,4621.37,15,3928.16
14280,20250608,83,21,,1,2689.64,0,2689.64
14281,20240717,44,16,140,1,4747.67,0,4747.67
14282,20240916,110,23,289,1,3839.63,15,3263.69
14283,20250405,107,15,235,1,1952.14,0,1952.14
14284,20240513,110,21,72,1,3839.63,5,3647.65
14285,20240910,74,3,93,1,3249.83,0,3249.83
14286,20250401,42,4,274,1,2401.74,5,2281.65
14287,20251015,103,21,262,2,5201.47,0,10402.94
14288,20240917,68,11,311,1,1648.1,5,1565.69
14289,20250718,62,5,193,1,978.5,10,880.65
14290,20250319,117,19,380,4,5631.66,5,21400.31
14291,20250625,116,15,177,1,6480.7,10,5832.63
14292,20240501,11,17,256,1,5902.88,5,5607.74
14293,20251102,34,19,320,1,1322.31,5,1256.19
14294,20250219,93,4,41,2,4029.05,0,8058.1
14295,20251217,119,15,331,1,2956.72,10,2661.05
14296,20250827,104,2,400,2,6527.04,10,11748.67
14297,20250514,29,24,,1,1567.62,0,1567.62
14298,20240325,76,4,340,1,5042.37,0,5042.37
14299,20250510,38,14,193,1,1729.74,15,1470.28
14300,20241103,19,2,274,1,3799.68,0,3799.68
14301,20241018,45,2,254,1,1364.28,20,1091.42
14302,20240305,40,9,84,1,6858.19,0,6858.19
14303,20240101,76,24,,4,5042.37,0,20169.48
14304,20250429,37,10,358,1,3761.37,0,3761.37
14305,20240722,67,11,66,1,4800.44,0,4800.44
14306,20241215,72,18,107,1,1667.62,20,1334.1
14307,20240401,88,7,397,1,2796.03,10,2516.43
14308,20250214,24,23,21,1,3205.37,5,3045.1
14309,20250404,8,5,104,1,3576.07,10,3218.46
14310,20240902,87,14,371,3,2952.23,5,8413.86
14311,20250407,76,4,9,1,5042.37,15,4286.01
14312,20251108,17,1,202,1,1735.19,0,1735.19
14313,20240614,111,21,242,2,1506.58,5,2862.5
14314,20240929,48,12,87,1,2551.26,5,2423.7
14315,20250302,2,11,339,1,882.35,15,750.0
14316,20241117,18,8,56,1,5185.3,10,4666.77
14317,20241119,31,10,181,2,7243.85,10,13038.93
14318,20240531,113,12,128,2,4385.13,0,8770.26
14319,20250714,117,14,102,1,5631.66,0,5631.66
14320,20250117,102,25,112,1,616.26,0,616.26
14321,20251203,8,25,254,1,3576.07,0,3576.07
14322,20240720,77,12,142,1,5233.57,0,5233.57
14323,20240409,49,1,160,2,3974.14,5,7550.87
14324,20240914,47,23,286,1,2706.69,5,2571.36
14325,20250706,56,2,167,2,7088.96,0,14177.92
14326,20250702,16,5,,4,4330.21,0,17320.84
14327,20250513,50,13,360,3,3814.05,0,11442.15
14328,20250808,118,1,91,1,5698.72,0,5698.72
14329,20240507,117,13,,1,5631.66,5,5350.08
14330,20240723,8,6,122,3,3576.07,10,9655.39
14331,20250126,102,18,77,1,616.26,0,616.26
14332,20240802,95,17,147,2,3960.41,20,6336.66
14333,20240308,14,16,320,2,4823.13,0,9646.26
14334,20250328,52,15,305,1,2796.94,0,2796.94
14335,20241017,27,8,,1,1220.37,0,1220.37
14336,20251121,48,13,,1,2551.26,0,2551.26
14337,20240817,88,16,93,1,2796.03,0,2796.03
14338,20251002,10,20,54,2,3316.3,10,5969.34
14339,20240530,41,1,275,2,5693.66,0,11387.32
14340,20240807,92,25,167,1,2008.22,10,1807.4
14341,20240705,99,1,371,2,4915.0,0,9830.0
14342,20240725,86,18,233,1,4002.37,0,4002.37
14343,20250903,50,25,241,1,3814.05,5,3623.35
14344,20240907,71,13,283,1,3918.6,10,3526.74
14345,20250617,89,21,349,1,4062.25,5,3859.14
14346,20240719,65,3,291,1,3541.34,0,3541.34
14347,20250517,110,14,18,1,3839.63,0,3839.63
14348,20250827,13,5,210,1,4729.21,0,4729.21
14349,20250110,77,22,274,1,5233.57,0,5233.57
14350,20240110,11,16,301,1,5902.88,5,5607.74
14351,20240212,15,23,350,1,4621.37,5,4390.3
14352,20251207,113,17,101,1,4385.13,0,4385.13
14353,20250312,106,21,225,2,717.87,0,1435.74
14354,20250312,112,25,321,2,1434.74,20,2295.58
14355,20240405,17,17,306,2,1735.19,5,3296.86
14356,20240525,16,9,376,1,4330.21,0,4330.21
14357,20241220,24,23,116,2,3205.37,0,6410.74
14358,20240708,110,5,37,3,3839.63,20,9215.11
14359,20251116,45,2,171,1,1364.28,5,1296.07
14360,20240930,62,19,303,1,978.5,0,978.5
14361,20250121,35,5,268,1,3748.04,0,3748.04
14362,20250111,95,8,397,1,3960.41,10,3564.37
14363,20250228,60,20,,1,4273.1,15,3632.14
14364,20250130,89,4,362,1,4062.25,15,3452.91
14365,20240521,18,6,,2,5185.3,15,8815.01
14366,20251120,11,4,295,1,5902.88,0,5902.88
14367,20250210,45,7,201,2,1364.28,10,2455.7
14368,20240812,80,24,146,1,5880.6,5,5586.57
14369,20241229,55,17,168,2,735.67,0,1471.34
14370,20250424,86,16,64,2,4002.37,5,7604.5
14371,20241208,84,11,,1,4822.61,0,4822.61
14372,20250513,6,1,,1,843.99,0,843.99
14373,20250101,56,10,265,1,7088.96,0,7088.96
14374,20250217,57,24,38,1,3796.83,0,3796.83
14375,20240226,41,18,160,1,5693.66,5,5408.98
14376,20250102,120,7,201,3,5078.17,0,15234.51
14377,20251116,68,4,394,1,1648.1,0,1648.1
14378,20240820,7,20,18,2,4794.43,0,9588.86
14379,20250214,66,3,220,1,6204.11,0,6204.11
14380,20250615,80,22,51,1,5880.6,10,5292.54
14381,20240807,72,18,354,1,1667.62,5,1584.24
14382,20251211,101,2,153,4,1131.31,0,4525.24
14383,20240107,113,11,,2,4385.13,5,8331.75
14384,20240411,32,18,,2,1604.88,20,2567.81
14385,20251019,72,3,243,3,1667.62,20,4002.29
14386,20251129,83,5,322,2,2689.64,0,5379.28
14387,20250404,33,6,341,2,2291.4,20,3666.24
14388,20241120,33,18,58,2,2291.4,0,4582.8
14389,20240509,9,25,59,2,4835.47,5,9187.39
14390,20241002,6,15,136,3,843.99,0,2531.97
14391,20250210,32,6,161,1,1604.88,15,1364.15
14392,20240927,66,16,349,1,6204.11,0,6204.11
14393,20241217,114,20,277,2,3973.22,5,7549.12
14394,20250818,75,14,121,1,2266.5,0,2266.5
14395,20241103,23,19,340,2,5336.87,5,10140.05
14396,20240607,36,10,,2,682.61,0,1365.22
14397,20241224,27,24,381,1,1220.37,10,1098.33
14398,20250310,110,16,113,1,3839.63,20,3071.7
14399,20240502,97,1,249,1,4779.12,0,4779.12
14400,20240305,8,15,304,1,3576.07,0,3576.07
14401,20250113,53,16,322,2,1453.18,15,2470.41
14402,20250425,112,22,95,2,1434.74,0,2869.48
14403,20240922,97,12,18,3,4779.12,5,13620.49
14404,20250720,82,25,141,1,3179.41,10,2861.47
14405,20250731,29,4,171,1,1567.62,0,1567.62
14406,20241016,25,3,220,1,659.99,5,626.99
14407,20250130,63,14,349,1,4196.34,0,4196.34
14408,20250411,74,20,65,2,3249.83,0,6499.66
14409,20251230,7,18,400,2,4794.43,20,7671.09
14410,20251024,80,2,,1,5880.6,0,5880.6
14411,20251027,57,23,138,1,3796.83,10,3417.15
14412,20240526,22,6,337,2,6438.69,15,10945.77
14413,20250321,92,14,,2,2008.22,20,3213.15
14414,20250218,33,2,136,1,2291.4,0,2291.4
14415,20250721,109,25,209,1,2954.88,0,2954.88
14416,20240727,26,4,395,2,1355.83,0,2711.66
14417,20251206,59,17,,1,2020.12,0,2020.12
14418,20251111,46,18,57,1,4179.48,5,3970.51
14419,20240404,19,19,186,3,3799.68,0,11399.04
14420,20250313,34,17,333,1,1322.31,0,1322.31
14421,20251205,90,21,64,2,3873.38,0,7746.76
14422,20240728,76,12,118,1,5042.37,0,5042.37
14423,20251105,87,3,338,1,2952.23,15,2509.4
14424,20250103,91,18,,2,6185.93,10,11134.67
14425,20240314,97,16,259,1,4779.12,0,4779.12
14426,20251122,20,25,234,2,1915.63,0,3831.26
14427,20250107,14,25,,1,4823.13,0,4823.13
14428,20240804,46,18,315,4,4179.48,0,16717.92
14429,20241127,65,2,,3,3541.34,10,9561.62
14430,20250319,25,3,400,2,659.99,5,1253.98
14431,20251012,52,8,40,3,2796.94,0,8390.82
14432,20241221,80,8,112,2,5880.6,0,11761.2
14433,20240403,5,7,6,1,2284.3,5,2170.09
14434,20241209,65,25,103,1,3541.34,5,3364.27
14435,20241102,85,9,286,1,6169.54,0,6169.54
14436,20250629,23,5,152,1,5336.87,0,5336.87
14437,20241129,90,4,173,2,3873.38,0,7746.76
14438,20250609,112,12,391,1,1434.74,0,1434.74
14439,20250619,57,24,,1,3796.83,15,3227.31
14440,20250223,82,20,16,1,3179.41,20,2543.53
14441,20250618,55,18,36,1,735.67,5,698.89
14442,20251213,70,8,371,1,3349.78,10,3014.8
14443,20240528,95,16,52,1,3960.41,5,3762.39
14444,20240109,36,6,268,2,682.61,0,1365.22
14445,20250126,14,20,218,2,4823.13,0,9646.26
14446,20240730,82,16,311,1,3179.41,5,3020.44
14447,20250213,23,20,372,2,5336.87,10,9606.37
14448,20240819,78,2,7,1,1807.55,0,1807.55
14449,20240224,50,8,144,1,3814.05,0,3814.05
14450,20240726,3,2,54,1,2631.02,15,2236.37
14451,20240317,111,20,391,1,1506.58,5,1431.25
14452,20241230,28,2,215,2,3988.05,10,7178.49
14453,20240914,51,8,,3,2879.69,5,8207.12
14454,20241217,99,5,353,1,4915.0,0,4915.0
14455,20240417,78,1,210,1,1807.55,0,1807.55
14456,20241208,35,8,130,1,3748.04,5,3560.64
14457,20250321,29,6,332,1,1567.62,0,1567.62
14458,20251003,99,24,105,1,4915.0,20,3932.0
14459,20250202,106,6,222,1,717.87,0,717.87
14460,20251004,91,22,65,2,6185.93,5,11753.27
14461,20240620,59,23,270,2,2020.12,0,4040.24
14462,20250209,53,25,24,3,1453.18,10,3923.59
14463,20250802,97,14,157,1,4779.12,5,4540.16
14464,20251005,74,6,321,1,3249.83,0,3249.83
14465,20241211,95,3,221,1,3960.41,15,3366.35
14466,20250825,31,6,284,1,7243.85,15,6157.27
14467,20250712,104,16,4,2,6527.04,5,12401.38
14468,20241119,80,9,73,3,5880.6,15,14995.53
14469,20240212,98,14,20,2,850.73,0,1701.46
14470,20240424,28,3,237,1,3988.05,20,3190.44
14471,20241219,66,2,1,1,6204.11,0,6204.11
14472,20251210,85,22,199,3,6169.54,15,15732.33
14473,20240512,68,17,101,1,1648.1,0,1648.1
14474,20250630,53,2,178,2,1453.18,0,2906.36
14475,20240919,32,20,313,2,1604.88,0,3209.76
14476,20250717,88,3,262,1,2796.03,5,2656.23
14477,20250426,43,1,216,4,3747.63,5,14240.99
14478,20240802,91,2,94,3,6185.93,15,15774.12
14479,20251109,66,2,96,1,6204.11,0,6204.11
14480,20250415,95,8,24,1,3960.41,5,3762.39
14481,20250701,96,17,296,1,3006.66,0,3006.66
14482,20241112,58,23,320,1,5200.5,0,5200.5
14483,20251225,44,3,,1,4747.67,15,4035.52
14484,20240810,63,18,308,3,4196.34,0,12589.02
14485,20240211,8,12,154,1,3576.07,0,3576.07
14486,20250609,56,21,26,2,7088.96,0,14177.92
14487,20240118,63,16,135,1,4196.34,5,3986.52
14488,20250113,84,25,377,2,4822.61,5,9162.96
14489,20240413,69,3,375,2,2128.62,15,3618.65
14490,20251105,28,11,395,1,3988.05,10,3589.25
14491,20240607,113,17,293,3,4385.13,0,13155.39
14492,20241124,79,15,381,1,1528.97,5,1452.52
14493,20250328,63,18,273,2,4196.34,0,8392.68
14494,20240211,48,15,139,1,2551.26,0,2551.26
14495,20240410,53,19,200,4,1453.18,0,5812.72
14496,20240728,74,6,62,1,3249.83,0,3249.83
14497,20240515,81,9,310,1,1242.05,15,1055.74
14498,20240612,82,20,354,2,3179.41,20,5087.06
14499,20250311,38,11,280,1,1729.74,0,1729.74
14500,20241102,58,24,390,1,5200.5,5,4940.47
14501,20240925,14,20,171,3,4823.13,0,14469.39
14502,20250710,109,6,190,1,2954.88,10,2659.39
14503,20240725,98,4,179,1,850.73,0,850.73
14504,20251212,43,9,326,1,3747.63,0,3747.63
14505,20251103,78,16,,1,1807.55,10,1626.8
14506,20250129,63,9,,1,4196.34,5,3986.52
14507,20240421,35,7,394,1,3748.04,5,3560.64
14508,20240306,4,18,94,1,1722.15,0,1722.15
14509,20240504,113,11,,4,4385.13,10,15786.47
14510,20241029,88,21,215,1,2796.03,5,2656.23
14511,20241031,11,14,172,2,5902.88,20,9444.61
14512,20241218,62,17,45,1,978.5,10,880.65
14513,20250412,37,16,177,1,3761.37,0,3761.37
14514,20251021,83,11,246,2,2689.64,0,5379.28
14515,20240818,39,9,289,1,3883.73,0,3883.73
14516,20240325,99,25,,1,4915.0,0,4915.0
14517,20250404,113,12,333,2,4385.13,10,7893.23
14518,20240723,60,2,139,3,4273.1,20,10255.44
14519,20251118,64,4,130,4,4068.92,10,14648.11
14520,20250815,53,19,211,1,1453.18,5,1380.52
14521,20250622,118,25,349,1,5698.72,0,5698.72
14522,20250909,113,24,20,1,4385.13,0,4385.13
14523,20240924,57,11,31,2,3796.83,5,7213.98
14524,20241108,88,4,64,1,2796.03,15,2376.63
14525,20240201,13,22,339,2,4729.21,0,9458.42
14526,20241207,77,12,127,1,5233.57,0,5233.57
14527,20250509,116,25,306,2,6480.7,0,12961.4
14528,20240329,52,9,229,1,2796.94,15,2377.4
14529,20250714,74,10,101,1,3249.83,10,2924.85
14530,20250122,21,3,367,3,1209.52,0,3628.56
14531,20251214,101,24,134,1,1131.31,10,1018.18
14532,20251228,40,6,,2,6858.19,10,12344.74
14533,20250728,88,4,294,2,2796.03,5,5312.46
14534,20241207,14,20,,1,4823.13,0,4823.13
14535,20250319,90,16,268,1,3873.38,20,3098.7
14536,20250130,23,13,316,1,5336.87,0,5336.87
14537,20241230,12,8,344,1,1690.47,0,1690.47
14538,20250912,86,22,105,1,4002.37,0,4002.37
14539,20240320,17,11,387,2,1735.19,0,3470.38
14540,20250616,76,11,,2,5042.37,5,9580.5
14541,20250212,35,18,243,1,3748.04,5,3560.64
14542,20251014,72,13,231,1,1667.62,15,1417.48
14543,20251022,46,25,72,1,4179.48,5,3970.51
14544,20241027,88,15,,3,2796.03,10,7549.28
14545,20241202,58,3,116,2,5200.5,10,9360.9
14546,20250327,59,21,35,1,2020.12,0,2020.12
14547,20250701,83,15,346,1,2689.64,0,2689.64
14548,20250705,102,19,400,1,616.26,0,616.26
14549,20250903,113,7,297,1,4385.13,10,3946.62
14550,20241116,97,23,88,2,4779.12,10,8602.42
14551,20250529,63,18,255,1,4196.34,5,3986.52
14552,20240516,9,5,136,2,4835.47,10,8703.85
14553,20241114,14,24,57,1,4823.13,0,4823.13
14554,20251102,85,9,160,1,6169.54,10,5552.59
14555,20240131,62,9,,1,978.5,10,880.65
14556,20251207,38,22,357,2,1729.74,0,3459.48
14557,20250606,75,16,379,1,2266.5,0,2266.5
14558,20240606,76,14,,3,5042.37,10,13614.4
14559,20250326,16,24,201,1,4330.21,5,4113.7
14560,20250613,76,5,,1,5042.37,0,5042.37
14561,20240512,92,25,143,1,2008.22,15,1706.99
14562,20250115,52,16,261,3,2796.94,5,7971.28
14563,20250720,92,1,35,1,2008.22,0,2008.22
14564,20240507,59,22,215,1,2020.12,5,1919.11
14565,20240530,27,8,113,2,1220.37,0,2440.74
14566,20240531,40,14,193,2,6858.19,15,11658.92
14567,20240717,105,15,276,1,2890.92,5,2746.37
14568,20240103,86,17,331,1,4002.37,15,3402.01
14569,20250728,48,4,312,1,2551.26,10,2296.13
14570,20250718,115,4,68,1,2419.05,0,2419.05
14571,20241018,73,12,345,1,6348.65,5,6031.22
14572,20240711,20,11,56,1,1915.63,0,1915.63
14573,20250619,86,1,165,3,4002.37,5,11406.75
14574,20251115,95,6,265,2,3960.41,15,6732.7
14575,20241026,8,10,210,3,3576.07,0,10728.21
14576,20241020,111,14,336,2,1506.58,15,2561.19
14577,20250610,23,23,118,1,5336.87,0,5336.87
14578,20240209,71,13,355,1,3918.6,0,3918.6
14579,20250512,13,15,233,1,4729.21,20,3783.37
14580,20240621,104,23,20,2,6527.04,0,13054.08
14581,20251207,49,2,140,2,3974.14,5,7550.87
14582,20250710,75,12,26,1,2266.5,15,1926.52
14583,20250502,80,14,210,1,5880.6,0,5880.6
14584,20250923,63,14,193,1,4196.34,0,4196.34
14585,20250219,72,20,339,2,1667.62,10,3001.72
14586,20250731,115,5,2,1,2419.05,10,2177.15
14587,20250514,81,13,79,2,1242.05,20,1987.28
14588,20250209,106,11,194,1,717.87,0,717.87
14589,20250310,30,9,55,3,3704.61,0,11113.83
14590,20240426,93,3,203,1,4029.05,5,3827.6
14591,20250331,56,6,199,1,7088.96,15,6025.62
14592,20240823,47,16,288,1,2706.69,0,2706.69
14593,20250414,3,24,247,1,2631.02,0,2631.02
14594,20240109,111,14,185,1,1506.58,0,1506.58
14595,20250208,107,19,243,3,1952.14,20,4685.14
14596,20241121,118,6,224,1,5698.72,0,5698.72
14597,20240310,42,12,386,1,2401.74,0,2401.74
14598,20240222,107,15,288,2,1952.14,0,3904.28
14599,20240320,60,9,108,3,4273.1,5,12178.34
14600,20240318,97,17,130,2,4779.12,10,8602.42
14601,20250829,43,13,345,2,3747.63,5,7120.5
14602,20241031,104,9,114,1,6527.04,0,6527.04
14603,20240329,64,22,46,1,4068.92,5,3865.47
14604,20250216,53,4,251,2,1453.18,0,2906.36
14605,20250316,116,7,44,1,6480.7,0,6480.7
14606,20241008,26,23,203,2,1355.83,20,2169.33
14607,20251015,78,16,27,1,1807.55,20,1446.04
14608,20240824,19,15,226,1,3799.68,0,3799.68
14609,20240308,37,24,49,2,3761.37,0,7522.74
14610,20250326,67,3,271,1,4800.44,0,4800.44
14611,20241230,45,5,,1,1364.28,0,1364.28
14612,20250124,56,19,69,3,7088.96,0,21266.88
14613,20240112,86,2,,1,4002.37,0,4002.37
14614,20250802,117,9,394,2,5631.66,0,11263.32
14615,20250728,51,6,,2,2879.69,5,5471.41
14616,20250625,14,21,388,1,4823.13,0,4823.13
14617,20250810,93,14,282,1,4029.05,5,3827.6
14618,20250314,7,9,2,2,4794.43,10,8629.97
14619,20250908,86,20,255,1,4002.37,10,3602.13
14620,20240304,56,4,287,1,7088.96,0,7088.96
14621,20250528,81,14,158,1,1242.05,5,1179.95
14622,20250610,66,3,163,1,6204.11,0,6204.11
14623,20240120,69,23,199,2,2128.62,0,4257.24
14624,20250105,58,12,369,1,5200.5,0,5200.5
14625,20250717,87,6,383,1,2952.23,5,2804.62
14626,20250626,88,2,368,1,2796.03,0,2796.03
14627,20241006,2,11,234,4,882.35,0,3529.4
14628,20251226,68,11,375,1,1648.1,5,1565.69
14629,20240923,52,7,33,1,2796.94,0,2796.94
14630,20250715,83,6,261,1,2689.64,15,2286.19
14631,20250827,71,5,397,1,3918.6,5,3722.67
14632,20240620,69,3,234,2,2128.62,10,3831.52
14633,20251117,57,20,205,2,3796.83,0,7593.66
14634,20240106,107,2,,1,1952.14,5,1854.53
14635,20241005,120,20,32,1,5078.17,5,4824.26
14636,20240309,3,17,249,2,2631.02,15,4472.73
14637,20250629,79,1,107,1,1528.97,5,1452.52
14638,20250813,91,18,34,1,6185.93,0,6185.93
14639,20250102,20,18,170,1,1915.63,0,1915.63
14640,20241007,90,20,240,1,3873.38,5,3679.71
14641,20250826,111,19,109,1,1506.58,0,1506.58
14642,20251219,68,10,297,1,1648.1,0,1648.1
14643,20240110,13,25,331,1,4729.21,5,4492.75
14644,20250902,104,7,138,1,6527.04,0,6527.04
14645,20240802,23,2,286,3,5336.87,5,15210.08
14646,20250312,98,11,162,1,850.73,0,850.73
14647,20240625,53,23,103,1,1453.18,5,1380.52
14648,20240316,41,15,275,1,5693.66,0,5693.66
14649,20251214,6,7,245,1,843.99,0,843.99
14650,20240506,60,17,86,1,4273.1,0,4273.1
14651,20240317,103,9,231,2,5201.47,5,9882.79
14652,20250912,40,15,308,1,6858.19,0,6858.19
14653,20240524,43,24,194,1,3747.63,15,3185.49
14654,20250916,107,1,181,1,1952.14,10,1756.93
14655,20240509,68,2,380,2,1648.1,5,3131.39
14656,20250721,100,1,331,1,4823.15,0,4823.15
14657,20240912,40,18,227,3,6858.19,5,19545.84
14658,20240530,34,10,248,1,1322.31,0,1322.31
14659,20240629,56,17,162,3,7088.96,0,21266.88
14660,20240115,46,23,144,1,4179.48,0,4179.48
14661,20241029,32,21,77,1,1604.88,0,1604.88
14662,20250103,21,6,,1,1209.52,5,1149.04
14663,20241227,117,8,127,1,5631.66,15,4786.91
14664,20250702,48,10,252,1,2551.26,0,2551.26
14665,20251015,55,21,333,1,735.67,10,662.1
14666,20250629,115,22,398,2,2419.05,5,4596.19
14667,20241207,112,6,,1,1434.74,0,1434.74
14668,20251119,97,20,202,1,4779.12,0,4779.12
14669,20240626,99,25,26,2,4915.0,0,9830.0
14670,20241022,25,6,163,2,659.99,0,1319.98
14671,20250610,1,8,85,3,1005.84,0,3017.52
14672,20250722,67,15,153,1,4800.44,0,4800.44
14673,20240218,47,13,389,1,2706.69,20,2165.35
14674,20250204,94,2,244,1,1460.17,0,1460.17
14675,20240710,73,17,394,1,6348.65,0,6348.65
14676,20240611,89,18,291,1,4062.25,0,4062.25
14677,20240708,107,21,11,1,1952.14,0,1952.14
14678,20240611,64,12,392,1,4068.92,0,4068.92
14679,20240816,76,10,293,1,5042.37,10,4538.13
14680,20250402,38,4,44,1,1729.74,10,1556.77
14681,20240704,14,8,60,1,4823.13,0,4823.13
14682,20250328,34,22,254,1,1322.31,20,1057.85
14683,20251006,84,6,,1,4822.61,0,4822.61
14684,20241108,17,8,312,1,1735.19,5,1648.43
14685,20251130,57,11,106,1,3796.83,0,3796.83
14686,20251018,63,21,9,1,4196.34,0,4196.34
14687,20240122,77,5,173,1,5233.57,5,4971.89
14688,20241211,94,21,77,2,1460.17,0,2920.34
14689,20240921,46,22,56,1,4179.48,0,4179.48
14690,20250218,74,14,50,1,3249.83,10,2924.85
14691,20250916,52,9,86,1,2796.94,15,2377.4
14692,20250201,102,18,38,1,616.26,0,616.26
14693,20240419,100,5,303,1,4823.15,10,4340.84
14694,20240528,55,20,37,2,735.67,0,1471.34
14695,20251204,18,7,336,1,5185.3,0,5185.3
14696,20250617,1,19,,1,1005.84,0,1005.84
14697,20240418,67,16,,1,4800.44,0,4800.44
14698,20240801,104,3,136,1,6527.04,0,6527.04
14699,20250808,6,8,383,1,843.99,0,843.99
14700,20251009,15,16,42,1,4621.37,0,4621.37
14701,20250124,120,23,141,1,5078.17,5,4824.26
14702,20250930,93,17,,3,4029.05,5,11482.79
14703,20240707,5,23,359,1,2284.3,0,2284.3
14704,20251121,47,12,389,1,2706.69,10,2436.02
14705,20250322,20,3,257,1,1915.63,0,1915.63
14706,20250828,39,2,193,1,3883.73,0,3883.73
14707,20240124,70,23,257,2,3349.78,5,6364.58
14708,20240730,13,4,5,2,4729.21,5,8985.5
14709,20250817,84,4,198,1,4822.61,15,4099.22
14710,20251018,8,18,73,1,3576.07,20,2860.86
14711,20241210,26,17,45,1,1355.83,5,1288.04
14712,20240930,20,19,186,1,1915.63,0,1915.63
14713,20240406,115,8,316,1,2419.05,0,2419.05
14714,20241127,108,9,269,2,3374.55,0,6749.1
14715,20240107,118,5,376,2,5698.72,0,11397.44
14716,20250829,73,5,395,2,6348.65,5,12062.43
14717,20250308,22,22,357,1,6438.69,0,6438.69
14718,20241228,43,25,214,1,3747.63,0,3747.63
14719,20250720,115,20,199,1,2419.05,5,2298.1
14720,20240605,78,13,264,1,1807.55,0,1807.55
14721,20250809,48,21,393,2,2551.26,0,5102.52
14722,20241003,108,25,172,1,3374.55,10,3037.1
14723,20250821,55,8,,1,735.67,0,735.67
14724,20251016,15,21,243,1,4621.37,0,4621.37
14725,20251024,23,7,58,1,5336.87,20,4269.5
14726,20240121,102,19,199,3,616.26,0,1848.78
14727,20251121,3,11,259,1,2631.02,5,2499.47
14728,20250815,83,22,95,1,2689.64,0,2689.64
14729,20241214,28,17,,1,3988.05,20,3190.44
14730,20250103,70,23,292,1,3349.78,0,3349.78
14731,20250827,117,4,132,1,5631.66,10,5068.49
14732,20240217,77,15,342,4,5233.57,5,19887.57
14733,20251125,51,6,154,2,2879.69,20,4607.5
14734,20241026,3,24,104,2,2631.02,10,4735.84
14735,20240729,110,6,285,2,3839.63,0,7679.26
14736,20240629,69,15,395,1,2128.62,5,2022.19
14737,20250216,99,22,169,1,4915.0,0,4915.0
14738,20251122,68,14,31,1,1648.1,20,1318.48
14739,20250123,28,25,386,1,3988.05,0,3988.05
14740,20240113,2,21,282,1,882.35,10,794.12
14741,20250220,72,12,359,1,1667.62,15,1417.48
14742,20241221,114,21,43,1,3973.22,10,3575.9
14743,20251108,26,20,104,1,1355.83,0,1355.83
14744,20240819,7,22,260,1,4794.43,5,4554.71
14745,20250930,62,16,27,1,978.5,0,978.5
14746,20251031,16,19,90,1,4330.21,0,4330.21
14747,20250303,111,20,216,1,1506.58,5,1431.25
14748,20250906,64,10,59,1,4068.92,20,3255.14
14749,20250626,63,7,55,2,4196.34,10,7553.41
14750,20250609,45,10,150,1,1364.28,0,1364.28
14751,20240606,116,23,126,1,6480.7,5,6156.66
14752,20240226,23,9,102,1,5336.87,0,5336.87
14753,20250609,8,6,240,1,3576.07,0,3576.07
14754,20251102,77,9,227,1,5233.57,0,5233.57
14755,20240316,60,18,267,1,4273.1,0,4273.1
14756,20250127,84,6,285,1,4822.61,20,3858.09
14757,20240718,27,4,213,1,1220.37,0,1220.37
14758,20250212,9,2,370,1,4835.47,0,4835.47
14759,20250515,37,23,122,1,3761.37,5,3573.3
14760,20250801,112,18,317,1,1434.74,0,1434.74
14761,20241102,100,8,50,1,4823.15,5,4581.99
14762,20250810,80,18,334,1,5880.6,0,5880.6
14763,20240929,52,5,35,1,2796.94,0,2796.94
14764,20240806,99,13,382,2,4915.0,0,9830.0
14765,20240427,86,4,375,3,4002.37,5,11406.75
14766,20250227,36,3,199,1,682.61,0,682.61
14767,20240909,44,24,251,1,4747.67,15,4035.52
14768,20240314,15,19,302,1,4621.37,20,3697.1
14769,20240502,65,8,45,1,3541.34,0,3541.34
14770,20250703,60,10,124,1,4273.1,0,4273.1
14771,20250406,71,14,174,3,3918.6,0,11755.8
14772,20250411,60,23,348,1,4273.1,5,4059.45
14773,20240215,28,11,263,1,3988.05,20,3190.44
14774,20251020,44,7,164,1,4747.67,0,4747.67
14775,20250506,86,10,342,2,4002.37,0,8004.74
14776,20250205,77,15,157,1,5233.57,10,4710.21
14777,20240613,39,9,340,1,3883.73,0,3883.73
14778,20240813,92,16,363,3,2008.22,20,4819.73
14779,20241002,4,5,332,4,1722.15,10,6199.74
14780,20250509,74,18,167,1,3249.83,10,2924.85
14781,20250620,90,24,200,1,3873.38,0,3873.38
14782,20251202,15,9,41,2,4621.37,5,8780.6
14783,20250724,90,1,,1,3873.38,5,3679.71
14784,20250725,42,4,,1,2401.74,0,2401.74
14785,20241004,87,5,95,1,2952.23,0,2952.23
14786,20240315,63,20,289,1,4196.34,5,3986.52
14787,20251008,61,12,76,3,5731.62,0,17194.86
14788,20250205,20,2,176,3,1915.63,10,5172.2
14789,20240414,115,15,210,2,2419.05,0,4838.1
14790,20251206,5,2,16,1,2284.3,0,2284.3
14791,20240605,44,25,364,1,4747.67,10,4272.9
14792,20240606,92,18,164,1,2008.22,0,2008.22
14793,20240524,15,11,181,1,4621.37,5,4390.3
14794,20250624,51,18,,2,2879.69,0,5759.38
14795,20251222,44,1,149,1,4747.67,0,4747.67
14796,20251209,75,6,,1,2266.5,0,2266.5
14797,20250909,57,16,,1,3796.83,5,3606.99
14798,20240830,5,22,,1,2284.3,0,2284.3
14799,20250703,83,20,157,1,2689.64,15,2286.19
14800,20240330,85,21,19,1,6169.54,0,6169.54
14801,20250606,63,8,126,2,4196.34,0,8392.68
14802,20241206,72,25,364,1,1667.62,0,1667.62
14803,20240305,32,9,245,2,1604.88,0,3209.76
14804,20240513,64,9,312,2,4068.92,0,8137.84
14805,20241104,91,4,302,1,6185.93,0,6185.93
14806,20240429,4,10,287,1,1722.15,0,1722.15
14807,20241002,68,17,,1,1648.1,15,1400.88
14808,20250308,30,15,323,1,3704.61,0,3704.61
14809,20250720,97,23,389,1,4779.12,5,4540.16
14810,20251004,79,10,373,1,1528.97,0,1528.97
14811,20241229,24,19,292,1,3205.37,10,2884.83
14812,20250820,11,9,4,2,5902.88,0,11805.76
14813,20240201,53,7,368,1,1453.18,15,1235.2
14814,20251031,76,23,259,4,5042.37,0,20169.48
14815,20250812,44,3,174,2,4747.67,0,9495.34
14816,20240915,3,25,168,1,2631.02,0,2631.02
14817,20250218,111,1,,4,1506.58,0,6026.32
14818,20250724,98,19,241,2,850.73,20,1361.17
14819,20250213,80,16,,1,5880.6,0,5880.6
14820,20250625,107,7,232,1,1952.14,10,1756.93
14821,20250722,27,21,96,2,1220.37,0,2440.74
14822,20250616,81,8,245,2,1242.05,0,2484.1
14823,20240415,14,2,168,2,4823.13,15,8199.32
14824,20251119,77,13,344,1,5233.57,0,5233.57
14825,20251121,26,10,,1,1355.83,10,1220.25
14826,20240608,96,23,,1,3006.66,5,2856.33
14827,20250124,47,15,198,1,2706.69,5,2571.36
14828,20250122,19,25,105,1,3799.68,5,3609.7
14829,20240218,14,8,94,1,4823.13,0,4823.13
14830,20240829,119,8,231,1,2956.72,0,2956.72
14831,20250325,115,12,125,1,2419.05,10,2177.15
14832,20251102,34,20,95,1,1322.31,0,1322.31
14833,20251226,42,2,123,1,2401.74,10,2161.57
14834,20241106,39,7,190,1,3883.73,20,3106.98
14835,20241128,29,6,105,1,1567.62,0,1567.62
14836,20251130,67,12,140,1,4800.44,15,4080.37
14837,20250509,100,2,258,1,4823.15,0,4823.15
14838,20240415,107,24,271,3,1952.14,20,4685.14
14839,20251226,119,14,39,1,2956.72,5,2808.88
14840,20251230,97,21,141,1,4779.12,15,4062.25
14841,20251105,87,11,,1,2952.23,5,2804.62
14842,20241225,86,25,320,1,4002.37,10,3602.13
14843,20240108,100,2,,1,4823.15,0,4823.15
14844,20241208,109,1,278,1,2954.88,5,2807.14
14845,20250824,30,24,274,1,3704.61,0,3704.61
14846,20250812,9,22,,3,4835.47,20,11605.13
14847,20250520,76,18,287,4,5042.37,0,20169.48
14848,20250221,32,9,327,2,1604.88,0,3209.76
14849,20250718,31,2,,1,7243.85,0,7243.85
14850,20240808,30,18,322,1,3704.61,0,3704.61
14851,20240606,19,15,342,1,3799.68,10,3419.71
14852,20250429,71,22,240,1,3918.6,0,3918.6
14853,20240228,98,12,337,1,850.73,5,808.19
14854,20240824,22,12,47,1,6438.69,0,6438.69
14855,20251125,70,7,260,1,3349.78,5,3182.29
14856,20240717,28,10,89,1,3988.05,0,3988.05
14857,20240916,2,2,54,2,882.35,0,1764.7
14858,20240622,47,20,,1,2706.69,20,2165.35
14859,20240901,71,7,109,1,3918.6,15,3330.81
14860,20250401,55,6,374,1,735.67,5,698.89
14861,20250831,88,19,209,1,2796.03,0,2796.03
14862,20241112,82,10,,1,3179.41,0,3179.41
14863,20250329,100,23,19,1,4823.15,0,4823.15
14864,20250522,72,20,212,3,1667.62,0,5002.86
14865,20250523,70,4,62,1,3349.78,5,3182.29
14866,20240508,119,10,278,1,2956.72,0,2956.72
14867,20250805,56,13,330,1,7088.96,5,6734.51
14868,20250213,28,2,366,1,3988.05,0,3988.05
14869,20241229,108,15,55,2,3374.55,5,6411.65
14870,20240701,87,24,392,1,2952.23,10,2657.01
14871,20240912,72,13,230,1,1667.62,10,1500.86
14872,20250514,37,13,71,1,3761.37,20,3009.1
14873,20240518,42,9,333,2,2401.74,5,4563.31
14874,20251103,26,25,316,1,1355.83,0,1355.83
14875,20250801,14,20,292,1,4823.13,20,3858.5
14876,20240104,24,10,161,2,3205.37,5,6090.2
14877,20240921,105,9,235,1,2890.92,0,2890.92
14878,20251108,105,10,372,2,2890.92,0,5781.84
14879,20250131,74,22,262,1,3249.83,0,3249.83
14880,20251027,72,8,373,1,1667.62,10,1500.86
14881,20250530,77,25,,1,5233.57,0,5233.57
14882,20251111,49,24,104,1,3974.14,5,3775.43
14883,20241229,84,13,219,3,4822.61,10,13021.05
14884,20251125,83,2,360,2,2689.64,0,5379.28
14885,20241122,12,10,308,1,1690.47,0,1690.47
14886,20251016,88,6,194,4,2796.03,5,10624.91
14887,20241128,80,14,,1,5880.6,0,5880.6
14888,20250302,76,15,377,2,5042.37,0,10084.74
14889,20250523,50,15,349,2,3814.05,0,7628.1
14890,20250715,12,5,251,3,1690.47,10,4564.27
14891,20250116,114,14,,1,3973.22,0,3973.22
14892,20240607,108,2,173,1,3374.55,0,3374.55
14893,20240522,104,1,332,1,6527.04,10,5874.34
14894,20250929,99,1,194,1,4915.0,0,4915.0
14895,20250202,32,18,221,1,1604.88,0,1604.88
14896,20240804,49,5,350,1,3974.14,0,3974.14
14897,20240417,76,2,331,1,5042.37,0,5042.37
14898,20250429,69,5,55,4,2128.62,0,8514.48
14899,20240903,85,24,302,1,6169.54,0,6169.54
14900,20250424,46,5,355,1,4179.48,0,4179.48
14901,20251028,9,6,337,2,4835.47,0,9670.94
14902,20250713,61,4,334,2,5731.62,20,9170.59
14903,20250610,61,12,78,1,5731.62,15,4871.88
14904,20240128,3,12,156,1,2631.02,0,2631.02
14905,20240526,83,19,106,1,2689.64,0,2689.64
14906,20241004,70,7,242,2,3349.78,15,5694.63
14907,20240215,3,18,166,1,2631.02,0,2631.02
14908,20250420,74,16,144,1,3249.83,0,3249.83
14909,20240916,17,20,106,1,1735.19,0,1735.19
14910,20250913,54,14,275,1,2808.33,0,2808.33
14911,20250510,28,2,248,1,3988.05,10,3589.25
14912,20240902,114,15,248,1,3973.22,5,3774.56
14913,20250304,62,11,333,1,978.5,0,978.5
14914,20240227,91,22,132,1,6185.93,0,6185.93
14915,20241219,58,19,30,2,5200.5,0,10401.0
14916,20240714,95,3,179,1,3960.41,15,3366.35
14917,20241101,108,9,206,1,3374.55,15,2868.37
14918,20240423,82,4,237,1,3179.41,0,3179.41
14919,20240227,24,9,80,3,3205.37,5,9135.3
14920,20250529,102,3,94,1,616.26,5,585.45
14921,20240530,116,24,183,1,6480.7,0,6480.7
14922,20250222,120,6,152,1,5078.17,0,5078.17
14923,20240626,92,5,20,2,2008.22,0,4016.44
14924,20250515,77,13,186,1,5233.57,0,5233.57
14925,20240302,95,18,320,1,3960.41,0,3960.41
14926,20241023,95,18,287,2,3960.41,5,7524.78
14927,20240421,44,13,137,1,4747.67,0,4747.67
14928,20251116,14,10,304,1,4823.13,0,4823.13
14929,20241106,104,10,164,1,6527.04,0,6527.04
14930,20240401,116,2,308,2,6480.7,10,11665.26
14931,20240226,59,16,,2,2020.12,0,4040.24
14932,20240531,80,16,113,1,5880.6,5,5586.57
14933,20250305,47,15,79,1,2706.69,0,2706.69
14934,20240504,20,24,274,1,1915.63,0,1915.63
14935,20240708,97,19,298,2,4779.12,5,9080.33
14936,20240819,65,20,374,1,3541.34,0,3541.34
14937,20250505,7,16,365,1,4794.43,15,4075.27
14938,20250930,2,18,106,1,882.35,5,838.23
14939,20250701,82,3,311,1,3179.41,0,3179.41
14940,20250403,72,8,270,1,1667.62,5,1584.24
14941,20241222,72,20,59,1,1667.62,10,1500.86
14942,20241102,51,23,177,3,2879.69,0,8639.07
14943,20250804,59,11,368,1,2020.12,10,1818.11
14944,20250217,72,18,35,1,1667.62,0,1667.62
14945,20241213,51,22,304,1,2879.69,5,2735.71
14946,20250325,89,14,293,1,4062.25,0,4062.25
14947,20240401,37,14,294,1,3761.37,0,3761.37
14948,20251010,26,5,237,1,1355.83,0,1355.83
14949,20240117,112,11,21,4,1434.74,0,5738.96
14950,20240717,97,9,142,1,4779.12,0,4779.12
14951,20240510,71,20,166,1,3918.6,15,3330.81
14952,20250509,73,5,307,1,6348.65,5,6031.22
14953,20250217,67,19,64,1,4800.44,0,4800.44
14954,20251231,70,11,274,1,3349.78,10,3014.8
14955,20250908,82,23,84,2,3179.41,0,6358.82
14956,20251204,70,24,363,1,3349.78,0,3349.78
14957,20250906,45,22,164,2,1364.28,15,2319.28
14958,20240302,110,17,,3,3839.63,0,11518.89
14959,20251208,71,4,,2,3918.6,0,7837.2
14960,20240422,23,14,25,1,5336.87,5,5070.03
14961,20240224,29,3,24,1,1567.62,5,1489.24
14962,20250831,91,20,156,2,6185.93,5,11753.27
14963,20250407,33,13,83,4,2291.4,0,9165.6
14964,20250927,50,10,,1,3814.05,15,3241.94
14965,20250202,29,21,,1,1567.62,0,1567.62
14966,20241209,92,12,156,2,2008.22,0,4016.44
14967,20240205,81,16,188,1,1242.05,0,1242.05
14968,20240621,76,17,394,3,5042.37,5,14370.75
14969,20240421,11,16,74,1,5902.88,0,5902.88
14970,20250528,66,16,142,1,6204.11,0,6204.11
14971,20240825,95,8,69,1,3960.41,0,3960.41
14972,20251127,92,11,93,1,2008.22,5,1907.81
14973,20251121,12,6,377,1,1690.47,5,1605.95
14974,20250831,11,20,,1,5902.88,15,5017.45
14975,20240409,12,5,386,1,1690.47,0,1690.47
14976,20250522,18,8,361,1,5185.3,5,4926.03
14977,20250513,81,23,294,1,1242.05,0,1242.05
14978,20250211,71,25,23,1,3918.6,10,3526.74
14979,20250217,106,17,,2,717.87,0,1435.74
14980,20240831,70,6,303,1,3349.78,15,2847.31
14981,20250715,6,23,355,3,843.99,5,2405.37
14982,20251027,9,16,2,1,4835.47,0,4835.47
14983,20250118,78,4,370,1,1807.55,0,1807.55
14984,20250406,39,24,323,1,3883.73,0,3883.73
14985,20250429,81,24,73,1,1242.05,15,1055.74
14986,20250422,87,24,290,1,2952.23,0,2952.23
14987,20240110,46,14,159,1,4179.48,5,3970.51
14988,20251002,21,1,138,1,1209.52,15,1028.09
14989,20240607,67,24,298,2,4800.44,0,9600.88
14990,20241214,22,22,394,1,6438.69,0,6438.69
14991,20240223,101,21,6,1,1131.31,5,1074.74
14992,20241222,69,23,120,1,2128.62,5,2022.19
14993,20240402,25,24,245,2,659.99,0,1319.98
14994,20250521,18,5,56,3,5185.3,0,15555.9
14995,20250212,115,8,238,1,2419.05,10,2177.15
14996,20241016,42,20,168,1,2401.74,5,2281.65
14997,20250825,71,16,368,1,3918.6,15,3330.81
14998,20250515,22,9,80,2,6438.69,5,12233.51
14999,20250531,61,14,11,2,5731.62,0,11463.24
15000,20251219,51,19,224,1,2879.69,0,2879.69
15001,20250222,38,9,369,1,1729.74,5,1643.25
15002,20240110,11,25,149,1,5902.88,10,5312.59
15003,20250109,9,24,,1,4835.47,15,4110.15
15004,20250327,63,11,264,2,4196.34,0,8392.68
15005,20240605,31,12,330,1,7243.85,20,5795.08
15006,20250408,49,13,314,1,3974.14,5,3775.43
15007,20240326,113,20,124,2,4385.13,0,8770.26
15008,20240611,48,7,223,1,2551.26,15,2168.57
15009,20240303,16,21,400,1,4330.21,5,4113.7
15010,20251121,97,25,384,1,4779.12,20,3823.3
15011,20250401,68,2,128,1,1648.1,10,1483.29
15012,20240824,13,14,173,1,4729.21,0,4729.21
15013,20250810,10,16,,1,3316.3,0,3316.3
15014,20240226,62,4,215,1,978.5,0,978.5
15015,20250920,45,17,137,1,1364.28,10,1227.85
15016,20251005,11,25,294,1,5902.88,0,5902.88
15017,20240804,105,3,190,2,2890.92,10,5203.66
15018,20250129,98,18,,1,850.73,15,723.12
15019,20250820,89,4,,3,4062.25,15,10358.74
15020,20240926,31,24,106,1,7243.85,0,7243.85
15021,20240813,115,18,77,1,2419.05,0,2419.05
15022,20240710,74,11,192,1,3249.83,0,3249.83
15023,20240212,100,6,308,1,4823.15,0,4823.15
15024,20250208,4,23,189,1,1722.15,5,1636.04
15025,20240809,16,4,362,2,4330.21,5,8227.4
15026,20240901,57,16,394,1,3796.83,10,3417.15
15027,20240325,78,25,83,1,1807.55,0,1807.55
15028,20240207,40,7,5,1,6858.19,0,6858.19
15029,20240626,30,2,16,3,3704.61,15,9446.76
15030,20250709,18,16,158,2,5185.3,0,10370.6
15031,20240724,94,21,345,1,1460.17,5,1387.16
15032,20250507,95,21,317,1,3960.41,0,3960.41
15033,20241212,93,24,,1,4029.05,0,4029.05
15034,20240909,60,14,220,1,4273.1,5,4059.45
15035,20250414,63,6,231,2,4196.34,0,8392.68
15036,20240430,107,12,193,3,1952.14,15,4977.96
15037,20250623,100,14,,1,4823.15,5,4581.99
15038,20240917,1,21,,1,1005.84,10,905.26
15039,20241027,100,19,280,1,4823.15,20,3858.52
15040,20250710,107,24,152,1,1952.14,0,1952.14
15041,20250912,86,3,121,1,4002.37,5,3802.25
15042,20251230,12,24,242,1,1690.47,5,1605.95
15043,20251018,27,25,55,3,1220.37,5,3478.05
15044,20250626,100,18,317,1,4823.15,0,4823.15
15045,20250924,120,16,385,1,5078.17,20,4062.54
15046,20250626,73,22,286,2,6348.65,15,10792.7
15047,20250822,120,14,89,1,5078.17,0,5078.17
15048,20240415,13,22,91,3,4729.21,0,14187.63
15049,20241004,114,1,134,1,3973.22,0,3973.22
15050,20250413,114,5,38,2,3973.22,5,7549.12
15051,20240628,41,19,204,3,5693.66,10,15372.88
15052,20250810,100,23,51,1,4823.15,5,4581.99
15053,20241225,31,2,,1,7243.85,0,7243.85
15054,20240809,28,19,250,3,3988.05,0,11964.15
15055,20250430,65,20,350,1,3541.34,15,3010.14
15056,20240414,22,15,400,1,6438.69,0,6438.69
15057,20240919,89,20,374,2,4062.25,15,6905.82
15058,20240108,8,19,19,1,3576.07,0,3576.07
15059,20250608,9,21,209,2,4835.47,0,9670.94
15060,20250130,107,14,,2,1952.14,10,3513.85
15061,20240323,12,23,188,1,1690.47,10,1521.42
15062,20250601,83,17,385,1,2689.64,0,2689.64
15063,20250414,29,3,,1,1567.62,0,1567.62
15064,20240222,1,8,,4,1005.84,0,4023.36
15065,20250429,29,16,,1,1567.62,10,1410.86
15066,20241201,48,12,188,3,2551.26,0,7653.78
15067,20240510,21,21,222,4,1209.52,0,4838.08
15068,20250908,115,18,,1,2419.05,10,2177.15
15069,20240224,105,21,214,1,2890.92,5,2746.37
15070,20250905,93,24,,1,4029.05,10,3626.15
15071,20250718,36,16,323,1,682.61,0,682.61
15072,20240114,6,9,177,2,843.99,0,1687.98
15073,20250604,23,24,114,2,5336.87,0,10673.74
15074,20250602,93,12,391,4,4029.05,5,15310.39
15075,20251005,33,9,16,1,2291.4,0,2291.4
15076,20240409,10,15,158,1,3316.3,0,3316.3
15077,20251003,67,11,,1,4800.44,0,4800.44
15078,20241001,66,7,180,1,6204.11,0,6204.11
15079,20250705,17,11,115,2,1735.19,15,2949.82
15080,20251226,112,6,,1,1434.74,0,1434.74
15081,20250504,61,18,39,2,5731.62,10,10316.92
15082,20241018,27,20,316,2,1220.37,10,2196.67
15083,20250327,94,18,133,1,1460.17,10,1314.15
15084,20240103,44,10,254,1,4747.67,0,4747.67
15085,20241210,28,3,257,2,3988.05,0,7976.1
15086,20240509,26,14,350,1,1355.83,5,1288.04
15087,20250729,35,24,76,1,3748.04,10,3373.24
15088,20251108,38,2,47,1,1729.74,20,1383.79
15089,20250325,47,16,120,1,2706.69,5,2571.36
15090,20250319,15,7,158,1,4621.37,5,4390.3
15091,20240224,17,18,125,1,1735.19,5,1648.43
15092,20240726,53,6,172,1,1453.18,5,1380.52
15093,20240603,17,24,151,1,1735.19,0,1735.19
15094,20250315,59,9,79,2,2020.12,0,4040.24
15095,20240516,55,22,248,1,735.67,10,662.1
15096,20250610,96,4,335,1,3006.66,10,2705.99
15097,20250323,4,3,66,1,1722.15,20,1377.72
15098,20240115,98,7,101,1,850.73,0,850.73
15099,20250426,67,4,364,1,4800.44,0,4800.44
15100,20250620,36,19,183,2,682.61,10,1228.7
15101,20251009,21,17,23,1,1209.52,5,1149.04
15102,20240803,14,20,116,1,4823.13,0,4823.13
15103,20250107,48,6,117,1,2551.26,20,2041.01
15104,20250613,93,14,260,2,4029.05,0,8058.1
15105,20250704,42,21,144,4,2401.74,10,8646.26
15106,20250722,49,21,,1,3974.14,0,3974.14
15107,20240729,19,20,,1,3799.68,5,3609.7
15108,20240617,14,20,275,1,4823.13,15,4099.66
15109,20240811,117,20,381,1,5631.66,0,5631.66
15110,20240425,24,12,377,1,3205.37,20,2564.3
15111,20240604,6,13,136,2,843.99,0,1687.98
15112,20250813,76,22,280,1,5042.37,10,4538.13
15113,20251029,38,22,254,2,1729.74,0,3459.48
15114,20240501,42,5,64,1,2401.74,5,2281.65
15115,20241027,12,12,94,1,1690.47,20,1352.38
15116,20241231,93,22,292,2,4029.05,15,6849.39
15117,20250103,32,25,137,1,1604.88,10,1444.39
15118,20240930,89,15,166,1,4062.25,0,4062.25
15119,20250815,23,20,279,1,5336.87,5,5070.03
15120,20250618,118,15,266,1,5698.72,15,4843.91
15121,20240703,67,4,84,3,4800.44,0,14401.32
15122,20241118,70,12,151,2,3349.78,0,6699.56
15123,20250318,112,15,282,1,1434.74,5,1363.0
15124,20250614,39,23,220,1,3883.73,0,3883.73
15125,20250221,22,6,336,2,6438.69,5,12233.51
15126,20250905,37,1,213,2,3761.37,5,7146.6
15127,20240920,18,11,189,1,5185.3,5,4926.03
15128,20250816,58,11,117,3,5200.5,5,14821.42
15129,20240428,75,23,59,3,2266.5,0,6799.5
15130,20251203,95,21,191,1,3960.41,5,3762.39
15131,20240712,72,17,222,1,1667.62,0,1667.62
15132,20251113,31,17,112,1,7243.85,0,7243.85
15133,20240624,64,24,33,1,4068.92,5,3865.47
15134,20240414,93,16,63,2,4029.05,5,7655.19
15135,20251002,89,17,188,2,4062.25,0,8124.5
15136,20241005,91,17,30,3,6185.93,10,16702.01
15137,20250723,58,6,328,1,5200.5,20,4160.4
15138,20240113,56,15,201,1,7088.96,5,6734.51
15139,20241225,85,9,,1,6169.54,15,5244.11
15140,20240617,110,2,343,3,3839.63,0,11518.89
15141,20240730,20,18,382,1,1915.63,15,1628.29
15142,20251002,8,21,371,1,3576.07,0,3576.07
15143,20251005,31,17,,1,7243.85,0,7243.85
15144,20241205,4,25,78,1,1722.15,0,1722.15
15145,20240730,4,16,360,1,1722.15,5,1636.04
15146,20251201,44,21,328,1,4747.67,20,3798.14
15147,20251012,40,25,270,1,6858.19,0,6858.19
15148,20251018,100,14,122,1,4823.15,0,4823.15
15149,20250303,7,17,252,1,4794.43,0,4794.43
15150,20251108,98,13,251,1,850.73,0,850.73
15151,20240301,11,22,,1,5902.88,0,5902.88
15152,20240712,80,23,28,2,5880.6,0,11761.2
15153,20251003,82,8,255,1,3179.41,0,3179.41
15154,20240121,7,5,10,1,4794.43,10,4314.99
15155,20250104,108,23,330,1,3374.55,0,3374.55
15156,20240930,40,20,35,2,6858.19,0,13716.38
15157,20251230,113,9,,3,4385.13,0,13155.39
15158,20250920,46,1,162,1,4179.48,5,3970.51
15159,20251209,17,11,115,2,1735.19,0,3470.38
15160,20250616,95,23,,1,3960.41,0,3960.41
15161,20240703,112,22,340,1,1434.74,0,1434.74
15162,20250903,93,7,229,1,4029.05,5,3827.6
15163,20250714,81,25,278,2,1242.05,0,2484.1
15164,20250219,55,25,16,1,735.67,0,735.67
15165,20250512,41,2,280,1,5693.66,10,5124.29
15166,20250202,21,25,282,1,1209.52,0,1209.52
15167,20250414,116,9,271,1,6480.7,5,6156.66
15168,20250825,16,3,54,1,4330.21,5,4113.7
15169,20251218,97,16,96,2,4779.12,5,9080.33
15170,20240312,37,7,,2,3761.37,0,7522.74
15171,20250807,57,2,247,1,3796.83,5,3606.99
15172,20240606,82,2,330,2,3179.41,0,6358.82
15173,20240701,47,2,356,1,2706.69,0,2706.69
15174,20240821,107,1,262,3,1952.14,0,5856.42
15175,20250818,72,4,288,1,1667.62,5,1584.24
15176,20240824,21,18,22,2,1209.52,10,2177.14
15177,20250608,109,5,341,1,2954.88,0,2954.88
15178,20240317,87,7,133,2,2952.23,15,5018.79
15179,20240409,8,21,,2,3576.07,0,7152.14
15180,20241219,76,23,,1,5042.37,10,4538.13
15181,20240923,44,7,153,1,4747.67,0,4747.67
15182,20250117,48,18,308,2,2551.26,0,5102.52
15183,20250628,30,4,,3,3704.61,20,8891.06
15184,20240225,96,22,400,1,3006.66,0,3006.66
15185,20240918,94,3,141,1,1460.17,0,1460.17
15186,20241103,27,17,255,2,1220.37,15,2074.63
15187,20250102,116,9,399,1,6480.7,10,5832.63
15188,20251017,47,22,286,1,2706.69,0,2706.69
15189,20241119,19,13,187,1,3799.68,0,3799.68
15190,20251224,27,3,128,2,1220.37,0,2440.74
15191,20240410,84,14,288,1,4822.61,0,4822.61
15192,20240813,48,16,113,1,2551.26,20,2041.01
15193,20250720,99,1,26,3,4915.0,10,13270.5
15194,20240512,30,21,73,1,3704.61,0,3704.61
15195,20240325,76,24,11,1,5042.37,0,5042.37
15196,20250919,2,13,229,1,882.35,5,838.23
15197,20241122,92,17,,2,2008.22,5,3815.62
15198,20251130,13,24,244,1,4729.21,0,4729.21
15199,20240402,60,2,81,2,4273.1,15,7264.27
15200,20250708,104,20,208,1,6527.04,5,6200.69
15201,20240315,76,20,266,1,5042.37,0,5042.37
15202,20241008,25,9,241,1,659.99,0,659.99
15203,20240908,56,1,42,1,7088.96,0,7088.96
15204,20251121,16,5,309,1,4330.21,0,4330.21
15205,20250822,99,17,135,2,4915.0,10,8847.0
15206,20250220,41,5,271,1,5693.66,0,5693.66
15207,20240517,26,9,157,1,1355.83,15,1152.46
15208,20240510,45,24,289,1,1364.28,5,1296.07
15209,20240328,2,7,147,2,882.35,5,1676.46
15210,20240415,48,10,318,2,2551.26,5,4847.39
15211,20250617,10,23,356,2,3316.3,0,6632.6
15212,20240121,68,7,88,1,1648.1,0,1648.1
15213,20240718,35,16,,1,3748.04,0,3748.04
15214,20250108,33,4,345,1,2291.4,0,2291.4
15215,20240515,79,22,322,1,1528.97,0,1528.97
15216,20240406,61,22,372,4,5731.62,5,21780.16
15217,20240810,2,4,36,1,882.35,15,750.0
15218,20250927,38,22,258,1,1729.74,0,1729.74
15219,20241204,53,16,382,3,1453.18,20,3487.63
15220,20250531,113,14,352,1,4385.13,0,4385.13
15221,20250203,16,18,373,1,4330.21,0,4330.21
15222,20240411,105,3,108,1,2890.92,5,2746.37
15223,20240505,56,13,50,1,7088.96,0,7088.96
15224,20250501,25,13,,4,659.99,0,2639.96
15225,20240925,82,18,258,2,3179.41,0,6358.82
15226,20250516,40,21,175,1,6858.19,10,6172.37
15227,20241001,98,3,375,1,850.73,10,765.66
15228,20240419,103,22,390,4,5201.47,5,19765.59
15229,20251017,87,20,387,1,2952.23,0,2952.23
15230,20250318,90,25,10,3,3873.38,0,11620.14
15231,20241009,116,19,,1,6480.7,0,6480.7
15232,20251013,35,15,85,4,3748.04,0,14992.16
15233,20250131,106,8,,1,717.87,10,646.08
15234,20240330,46,15,114,1,4179.48,5,3970.51
15235,20240817,49,9,123,1,3974.14,20,3179.31
15236,20250128,103,20,384,1,5201.47,0,5201.47
15237,20251004,56,15,159,1,7088.96,0,7088.96
15238,20250517,111,2,,1,1506.58,0,1506.58
15239,20240411,7,6,316,2,4794.43,0,9588.86
15240,20241114,113,22,260,1,4385.13,0,4385.13
15241,20250210,73,2,123,2,6348.65,0,12697.3
15242,20240731,8,9,316,3,3576.07,10,9655.39
15243,20250914,56,21,234,1,7088.96,20,5671.17
15244,20241119,57,13,,1,3796.83,5,3606.99
15245,20240119,97,24,90,3,4779.12,0,14337.36
15246,20240123,19,10,285,2,3799.68,15,6459.46
15247,20240116,79,17,373,1,1528.97,5,1452.52
15248,20240809,28,10,174,3,3988.05,10,10767.74
15249,20241020,58,1,64,1,5200.5,0,5200.5
15250,20240827,50,11,372,1,3814.05,0,3814.05
15251,20251001,74,16,,2,3249.83,10,5849.69
15252,20251202,98,14,374,1,850.73,0,850.73
15253,20250813,39,11,279,3,3883.73,5,11068.63
15254,20241123,97,2,400,2,4779.12,0,9558.24
15255,20240727,81,24,266,1,1242.05,5,1179.95
15256,20240607,22,15,186,1,6438.69,0,6438.69
15257,20250427,58,5,264,2,5200.5,0,10401.0
15258,20240603,44,14,97,2,4747.67,5,9020.57
15259,20241106,53,18,126,1,1453.18,10,1307.86
15260,20250529,36,21,,1,682.61,0,682.61
15261,20250530,48,17,123,1,2551.26,15,2168.57
15262,20241108,104,1,204,1,6527.04,5,6200.69
15263,20251021,63,15,,3,4196.34,0,12589.02
15264,20240905,83,17,,1,2689.64,20,2151.71
15265,20250902,6,2,94,3,843.99,0,2531.97
15266,20240102,64,7,117,2,4068.92,10,7324.06
15267,20240223,37,2,311,1,3761.37,20,3009.1
15268,20250308,15,5,191,1,4621.37,5,4390.3
15269,20250919,25,8,342,1,659.99,0,659.99
15270,20250404,117,9,190,2,5631.66,0,11263.32
15271,20251029,83,15,88,1,2689.64,10,2420.68
15272,20240705,4,9,292,1,1722.15,20,1377.72
15273,20240801,3,8,190,1,2631.02,0,2631.02
15274,20250704,61,17,353,1,5731.62,0,5731.62
15275,20241224,120,1,348,1,5078.17,0,5078.17
15276,20240804,26,14,265,4,1355.83,5,5152.15
15277,20250916,92,8,1,1,2008.22,0,2008.22
15278,20251024,24,4,161,1,3205.37,20,2564.3
15279,20241214,58,18,108,1,5200.5,0,5200.5
15280,20241227,1,18,261,1,1005.84,0,1005.84
15281,20241116,86,15,335,1,4002.37,10,3602.13
15282,20240529,65,22,132,1,3541.34,0,3541.34
15283,20250819,51,11,295,1,2879.69,0,2879.69
15284,20240325,1,14,332,1,1005.84,0,1005.84
15285,20251006,117,15,398,2,5631.66,0,11263.32
15286,20250130,43,12,396,1,3747.63,20,2998.1
15287,20251110,92,25,108,1,2008.22,0,2008.22
15288,20240516,79,21,127,1,1528.97,10,1376.07
15289,20241230,23,8,5,1,5336.87,0,5336.87
15290,20240326,55,14,74,2,735.67,15,1250.64
15291,20240826,9,19,174,2,4835.47,0,9670.94
15292,20250928,79,23,215,2,1528.97,5,2905.04
15293,20241107,106,13,138,2,717.87,0,1435.74
15294,20240501,38,7,8,1,1729.74,0,1729.74
15295,20241007,55,6,294,2,735.67,10,1324.21
15296,20241012,14,5,14,1,4823.13,5,4581.97
15297,20250918,26,1,386,1,1355.83,0,1355.83
15298,20240303,84,1,211,1,4822.61,0,4822.61
15299,20241008,14,3,234,4,4823.13,10,17363.27
15300,20240815,76,11,183,1,5042.37,0,5042.37
15301,20250314,3,14,238,2,2631.02,0,5262.04
15302,20250708,25,3,223,3,659.99,5,1880.97
15303,20240721,95,1,79,2,3960.41,0,7920.82
15304,20250807,113,12,75,1,4385.13,0,4385.13
15305,20240624,118,23,133,1,5698.72,5,5413.78
15306,20250329,81,11,188,1,1242.05,0,1242.05
15307,20240430,25,18,67,3,659.99,0,1979.97
15308,20250723,60,11,304,2,4273.1,5,8118.89
15309,20250721,95,25,396,2,3960.41,0,7920.82
15310,20240510,7,5,327,2,4794.43,0,9588.86
15311,20250603,58,13,247,2,5200.5,0,10401.0
15312,20250318,61,7,190,1,5731.62,0,5731.62
15313,20241002,16,15,,1,4330.21,0,4330.21
15314,20250125,72,11,,2,1667.62,5,3168.48
15315,20240108,60,13,62,1,4273.1,15,3632.14
15316,20240127,110,25,17,4,3839.63,0,15358.52
15317,20250207,68,14,,1,1648.1,15,1400.88
15318,20241005,40,19,134,1,6858.19,10,6172.37
15319,20250110,85,25,326,2,6169.54,0,12339.08
15320,20251103,62,22,,1,978.5,5,929.57
15321,20240602,12,20,30,1,1690.47,20,1352.38
15322,20241120,4,15,150,1,1722.15,0,1722.15
15323,20250811,99,22,277,1,4915.0,0,4915.0
15324,20251126,118,11,,2,5698.72,0,11397.44
15325,20240908,37,2,314,1,3761.37,0,3761.37
15326,20240622,3,14,138,1,2631.02,0,2631.02
15327,20240816,40,17,136,3,6858.19,0,20574.57
15328,20240615,13,7,216,1,4729.21,0,4729.21
15329,20251019,57,4,264,1,3796.83,5,3606.99
15330,20250421,9,8,129,1,4835.47,0,4835.47
15331,20241014,47,18,221,2,2706.69,0,5413.38
15332,20241012,109,17,113,2,2954.88,15,5023.3
15333,20250606,115,20,373,1,2419.05,0,2419.05
15334,20240914,37,19,35,2,3761.37,0,7522.74
15335,20250919,104,11,58,2,6527.04,0,13054.08
15336,20251014,66,22,346,1,6204.11,0,6204.11
15337,20250830,60,20,14,1,4273.1,5,4059.45
15338,20251102,63,17,,1,4196.34,15,3566.89
15339,20240811,27,6,350,2,1220.37,10,2196.67
15340,20240719,14,6,343,2,4823.13,20,7717.01
15341,20240415,100,22,225,1,4823.15,0,4823.15
15342,20251117,53,16,123,1,1453.18,15,1235.2
15343,20250722,47,22,,1,2706.69,0,2706.69
15344,20240213,16,5,89,1,4330.21,0,4330.21
15345,20241026,20,3,183,1,1915.63,0,1915.63
15346,20250219,42,15,93,1,2401.74,15,2041.48
15347,20240930,93,12,299,1,4029.05,0,4029.05
15348,20240429,71,12,26,1,3918.6,5,3722.67
15349,20240218,116,23,266,1,6480.7,15,5508.59
15350,20250529,48,1,395,2,2551.26,0,5102.52
15351,20240918,16,1,115,1,4330.21,0,4330.21
15352,20250625,107,17,183,1,1952.14,0,1952.14
15353,20241116,83,9,269,1,2689.64,0,2689.64
15354,20251101,103,9,381,1,5201.47,0,5201.47
15355,20240831,38,1,93,1,1729.74,20,1383.79
15356,20251024,57,24,390,1,3796.83,0,3796.83
15357,20250530,111,18,121,1,1506.58,15,1280.59
15358,20241024,41,20,,1,5693.66,0,5693.66
15359,20250416,81,17,383,2,1242.05,5,2359.89
15360,20241030,74,10,38,1,3249.83,10,2924.85
15361,20240925,73,25,321,2,6348.65,10,11427.57
15362,20251031,70,19,241,3,3349.78,0,10049.34
15363,20250302,92,10,166,1,2008.22,5,1907.81
15364,20240226,109,1,260,1,2954.88,0,2954.88
15365,20240216,114,3,112,1,3973.22,0,3973.22
15366,20250819,101,22,286,1,1131.31,0,1131.31
15367,20250819,64,17,301,1,4068.92,0,4068.92
15368,20240129,60,4,65,1,4273.1,0,4273.1
15369,20250611,5,22,125,2,2284.3,0,4568.6
15370,20240116,78,4,,1,1807.55,0,1807.55
15371,20241101,66,18,251,2,6204.11,0,12408.22
15372,20241223,109,14,358,1,2954.88,5,2807.14
15373,20241028,78,21,173,1,1807.55,0,1807.55
15374,20240101,53,20,,1,1453.18,15,1235.2
15375,20240127,26,18,164,1,1355.83,0,1355.83
15376,20250807,49,13,348,1,3974.14,0,3974.14
15377,20250401,97,20,113,2,4779.12,0,9558.24
15378,20250524,77,5,171,1,5233.57,0,5233.57
15379,20241201,58,19,235,1,5200.5,15,4420.43
15380,20240106,103,5,192,1,5201.47,0,5201.47
15381,20251213,110,17,,1,3839.63,10,3455.67
15382,20240918,104,13,,1,6527.04,0,6527.04
15383,20241213,72,1,342,1,1667.62,0,1667.62
15384,20250803,47,24,2,1,2706.69,5,2571.36
15385,20250513,96,5,245,1,3006.66,0,3006.66
15386,20250626,120,12,350,2,5078.17,0,10156.34
15387,20240808,23,24,86,1,5336.87,0,5336.87
15388,20241228,83,16,390,2,2689.64,0,5379.28
15389,20240919,33,22,28,1,2291.4,10,2062.26
15390,20240924,24,3,171,2,3205.37,10,5769.67
15391,20241110,87,15,364,2,2952.23,15,5018.79
15392,20250422,86,14,333,1,4002.37,10,3602.13
15393,20251215,107,16,169,3,1952.14,0,5856.42
15394,20240719,19,14,198,4,3799.68,0,15198.72
15395,20240625,102,18,48,1,616.26,5,585.45
15396,20240921,116,9,325,1,6480.7,5,6156.66
15397,20250810,54,8,265,1,2808.33,0,2808.33
15398,20240722,68,9,46,2,1648.1,0,3296.2
15399,20240106,114,24,344,1,3973.22,5,3774.56
15400,20240828,4,7,358,2,1722.15,0,3444.3
15401,20240127,78,12,81,1,1807.55,0,1807.55
15402,20241225,64,12,59,1,4068.92,0,4068.92
15403,20240921,107,5,33,1,1952.14,5,1854.53
15404,20250312,36,13,120,1,682.61,0,682.61
15405,20250424,50,25,222,2,3814.05,0,7628.1
15406,20240304,89,5,94,1,4062.25,0,4062.25
15407,20250705,68,12,321,1,1648.1,5,1565.69
15408,20240506,49,23,230,1,3974.14,5,3775.43
15409,20250506,82,9,,1,3179.41,0,3179.41
15410,20250617,15,8,,2,4621.37,20,7394.19
15411,20240105,30,11,44,1,3704.61,10,3334.15
15412,20251003,83,21,130,2,2689.64,15,4572.39
15413,20240620,25,13,334,1,659.99,0,659.99
15414,20240923,58,15,114,1,5200.5,0,5200.5
15415,20240406,14,16,24,1,4823.13,0,4823.13
15416,20250801,93,24,375,1,4029.05,0,4029.05
15417,20240607,100,22,204,1,4823.15,0,4823.15
15418,20250428,84,16,30,1,4822.61,15,4099.22
15419,20250601,25,20,73,1,659.99,0,659.99
15420,20240319,87,11,311,1,2952.23,5,2804.62
15421,20250621,27,15,239,2,1220.37,20,1952.59
15422,20240602,120,7,179,1,5078.17,15,4316.44
15423,20241221,11,24,400,1,5902.88,0,5902.88
15424,20251020,43,25,49,2,3747.63,0,7495.26
15425,20241230,66,12,385,1,6204.11,0,6204.11
15426,20250124,19,11,27,1,3799.68,5,3609.7
15427,20240314,9,4,259,3,4835.47,0,14506.41
15428,20250529,15,6,182,1,4621.37,0,4621.37
15429,20241005,81,8,69,1,1242.05,0,1242.05
15430,20241006,64,3,389,1,4068.92,0,4068.92
15431,20240203,66,2,299,1,6204.11,0,6204.11
15432,20250108,26,10,122,1,1355.83,0,1355.83
15433,20250218,6,9,78,2,843.99,0,1687.98
15434,20250812,18,7,83,2,5185.3,0,10370.6
15435,20250115,2,6,275,1,882.35,20,705.88
15436,20250930,34,14,282,3,1322.31,15,3371.89
15437,20241208,30,16,273,1,3704.61,10,3334.15
15438,20250825,68,14,60,1,1648.1,20,1318.48
15439,20241010,89,17,219,2,4062.25,5,7718.27
15440,20250320,41,19,187,1,5693.66,0,5693.66
15441,20250108,62,23,,1,978.5,5,929.57
15442,20240613,86,16,61,3,4002.37,5,11406.75
15443,20251023,82,8,228,1,3179.41,5,3020.44
15444,20240803,77,8,190,2,5233.57,0,10467.14
15445,20250915,23,6,49,3,5336.87,0,16010.61
15446,20250427,108,21,7,1,3374.55,0,3374.55
15447,20240725,93,16,271,1,4029.05,5,3827.6
15448,20240530,3,11,127,1,2631.02,15,2236.37
15449,20251123,114,16,40,1,3973.22,0,3973.22
15450,20250402,95,20,114,1,3960.41,5,3762.39
15451,20240525,11,13,352,1,5902.88,0,5902.88
15452,20241212,95,1,345,1,3960.41,15,3366.35
15453,20250503,67,16,117,1,4800.44,0,4800.44
15454,20250427,46,6,255,1,4179.48,5,3970.51
15455,20240714,49,10,69,1,3974.14,5,3775.43
15456,20250210,105,13,400,1,2890.92,0,2890.92
15457,20250319,84,8,,3,4822.61,10,13021.05
15458,20251127,22,4,88,2,6438.69,5,12233.51
15459,20240909,93,11,117,1,4029.05,0,4029.05
15460,20250613,14,1,288,1,4823.13,10,4340.82
15461,20240519,80,9,120,1,5880.6,10,5292.54
15462,20250421,38,19,372,1,1729.74,5,1643.25
15463,20240428,1,20,191,1,1005.84,0,1005.84
15464,20250514,86,24,336,1,4002.37,20,3201.9
15465,20250810,51,1,31,1,2879.69,5,2735.71
15466,20240728,47,9,232,3,2706.69,15,6902.06
15467,20250908,28,3,325,1,3988.05,0,3988.05
15468,20240513,101,8,343,4,1131.31,5,4298.98
15469,20250315,56,19,218,3,7088.96,0,21266.88
15470,20240424,46,19,239,1,4179.48,0,4179.48
15471,20240711,4,12,59,1,1722.15,15,1463.83
15472,20240128,47,22,,1,2706.69,10,2436.02
15473,20240727,66,23,149,1,6204.11,0,6204.11
15474,20250727,14,19,70,1,4823.13,0,4823.13
15475,20240905,19,18,342,1,3799.68,0,3799.68
15476,20241225,50,10,164,2,3814.05,15,6483.89
15477,20240311,77,15,121,1,5233.57,0,5233.57
15478,20240529,38,6,66,1,1729.74,0,1729.74
15479,20240413,52,15,204,2,2796.94,0,5593.88
15480,20240718,67,25,144,1,4800.44,0,4800.44
15481,20241028,79,21,,1,1528.97,0,1528.97
15482,20240310,29,6,47,1,1567.62,0,1567.62
15483,20250420,77,11,357,1,5233.57,20,4186.86
15484,20251030,47,20,281,1,2706.69,5,2571.36
15485,20251213,81,24,400,1,1242.05,0,1242.05
15486,20240903,49,12,293,1,3974.14,0,3974.14
15487,20241213,19,22,,1,3799.68,0,3799.68
15488,20240330,19,17,,1,3799.68,10,3419.71
15489,20250812,91,4,106,2,6185.93,0,12371.86
15490,20250113,81,11,358,2,1242.05,0,2484.1
15491,20240220,14,2,350,1,4823.13,0,4823.13
15492,20240831,55,9,237,1,735.67,10,662.1
15493,20240524,87,13,111,1,2952.23,5,2804.62
15494,20250723,53,23,286,2,1453.18,5,2761.04
15495,20240309,65,24,202,1,3541.34,10,3187.21
15496,20240316,19,9,143,2,3799.68,0,7599.36
15497,20240528,33,2,38,1,2291.4,5,2176.83
15498,20240409,92,10,362,2,2008.22,0,4016.44
15499,20240404,110,15,363,1,3839.63,0,3839.63
15500,20241122,37,2,79,2,3761.37,10,6770.47
15501,20240303,54,9,159,2,2808.33,20,4493.33
15502,20250719,93,14,342,1,4029.05,5,3827.6
15503,20240710,56,17,237,2,7088.96,0,14177.92
15504,20240713,35,19,275,1,3748.04,0,3748.04
15505,20240906,115,14,,4,2419.05,10,8708.58
15506,20251129,45,2,383,2,1364.28,0,2728.56
15507,20241229,49,24,49,1,3974.14,20,3179.31
15508,20240314,11,2,203,2,5902.88,5,11215.47
15509,20240926,59,8,322,1,2020.12,0,2020.12
15510,20251123,68,9,,1,1648.1,5,1565.69
15511,20251229,90,18,163,3,3873.38,0,11620.14
15512,20240203,106,2,36,1,717.87,0,717.87
15513,20241120,1,7,13,2,1005.84,15,1709.93
15514,20250514,96,6,379,1,3006.66,0,3006.66
15515,20250713,35,20,125,1,3748.04,0,3748.04
15516,20250329,52,17,390,1,2796.94,15,2377.4
15517,20250710,70,8,216,1,3349.78,10,3014.8
15518,20251201,4,3,283,1,1722.15,0,1722.15
15519,20251207,88,1,188,2,2796.03,5,5312.46
15520,20240814,15,5,290,1,4621.37,0,4621.37
15521,20240820,105,24,,1,2890.92,0,2890.92
15522,20250830,111,10,327,2,1506.58,5,2862.5
15523,20240111,97,13,95,1,4779.12,5,4540.16
15524,20241128,22,10,132,1,6438.69,15,5472.89
15525,20240902,86,25,,1,4002.37,0,4002.37
15526,20250509,27,9,225,1,1220.37,15,1037.31
15527,20250411,112,19,27,2,1434.74,20,2295.58
15528,20250909,79,22,137,1,1528.97,10,1376.07
15529,20240523,4,11,246,2,1722.15,0,3444.3
15530,20251202,69,9,188,1,2128.62,0,2128.62
15531,20250502,93,8,,1,4029.05,0,4029.05
15532,20240826,93,21,5,1,4029.05,0,4029.05
15533,20250617,104,8,268,1,6527.04,5,6200.69
15534,20250414,23,14,220,1,5336.87,15,4536.34
15535,20250506,100,19,238,1,4823.15,0,4823.15
15536,20250910,12,23,232,1,1690.47,0,1690.47
15537,20240521,65,18,220,1,3541.34,5,3364.27
15538,20251111,45,23,112,1,1364.28,0,1364.28
15539,20250723,43,12,247,1,3747.63,0,3747.63
15540,20250524,69,5,307,1,2128.62,0,2128.62
15541,20250602,70,23,267,1,3349.78,0,3349.78
15542,20251008,13,19,225,1,4729.21,5,4492.75
15543,20250223,83,20,240,2,2689.64,10,4841.35
15544,20240718,15,9,136,1,4621.37,0,4621.37
15545,20241107,113,17,,1,4385.13,0,4385.13
15546,20250610,111,19,92,1,1506.58,10,1355.92
15547,20241213,71,6,,1,3918.6,0,3918.6
15548,20241025,113,10,271,1,4385.13,15,3727.36
15549,20250829,85,25,327,1,6169.54,0,6169.54
15550,20240307,91,10,,1,6185.93,0,6185.93
15551,20240918,54,12,40,1,2808.33,0,2808.33
15552,20240531,65,23,134,1,3541.34,0,3541.34
15553,20250423,80,25,341,2,5880.6,0,11761.2
15554,20250126,45,4,,2,1364.28,5,2592.13
15555,20250308,1,16,331,1,1005.84,5,955.55
15556,20240130,30,4,16,1,3704.61,5,3519.38
15557,20241208,115,24,186,2,2419.05,0,4838.1
15558,20250103,67,1,72,1,4800.44,0,4800.44
15559,20250317,76,14,70,2,5042.37,10,9076.27
15560,20241009,104,15,320,1,6527.04,5,6200.69
15561,20250302,73,5,333,1,6348.65,15,5396.35
15562,20240301,27,25,210,1,1220.37,15,1037.31
15563,20240228,37,1,157,1,3761.37,0,3761.37
15564,20240218,4,8,,2,1722.15,0,3444.3
15565,20240402,20,2,134,1,1915.63,0,1915.63
15566,20250218,26,15,37,1,1355.83,0,1355.83
15567,20250903,115,1,186,1,2419.05,0,2419.05
15568,20240804,16,3,233,1,4330.21,5,4113.7
15569,20241018,71,22,262,3,3918.6,5,11168.01
15570,20250503,8,4,221,1,3576.07,5,3397.27
15571,20240119,57,20,142,2,3796.83,15,6454.61
15572,20240702,34,18,45,1,1322.31,5,1256.19
15573,20250629,24,22,369,4,3205.37,15,10898.26
15574,20241001,110,1,,2,3839.63,0,7679.26
15575,20250518,79,9,261,1,1528.97,10,1376.07
15576,20251014,53,12,115,4,1453.18,10,5231.45
15577,20250805,109,12,198,2,2954.88,0,5909.76
15578,20240808,78,14,,1,1807.55,0,1807.55
15579,20240402,4,16,379,2,1722.15,20,2755.44
15580,20241016,59,5,355,1,2020.12,0,2020.12
15581,20240511,120,10,118,2,5078.17,5,9648.52
15582,20241113,68,9,,1,1648.1,0,1648.1
15583,20250929,110,8,75,1,3839.63,20,3071.7
15584,20250110,1,4,269,1,1005.84,0,1005.84
15585,20240810,45,7,387,3,1364.28,10,3683.56
15586,20250310,88,13,372,1,2796.03,0,2796.03
15587,20251004,6,6,240,2,843.99,0,1687.98
15588,20250807,10,3,,1,3316.3,10,2984.67
15589,20240919,102,17,55,2,616.26,10,1109.27
15590,20250301,62,25,,1,978.5,5,929.57
15591,20250424,43,14,385,1,3747.63,5,3560.25
15592,20241123,76,24,246,1,5042.37,0,5042.37
15593,20250723,106,21,175,1,717.87,0,717.87
15594,20250816,58,14,141,2,5200.5,10,9360.9
15595,20240224,60,3,32,1,4273.1,0,4273.1
15596,20251231,7,2,143,1,4794.43,15,4075.27
15597,20250110,85,23,260,2,6169.54,0,12339.08
15598,20240311,106,21,234,1,717.87,5,681.98
15599,20250830,95,10,228,2,3960.41,5,7524.78
15600,20240501,118,6,263,1,5698.72,0,5698.72
15601,20251207,90,23,,1,3873.38,0,3873.38
15602,20240703,30,16,220,1,3704.61,0,3704.61
15603,20250112,11,15,,2,5902.88,0,11805.76
15604,20241211,78,24,218,1,1807.55,5,1717.17
15605,20250514,93,19,42,1,4029.05,0,4029.05
15606,20251231,120,6,176,1,5078.17,0,5078.17
15607,20250301,77,6,127,1,5233.57,10,4710.21
15608,20240425,114,23,138,2,3973.22,10,7151.8
15609,20250127,5,7,375,1,2284.3,0,2284.3
15610,20240727,32,20,132,1,1604.88,5,1524.64
15611,20250228,3,14,,1,2631.02,0,2631.02
15612,20250620,47,10,160,2,2706.69,5,5142.71
15613,20240201,95,6,31,1,3960.41,5,3762.39
15614,20240419,34,2,214,1,1322.31,0,1322.31
15615,20240704,40,19,37,1,6858.19,10,6172.37
15616,20250502,42,25,112,3,2401.74,20,5764.18
15617,20240423,39,21,,1,3883.73,5,3689.54
15618,20250109,60,9,398,2,4273.1,5,8118.89
15619,20240928,59,6,223,3,2020.12,0,6060.36
15620,20240318,59,13,,1,2020.12,15,1717.1
15621,20250401,79,22,329,4,1528.97,0,6115.88
15622,20250825,68,22,37,1,1648.1,0,1648.1
15623,20240930,102,15,374,2,616.26,15,1047.64
15624,20250922,16,9,180,1,4330.21,0,4330.21
15625,20250123,11,20,89,1,5902.88,0,5902.88
15626,20240103,12,24,80,1,1690.47,5,1605.95
15627,20241224,46,23,269,2,4179.48,0,8358.96
15628,20250416,23,13,354,1,5336.87,5,5070.03
15629,20250808,27,10,,1,1220.37,0,1220.37
15630,20250425,33,12,336,3,2291.4,10,6186.78
15631,20240528,95,14,35,1,3960.41,0,3960.41
15632,20240126,93,20,104,1,4029.05,0,4029.05
15633,20250721,49,9,231,1,3974.14,10,3576.73
15634,20240915,32,20,394,3,1604.88,5,4573.91
15635,20240209,95,25,,1,3960.41,0,3960.41
15636,20250406,69,1,16,4,2128.62,10,7663.03
15637,20240905,26,2,397,1,1355.83,0,1355.83
15638,20250507,44,3,,1,4747.67,5,4510.29
15639,20250822,104,21,312,4,6527.04,15,22191.94
15640,20240506,86,12,12,1,4002.37,20,3201.9
15641,20250211,22,14,168,1,6438.69,0,6438.69
15642,20250515,42,7,278,3,2401.74,0,7205.22
15643,20241027,117,15,329,3,5631.66,5,16050.23
15644,20240404,44,17,115,1,4747.67,0,4747.67
15645,20250808,7,8,395,1,4794.43,0,4794.43
15646,20240703,85,6,390,1,6169.54,10,5552.59
15647,20251204,18,19,134,2,5185.3,10,9333.54
15648,20250615,62,5,214,1,978.5,20,782.8
15649,20240501,95,10,,2,3960.41,0,7920.82
15650,20240119,95,16,356,1,3960.41,5,3762.39
15651,20250126,86,12,247,1,4002.37,0,4002.37
15652,20240902,74,4,38,1,3249.83,5,3087.34
15653,20240915,92,3,,1,2008.22,0,2008.22
15654,20250212,90,9,310,1,3873.38,0,3873.38
15655,20251229,96,23,382,2,3006.66,0,6013.32
15656,20250327,94,21,67,1,1460.17,0,1460.17
15657,20240413,107,11,223,1,1952.14,0,1952.14
15658,20240721,79,22,139,3,1528.97,5,4357.56
15659,20241222,15,22,,1,4621.37,0,4621.37
15660,20241024,92,17,226,1,2008.22,15,1706.99
15661,20250808,43,11,136,1,3747.63,0,3747.63
15662,20240119,94,4,323,3,1460.17,0,4380.51
15663,20240426,108,18,305,2,3374.55,0,6749.1
15664,20250423,51,14,69,2,2879.69,0,5759.38
15665,20240910,2,15,152,2,882.35,0,1764.7
15666,20240407,89,9,206,1,4062.25,0,4062.25
15667,20240918,94,14,83,1,1460.17,0,1460.17
15668,20250305,97,24,182,1,4779.12,5,4540.16
15669,20250414,10,24,117,1,3316.3,5,3150.49
15670,20250325,112,21,124,2,1434.74,0,2869.48
15671,20240920,68,17,245,1,1648.1,5,1565.69
15672,20251117,107,13,156,1,1952.14,0,1952.14
15673,20241208,10,13,80,1,3316.3,10,2984.67
15674,20240602,39,8,325,1,3883.73,0,3883.73
15675,20251117,60,21,138,3,4273.1,5,12178.34
15676,20251018,25,22,43,1,659.99,10,593.99
15677,20240922,120,6,201,1,5078.17,0,5078.17
15678,20250522,17,19,391,1,1735.19,5,1648.43
15679,20250218,3,16,253,2,2631.02,0,5262.04
15680,20250902,104,15,70,2,6527.04,15,11095.97
15681,20240307,89,25,66,4,4062.25,5,15436.55
15682,20250730,92,24,238,1,2008.22,0,2008.22
15683,20251016,28,18,310,3,3988.05,15,10169.53
15684,20240713,88,9,287,1,2796.03,0,2796.03
15685,20251217,23,24,248,1,5336.87,0,5336.87
15686,20241115,46,2,287,1,4179.48,0,4179.48
15687,20250208,62,13,210,1,978.5,0,978.5
15688,20250927,111,10,204,1,1506.58,0,1506.58
15689,20250421,105,23,203,2,2890.92,0,5781.84
15690,20240205,46,18,353,1,4179.48,0,4179.48
15691,20251030,103,15,,2,5201.47,5,9882.79
15692,20250616,27,6,109,1,1220.37,0,1220.37
15693,20241018,64,3,184,2,4068.92,15,6917.16
15694,20251013,40,22,,1,6858.19,5,6515.28
15695,20251203,51,23,369,2,2879.69,0,5759.38
15696,20250808,78,22,233,2,1807.55,0,3615.1
15697,20251211,99,15,140,2,4915.0,0,9830.0
15698,20250329,45,22,11,2,1364.28,15,2319.28
15699,20250608,7,20,174,1,4794.43,0,4794.43
15700,20240307,88,13,263,1,2796.03,15,2376.63
15701,20250319,26,12,80,1,1355.83,5,1288.04
15702,20250926,14,21,277,1,4823.13,0,4823.13
15703,20241106,48,22,344,1,2551.26,5,2423.7
15704,20240515,10,13,,3,3316.3,15,8456.57
15705,20250904,74,11,265,2,3249.83,20,5199.73
15706,20241010,18,23,333,2,5185.3,10,9333.54
15707,20240309,109,24,,1,2954.88,0,2954.88
15708,20240131,62,12,248,2,978.5,20,1565.6
15709,20241017,22,6,305,2,6438.69,5,12233.51
15710,20250323,22,13,141,1,6438.69,0,6438.69
15711,20240512,105,15,268,1,2890.92,0,2890.92
15712,20251123,98,19,196,4,850.73,0,3402.92
15713,20250414,94,15,347,1,1460.17,15,1241.14
15714,20240216,31,4,20,1,7243.85,0,7243.85
15715,20250115,45,3,296,1,1364.28,0,1364.28
15716,20240206,97,11,37,1,4779.12,20,3823.3
15717,20250423,11,17,234,1,5902.88,0,5902.88
15718,20240630,28,4,63,1,3988.05,0,3988.05
15719,20251128,62,8,,1,978.5,5,929.57
15720,20251119,76,24,227,1,5042.37,20,4033.9
15721,20250301,96,17,206,2,3006.66,0,6013.32
15722,20241001,45,24,303,3,1364.28,20,3274.27
15723,20250306,28,10,203,1,3988.05,0,3988.05
15724,20251230,110,5,28,1,3839.63,10,3455.67
15725,20241204,79,8,284,1,1528.97,0,1528.97
15726,20250312,63,14,81,2,4196.34,0,8392.68
15727,20250330,117,22,90,2,5631.66,0,11263.32
15728,20240331,18,6,281,1,5185.3,15,4407.51
15729,20240111,72,18,237,3,1667.62,0,5002.86
15730,20241110,36,10,21,2,682.61,0,1365.22
15731,20250430,25,25,360,1,659.99,0,659.99
15732,20240712,51,11,162,1,2879.69,5,2735.71
15733,20241120,91,13,348,1,6185.93,10,5567.34
15734,20240115,45,2,205,2,1364.28,0,2728.56
15735,20250513,49,12,13,1,3974.14,0,3974.14
15736,20250803,27,1,159,2,1220.37,10,2196.67
15737,20240131,81,24,223,1,1242.05,0,1242.05
15738,20240521,35,20,282,1,3748.04,0,3748.04
15739,20240412,30,21,97,1,3704.61,10,3334.15
15740,20250423,35,6,138,1,3748.04,0,3748.04
15741,20241128,12,15,186,1,1690.47,0,1690.47
15742,20241205,69,17,210,1,2128.62,0,2128.62
15743,20240325,50,11,223,1,3814.05,0,3814.05
15744,20240302,46,6,231,2,4179.48,15,7105.12
15745,20240403,57,2,148,1,3796.83,0,3796.83
15746,20251028,64,13,,1,4068.92,0,4068.92
15747,20240704,82,22,130,1,3179.41,5,3020.44
15748,20241205,10,19,240,1,3316.3,0,3316.3
15749,20251227,96,5,213,2,3006.66,15,5111.32
15750,20240102,41,16,,1,5693.66,0,5693.66
15751,20250501,65,21,209,1,3541.34,0,3541.34
15752,20250714,104,8,107,2,6527.04,5,12401.38
15753,20250606,31,12,250,2,7243.85,0,14487.7
15754,20240406,12,19,,1,1690.47,0,1690.47
15755,20240106,96,13,,1,3006.66,10,2705.99
15756,20250910,56,25,261,1,7088.96,0,7088.96
15757,20240304,9,25,,1,4835.47,15,4110.15
15758,20250307,48,24,70,1,2551.26,15,2168.57
15759,20250327,71,25,143,1,3918.6,0,3918.6
15760,20250811,117,11,160,2,5631.66,0,11263.32
15761,20250914,61,1,101,1,5731.62,15,4871.88
15762,20251121,45,24,292,1,1364.28,0,1364.28
15763,20250216,43,1,,1,3747.63,0,3747.63
15764,20240805,68,23,299,2,1648.1,5,3131.39
15765,20250928,98,4,125,1,850.73,10,765.66
15766,20240909,30,13,284,1,3704.61,0,3704.61
15767,20240606,110,15,121,1,3839.63,0,3839.63
15768,20241105,46,8,223,1,4179.48,0,4179.48
15769,20251229,8,3,251,1,3576.07,0,3576.07
15770,20250702,64,3,,2,4068.92,0,8137.84
15771,20251228,17,6,188,1,1735.19,0,1735.19
15772,20241121,105,20,210,1,2890.92,20,2312.74
15773,20241031,19,1,227,3,3799.68,0,11399.04
15774,20250921,35,9,261,2,3748.04,10,6746.47
15775,20240530,4,23,290,1,1722.15,5,1636.04
15776,20240118,104,19,132,1,6527.04,0,6527.04
15777,20250621,73,7,354,1,6348.65,5,6031.22
15778,20250611,9,3,97,1,4835.47,0,4835.47
15779,20240809,70,5,233,1,3349.78,0,3349.78
15780,20250523,26,4,162,2,1355.83,0,2711.66
15781,20250503,34,8,297,1,1322.31,15,1123.96
15782,20240128,106,21,98,2,717.87,0,1435.74
15783,20250606,52,8,,1,2796.94,0,2796.94
15784,20241024,14,20,259,1,4823.13,15,4099.66
15785,20250218,31,4,271,1,7243.85,0,7243.85
15786,20250224,87,7,349,1,2952.23,0,2952.23
15787,20250830,35,13,22,4,3748.04,10,13492.94
15788,20251105,63,13,328,1,4196.34,0,4196.34
15789,20250726,7,7,150,2,4794.43,0,9588.86
15790,20240114,56,20,16,2,7088.96,0,14177.92
15791,20241229,49,9,198,1,3974.14,0,3974.14
15792,20250928,2,14,76,1,882.35,0,882.35
15793,20250920,68,1,74,1,1648.1,0,1648.1
15794,20240327,109,8,261,1,2954.88,5,2807.14
15795,20250222,21,20,355,1,1209.52,0,1209.52
15796,20250913,20,7,54,1,1915.63,0,1915.63
15797,20250306,57,12,114,3,3796.83,0,11390.49
15798,20251101,27,24,245,1,1220.37,5,1159.35
15799,20250924,65,16,370,1,3541.34,15,3010.14
15800,20250211,69,23,123,1,2128.62,5,2022.19
15801,20241215,115,25,398,1,2419.05,15,2056.19
15802,20250802,101,11,102,1,1131.31,5,1074.74
15803,20250721,27,22,,1,1220.37,20,976.3
15804,20250723,48,24,233,2,2551.26,0,5102.52
15805,20250118,79,22,71,1,1528.97,10,1376.07
15806,20241217,97,17,62,1,4779.12,15,4062.25
15807,20250606,4,10,287,2,1722.15,10,3099.87
15808,20250826,83,24,390,1,2689.64,5,2555.16
15809,20240409,68,25,273,1,1648.1,15,1400.88
15810,20240917,5,15,70,1,2284.3,5,2170.09
15811,20250630,114,7,,1,3973.22,0,3973.22
15812,20250515,86,1,185,1,4002.37,20,3201.9
15813,20250516,32,16,104,1,1604.88,5,1524.64
15814,20250529,106,15,,2,717.87,5,1363.95
15815,20250208,10,19,126,2,3316.3,10,5969.34
15816,20240703,23,1,187,3,5336.87,0,16010.61
15817,20250709,105,4,85,2,2890.92,5,5492.75
15818,20250323,95,8,,1,3960.41,0,3960.41
15819,20240911,53,13,354,2,1453.18,0,2906.36
15820,20250429,77,25,,1,5233.57,5,4971.89
15821,20240821,91,10,116,1,6185.93,0,6185.93
15822,20241019,57,13,85,1,3796.83,0,3796.83
15823,20240530,77,22,259,3,5233.57,0,15700.71
15824,20241028,7,9,252,3,4794.43,0,14383.29
15825,20240910,114,6,392,1,3973.22,10,3575.9
15826,20250710,89,10,325,1,4062.25,5,3859.14
15827,20250227,75,11,341,1,2266.5,0,2266.5
15828,20250217,84,17,327,1,4822.61,5,4581.48
15829,20240530,67,3,248,1,4800.44,0,4800.44
15830,20240103,41,6,386,1,5693.66,0,5693.66
15831,20250525,118,18,37,2,5698.72,0,11397.44
15832,20241009,19,20,326,1,3799.68,0,3799.68
15833,20250505,50,21,165,2,3814.05,20,6102.48
15834,20240113,9,17,231,1,4835.47,0,4835.47
15835,20250927,48,11,375,1,2551.26,5,2423.7
15836,20240927,28,21,331,3,3988.05,0,11964.15
15837,20240408,119,15,,1,2956.72,0,2956.72
15838,20240513,8,10,157,1,3576.07,0,3576.07
15839,20250426,34,3,346,3,1322.31,0,3966.93
15840,20241107,54,13,119,1,2808.33,0,2808.33
15841,20241103,77,2,353,1,5233.57,0,5233.57
15842,20250409,115,6,285,1,2419.05,0,2419.05
15843,20240419,85,3,104,1,6169.54,5,5861.06
15844,20240405,25,5,,1,659.99,0,659.99
15845,20250126,19,13,219,1,3799.68,10,3419.71
15846,20240129,28,14,1,2,3988.05,10,7178.49
15847,20250405,21,6,237,1,1209.52,5,1149.04
15848,20240509,14,2,387,1,4823.13,10,4340.82
15849,20241109,20,16,33,1,1915.63,10,1724.07
15850,20250901,105,14,251,3,2890.92,0,8672.76
15851,20241201,27,12,129,1,1220.37,20,976.3
15852,20250911,87,10,8,1,2952.23,0,2952.23
15853,20250610,12,18,42,2,1690.47,0,3380.94
15854,20240205,78,16,96,1,1807.55,5,1717.17
15855,20240801,57,7,106,1,3796.83,15,3227.31
15856,20240608,95,8,368,1,3960.41,10,3564.37
15857,20241102,38,23,148,1,1729.74,5,1643.25
15858,20240906,18,17,223,1,5185.3,0,5185.3
15859,20251124,49,18,380,4,3974.14,0,15896.56
15860,20240103,103,17,341,2,5201.47,0,10402.94
15861,20240212,94,6,,2,1460.17,0,2920.34
15862,20250528,6,13,,2,843.99,10,1519.18
15863,20240321,94,23,326,1,1460.17,10,1314.15
15864,20240922,37,17,304,1,3761.37,0,3761.37
15865,20250125,96,23,283,1,3006.66,0,3006.66
15866,20251230,38,6,94,2,1729.74,5,3286.51
15867,20241026,10,4,166,2,3316.3,10,5969.34
15868,20250214,45,16,12,1,1364.28,0,1364.28
15869,20250613,31,9,26,1,7243.85,0,7243.85
15870,20250911,45,11,337,1,1364.28,10,1227.85
15871,20240717,41,5,94,1,5693.66,0,5693.66
15872,20250715,96,6,50,1,3006.66,15,2555.66
15873,20251019,113,14,23,1,4385.13,0,4385.13
15874,20240717,81,13,87,1,1242.05,0,1242.05
15875,20250126,30,11,246,1,3704.61,15,3148.92
15876,20240803,104,10,312,1,6527.04,0,6527.04
15877,20251208,33,16,205,3,2291.4,5,6530.49
15878,20241119,78,6,258,1,1807.55,10,1626.8
15879,20250420,108,8,,2,3374.55,0,6749.1
15880,20251004,42,6,113,1,2401.74,10,2161.57
15881,20240917,43,9,44,1,3747.63,0,3747.63
15882,20241220,48,11,298,1,2551.26,0,2551.26
15883,20250516,64,14,,1,4068.92,10,3662.03
15884,20250527,8,25,394,2,3576.07,10,6436.93
15885,20240111,3,21,220,2,2631.02,0,5262.04
15886,20250715,23,7,270,1,5336.87,0,5336.87
15887,20250711,57,18,45,1,3796.83,5,3606.99
15888,20250907,8,10,395,1,3576.07,0,3576.07
15889,20250122,50,9,30,1,3814.05,10,3432.65
15890,20240604,114,23,338,2,3973.22,0,7946.44
15891,20241114,115,17,132,1,2419.05,0,2419.05
15892,20240604,63,8,188,1,4196.34,10,3776.71
15893,20250106,116,13,185,1,6480.7,10,5832.63
15894,20250626,38,16,213,1,1729.74,0,1729.74
15895,20240606,67,17,351,1,4800.44,5,4560.42
15896,20250420,16,8,242,1,4330.21,10,3897.19
15897,20250222,77,24,126,1,5233.57,5,4971.89
15898,20250101,115,23,52,2,2419.05,5,4596.19
15899,20250421,119,11,118,1,2956.72,0,2956.72
15900,20250407,59,18,117,1,2020.12,5,1919.11
15901,20240706,91,16,29,1,6185.93,0,6185.93
15902,20250314,18,16,73,3,5185.3,0,15555.9
15903,20240306,81,8,205,1,1242.05,0,1242.05
15904,20250512,90,24,,1,3873.38,0,3873.38
15905,20241208,8,16,125,1,3576.07,0,3576.07
15906,20240129,61,9,393,3,5731.62,0,17194.86
15907,20250601,32,22,75,1,1604.88,0,1604.88
15908,20240420,93,6,299,1,4029.05,0,4029.05
15909,20240423,21,1,176,1,1209.52,0,1209.52
15910,20241203,51,22,118,1,2879.69,0,2879.69
15911,20250125,68,12,22,1,1648.1,0,1648.1
15912,20240922,10,23,222,2,3316.3,0,6632.6
15913,20240812,56,10,102,1,7088.96,20,5671.17
15914,20250518,42,2,307,2,2401.74,20,3842.78
15915,20250730,90,15,164,1,3873.38,0,3873.38
15916,20251114,97,20,8,1,4779.12,0,4779.12
15917,20251012,56,8,184,1,7088.96,0,7088.96
15918,20250817,43,6,190,1,3747.63,0,3747.63
15919,20241007,17,1,228,1,1735.19,0,1735.19
15920,20240315,32,1,209,1,1604.88,0,1604.88
15921,20241121,50,15,48,2,3814.05,5,7246.69
15922,20240527,100,5,276,1,4823.15,0,4823.15
15923,20250730,87,5,316,1,2952.23,0,2952.23
15924,20250118,38,22,37,1,1729.74,5,1643.25
15925,20251213,70,6,109,2,3349.78,0,6699.56
15926,20240115,24,10,,1,3205.37,15,2724.56
15927,20240203,27,11,158,1,1220.37,5,1159.35
15928,20251006,117,23,351,2,5631.66,0,11263.32
15929,20240209,106,3,200,1,717.87,0,717.87
15930,20250822,71,9,320,2,3918.6,5,7445.34
15931,20250625,98,23,323,2,850.73,0,1701.46
15932,20240408,23,23,332,1,5336.87,15,4536.34
15933,20250405,77,20,196,1,5233.57,0,5233.57
15934,20250530,83,22,3,1,2689.64,5,2555.16
15935,20240820,96,3,351,1,3006.66,5,2856.33
15936,20250516,4,10,,1,1722.15,0,1722.15
15937,20250326,70,13,10,1,3349.78,0,3349.78
15938,20240128,49,11,301,1,3974.14,0,3974.14
15939,20250626,99,3,123,1,4915.0,20,3932.0
15940,20250901,58,7,366,1,5200.5,15,4420.43
15941,20240324,11,11,76,1,5902.88,0,5902.88
15942,20250508,58,20,169,1,5200.5,5,4940.47
15943,20240809,119,1,73,1,2956.72,15,2513.21
15944,20250123,47,21,384,3,2706.69,5,7714.07
15945,20251104,117,17,388,1,5631.66,20,4505.33
15946,20250902,25,6,400,1,659.99,0,659.99
15947,20240426,67,22,,1,4800.44,0,4800.44
15948,20250728,98,11,86,1,850.73,5,808.19
15949,20250109,82,20,172,1,3179.41,0,3179.41
15950,20240303,2,12,59,4,882.35,0,3529.4
15951,20240217,104,9,259,1,6527.04,5,6200.69
15952,20241217,57,3,215,2,3796.83,0,7593.66
15953,20251112,63,6,203,1,4196.34,0,4196.34
15954,20240511,96,22,302,1,3006.66,5,2856.33
15955,20240905,81,20,75,2,1242.05,5,2359.89
15956,20240804,62,22,246,1,978.5,10,880.65
15957,20240415,38,1,15,1,1729.74,0,1729.74
15958,20241217,102,3,228,1,616.26,0,616.26
15959,20251114,116,13,,3,6480.7,0,19442.1
15960,20251015,114,15,287,2,3973.22,10,7151.8
15961,20240904,29,21,47,1,1567.62,5,1489.24
15962,20250610,11,25,,1,5902.88,0,5902.88
15963,20250608,32,14,214,2,1604.88,0,3209.76
15964,20240522,94,1,341,1,1460.17,0,1460.17
15965,20250518,3,20,82,1,2631.02,0,2631.02
15966,20240327,87,18,389,1,2952.23,5,2804.62
15967,20240222,13,16,12,1,4729.21,10,4256.29
15968,20240707,95,6,89,1,3960.41,0,3960.41
15969,20241122,39,7,10,2,3883.73,0,7767.46
15970,20251115,105,19,216,1,2890.92,15,2457.28
15971,20250908,68,19,222,1,1648.1,0,1648.1
15972,20240919,77,6,32,1,5233.57,0,5233.57
15973,20240605,47,24,19,1,2706.69,20,2165.35
15974,20250319,13,5,121,2,4729.21,10,8512.58
15975,20240126,43,7,221,1,3747.63,15,3185.49
15976,20240325,87,8,106,3,2952.23,5,8413.86
15977,20250912,8,19,324,4,3576.07,0,14304.28
15978,20241025,83,13,78,1,2689.64,15,2286.19
15979,20240109,42,18,27,3,2401.74,0,7205.22
15980,20250308,118,12,43,1,5698.72,10,5128.85
15981,20240921,7,23,133,1,4794.43,5,4554.71
15982,20240501,109,12,102,1,2954.88,20,2363.9
15983,20241229,74,20,225,1,3249.83,10,2924.85
15984,20240821,102,11,15,1,616.26,0,616.26
15985,20240426,81,20,298,1,1242.05,5,1179.95
15986,20240211,105,17,200,1,2890.92,15,2457.28
15987,20240419,94,23,20,1,1460.17,5,1387.16
15988,20250927,26,19,270,1,1355.83,0,1355.83
15989,20241105,102,10,269,1,616.26,0,616.26
15990,20240508,7,8,198,2,4794.43,0,9588.86
15991,20241209,97,8,171,1,4779.12,0,4779.12
15992,20250803,33,21,229,1,2291.4,0,2291.4
15993,20241125,45,6,373,1,1364.28,10,1227.85
15994,20251227,95,5,144,1,3960.41,5,3762.39
15995,20250530,71,2,338,2,3918.6,0,7837.2
15996,20241207,56,1,,1,7088.96,0,7088.96
15997,20241127,3,21,281,2,2631.02,15,4472.73
15998,20241205,11,1,190,1,5902.88,10,5312.59
15999,20240322,74,7,,2,3249.83,0,6499.66
16000,20241114,15,3,259,2,4621.37,0,9242.74
16001,20240530,41,17,362,1,5693.66,0,5693.66
16002,20250730,72,21,,1,1667.62,10,1500.86
16003,20250915,99,21,15,1,4915.0,20,3932.0
16004,20250606,108,12,362,2,3374.55,20,5399.28
16005,20240530,44,11,40,1,4747.67,15,4035.52
16006,20250302,119,13,44,2,2956.72,15,5026.42
16007,20240203,7,20,352,1,4794.43,0,4794.43
16008,20250112,110,20,167,1,3839.63,15,3263.69
16009,20240518,14,11,350,1,4823.13,5,4581.97
16010,20251105,34,22,,1,1322.31,0,1322.31
16011,20240925,117,16,234,1,5631.66,0,5631.66
16012,20250124,80,4,371,1,5880.6,20,4704.48
16013,20240528,59,4,,2,2020.12,20,3232.19
16014,20250219,103,15,173,1,5201.47,0,5201.47
16015,20240408,11,2,54,1,5902.88,0,5902.88
16016,20250703,78,8,110,1,1807.55,5,1717.17
16017,20240403,87,4,222,1,2952.23,0,2952.23
16018,20240329,60,24,221,3,4273.1,5,12178.34
16019,20251111,7,16,207,1,4794.43,15,4075.27
16020,20240422,29,2,373,1,1567.62,0,1567.62
16021,20240529,81,6,,3,1242.05,0,3726.15
16022,20250213,34,16,346,1,1322.31,5,1256.19
16023,20250829,48,18,7,1,2551.26,5,2423.7
16024,20240613,96,24,,1,3006.66,0,3006.66
16025,20241213,60,22,,4,4273.1,15,14528.54
16026,20240419,77,12,103,1,5233.57,0,5233.57
16027,20240323,27,8,388,1,1220.37,5,1159.35
16028,20241222,37,14,359,1,3761.37,0,3761.37
16029,20240721,16,5,111,1,4330.21,0,4330.21
16030,20241117,25,8,297,3,659.99,0,1979.97
16031,20251109,22,14,78,1,6438.69,0,6438.69
16032,20240122,107,19,248,1,1952.14,10,1756.93
16033,20240227,13,14,279,4,4729.21,0,18916.84
16034,20240514,86,5,,3,4002.37,0,12007.11
16035,20240712,111,6,113,1,1506.58,0,1506.58
16036,20240106,112,7,237,1,1434.74,0,1434.74
16037,20251229,102,25,191,1,616.26,10,554.63
16038,20250309,84,19,152,1,4822.61,15,4099.22
16039,20240909,90,2,74,3,3873.38,0,11620.14
16040,20240107,24,17,142,1,3205.37,5,3045.1
16041,20250217,81,22,384,1,1242.05,5,1179.95
16042,20240806,15,6,204,1,4621.37,0,4621.37
16043,20241122,94,17,270,2,1460.17,5,2774.32
16044,20240327,87,2,176,1,2952.23,0,2952.23
16045,20250312,106,21,,1,717.87,10,646.08
16046,20251126,54,23,,2,2808.33,0,5616.66
16047,20250717,56,9,,1,7088.96,10,6380.06
16048,20240706,29,3,357,1,1567.62,0,1567.62
16049,20250727,60,7,12,1,4273.1,20,3418.48
16050,20250422,110,12,256,1,3839.63,0,3839.63
16051,20250123,39,1,8,1,3883.73,20,3106.98
16052,20251024,40,23,,1,6858.19,0,6858.19
16053,20240528,67,7,327,1,4800.44,0,4800.44
16054,20240309,8,22,321,1,3576.07,0,3576.07
16055,20240904,30,13,304,2,3704.61,0,7409.22
16056,20241225,87,15,15,1,2952.23,0,2952.23
16057,20240409,51,15,191,2,2879.69,10,5183.44
16058,20250916,2,13,252,4,882.35,0,3529.4
16059,20250807,95,17,349,1,3960.41,0,3960.41
16060,20240725,92,3,192,1,2008.22,0,2008.22
16061,20250520,106,22,156,3,717.87,0,2153.61
16062,20250729,16,21,22,1,4330.21,0,4330.21
16063,20250517,22,24,,1,6438.69,0,6438.69
16064,20250314,23,15,185,1,5336.87,5,5070.03
16065,20240723,8,10,,1,3576.07,10,3218.46
16066,20250726,101,15,,1,1131.31,5,1074.74
16067,20241002,79,7,293,1,1528.97,10,1376.07
16068,20241006,14,4,334,1,4823.13,5,4581.97
16069,20240206,16,8,211,2,4330.21,0,8660.42
16070,20250731,80,4,15,2,5880.6,5,11173.14
16071,20240124,9,5,276,1,4835.47,0,4835.47
16072,20240602,45,24,90,1,1364.28,15,1159.64
16073,20250702,105,8,208,1,2890.92,5,2746.37
16074,20241101,29,23,328,1,1567.62,0,1567.62
16075,20241008,9,8,200,1,4835.47,20,3868.38
16076,20250420,101,4,182,1,1131.31,0,1131.31
16077,20251110,27,5,373,1,1220.37,0,1220.37
16078,20240303,98,10,198,1,850.73,15,723.12
16079,20240522,80,13,39,2,5880.6,15,9997.02
16080,20250207,74,16,368,3,3249.83,5,9262.02
16081,20250301,17,14,286,1,1735.19,20,1388.15
16082,20240321,35,12,239,2,3748.04,5,7121.28
16083,20241201,5,6,63,3,2284.3,0,6852.9
16084,20250303,14,18,37,2,4823.13,0,9646.26
16085,20250404,9,16,48,1,4835.47,10,4351.92
16086,20250812,71,18,213,2,3918.6,0,7837.2
16087,20241028,114,9,300,2,3973.22,15,6754.47
16088,20250505,28,15,338,1,3988.05,0,3988.05
16089,20250829,16,4,318,1,4330.21,5,4113.7
16090,20240311,63,20,112,2,4196.34,0,8392.68
16091,20240827,36,1,338,1,682.61,0,682.61
16092,20240616,53,7,265,2,1453.18,5,2761.04
16093,20250412,31,5,347,2,7243.85,0,14487.7
16094,20250430,58,10,329,1,5200.5,10,4680.45
16095,20241122,113,14,264,1,4385.13,0,4385.13
16096,20240917,8,13,295,1,3576.07,10,3218.46
16097,20250421,77,25,159,1,5233.57,5,4971.89
16098,20240715,27,10,83,1,1220.37,5,1159.35
16099,20241013,35,5,394,2,3748.04,0,7496.08
16100,20240815,13,24,97,2,4729.21,10,8512.58
16101,20240102,1,21,34,1,1005.84,5,955.55
16102,20250625,54,20,11,1,2808.33,0,2808.33
16103,20250321,84,10,,2,4822.61,0,9645.22
16104,20240208,28,22,4,1,3988.05,20,3190.44
16105,20240319,29,13,205,1,1567.62,0,1567.62
16106,20250529,36,23,279,1,682.61,0,682.61
16107,20250729,78,12,46,1,1807.55,15,1536.42
16108,20250227,17,6,364,1,1735.19,0,1735.19
16109,20241227,6,2,,3,843.99,10,2278.77
16110,20240410,94,20,201,1,1460.17,5,1387.16
16111,20240430,7,12,,1,4794.43,0,4794.43
16112,20240325,99,3,234,1,4915.0,0,4915.0
16113,20250514,120,18,79,2,5078.17,0,10156.34
16114,20241207,38,16,260,1,1729.74,20,1383.79
16115,20250507,41,2,199,3,5693.66,0,17080.98
16116,20250423,2,19,148,1,882.35,0,882.35
16117,20240223,62,13,153,1,978.5,0,978.5
16118,20250121,16,19,263,2,4330.21,20,6928.34
16119,20240311,91,5,19,2,6185.93,0,12371.86
16120,20250707,64,22,232,1,4068.92,0,4068.92
16121,20241105,18,19,261,1,5185.3,0,5185.3
16122,20240407,19,5,56,3,3799.68,0,11399.04
16123,20250108,86,24,380,3,4002.37,5,11406.75
16124,20250225,106,25,152,1,717.87,5,681.98
16125,20240704,51,13,348,1,2879.69,0,2879.69
16126,20250629,105,21,158,1,2890.92,15,2457.28
16127,20240927,37,8,,1,3761.37,5,3573.3
16128,20240922,18,8,80,1,5185.3,20,4148.24
16129,20250726,64,1,377,1,4068.92,0,4068.92
16130,20240827,85,3,393,1,6169.54,0,6169.54
16131,20250906,11,22,135,1,5902.88,0,5902.88
16132,20251120,101,7,309,1,1131.31,0,1131.31
16133,20250610,110,3,375,3,3839.63,0,11518.89
16134,20241106,35,21,178,3,3748.04,5,10681.91
16135,20250624,43,2,276,1,3747.63,0,3747.63
16136,20250821,49,23,139,1,3974.14,0,3974.14
16137,20250411,13,24,302,1,4729.21,0,4729.21
16138,20240823,30,7,140,1,3704.61,10,3334.15
16139,20250601,23,21,186,2,5336.87,0,10673.74
16140,20241013,120,18,353,1,5078.17,10,4570.35
16141,20240620,76,9,123,1,5042.37,10,4538.13
16142,20251020,19,1,266,1,3799.68,0,3799.68
16143,20241111,86,8,145,1,4002.37,0,4002.37
16144,20250203,109,5,323,1,2954.88,0,2954.88
16145,20241003,11,23,21,2,5902.88,0,11805.76
16146,20250331,72,2,274,1,1667.62,0,1667.62
16147,20250615,46,10,,1,4179.48,0,4179.48
16148,20240717,38,21,64,2,1729.74,0,3459.48
16149,20250323,16,15,163,1,4330.21,0,4330.21
16150,20240728,83,22,133,3,2689.64,0,8068.92
16151,20240202,83,21,53,1,2689.64,15,2286.19
16152,20240813,34,17,85,1,1322.31,0,1322.31
16153,20240927,59,24,1,1,2020.12,0,2020.12
16154,20240315,88,5,140,1,2796.03,5,2656.23
16155,20241022,28,2,,1,3988.05,10,3589.25
16156,20241211,89,1,99,1,4062.25,0,4062.25
16157,20240702,33,10,314,1,2291.4,5,2176.83
16158,20241214,85,16,305,1,6169.54,0,6169.54
16159,20240426,18,18,4,1,5185.3,0,5185.3
16160,20240620,111,21,198,1,1506.58,0,1506.58
16161,20250215,92,24,166,1,2008.22,0,2008.22
16162,20250221,30,1,40,1,3704.61,0,3704.61
16163,20240413,55,6,376,2,735.67,10,1324.21
16164,20240623,9,14,294,1,4835.47,5,4593.7
16165,20250329,56,2,,3,7088.96,5,20203.54
16166,20240228,90,18,97,2,3873.38,15,6584.75
16167,20240715,56,22,209,1,7088.96,10,6380.06
16168,20250205,115,2,315,3,2419.05,5,6894.29
16169,20250716,65,23,243,2,3541.34,15,6020.28
16170,20240731,43,21,140,1,3747.63,20,2998.1
16171,20250523,81,19,121,1,1242.05,0,1242.05
16172,20240111,33,16,,1,2291.4,5,2176.83
16173,20250805,15,5,127,2,4621.37,5,8780.6
16174,20250530,69,16,15,2,2128.62,0,4257.24
16175,20240206,115,18,,1,2419.05,10,2177.15
16176,20250306,67,24,32,1,4800.44,5,4560.42
16177,20250528,113,18,222,1,4385.13,0,4385.13
16178,20240720,26,24,333,3,1355.83,5,3864.12
16179,20251127,33,2,248,1,2291.4,5,2176.83
16180,20241201,90,6,369,2,3873.38,5,7359.42
16181,20250719,78,11,,1,1807.55,10,1626.8
16182,20241127,24,19,142,1,3205.37,5,3045.1
16183,20240613,38,22,223,1,1729.74,0,1729.74
16184,20250124,10,11,1,1,3316.3,0,3316.3
16185,20250609,1,3,156,1,1005.84,5,955.55
16186,20241016,46,7,266,1,4179.48,0,4179.48
16187,20250506,111,5,104,1,1506.58,0,1506.58
16188,20250802,41,24,324,1,5693.66,0,5693.66
16189,20240121,103,3,384,1,5201.47,0,5201.47
16190,20240812,29,16,361,1,1567.62,10,1410.86
16191,20240205,27,2,143,1,1220.37,15,1037.31
16192,20250418,73,23,203,1,6348.65,5,6031.22
16193,20240525,113,9,,1,4385.13,15,3727.36
16194,20240331,99,9,398,2,4915.0,5,9338.5
16195,20241112,116,24,33,4,6480.7,0,25922.8
16196,20250101,65,18,257,1,3541.34,5,3364.27
16197,20240721,10,5,106,1,3316.3,10,2984.67
16198,20240322,58,13,57,1,5200.5,0,5200.5
16199,20250703,33,20,42,1,2291.4,5,2176.83
16200,20240806,62,6,299,1,978.5,0,978.5
16201,20250901,30,12,362,2,3704.61,10,6668.3
16202,20240530,97,19,380,1,4779.12,5,4540.16
16203,20250517,53,7,46,2,1453.18,0,2906.36
16204,20240126,41,4,136,3,5693.66,5,16226.93
16205,20251216,74,17,239,2,3249.83,0,6499.66
16206,20250117,57,3,,1,3796.83,10,3417.15
16207,20250807,62,18,135,1,978.5,0,978.5
16208,20250512,71,17,10,1,3918.6,5,3722.67
16209,20250619,1,20,25,1,1005.84,5,955.55
16210,20250115,4,22,398,2,1722.15,10,3099.87
16211,20250311,21,24,88,3,1209.52,0,3628.56
16212,20240315,21,16,269,1,1209.52,0,1209.52
16213,20240716,37,6,85,1,3761.37,0,3761.37
16214,20250822,82,15,29,1,3179.41,5,3020.44
16215,20250130,71,25,392,1,3918.6,0,3918.6
16216,20240511,106,7,363,1,717.87,10,646.08
16217,20240531,106,25,301,1,717.87,0,717.87
16218,20240227,3,13,315,1,2631.02,10,2367.92
16219,20250508,82,6,70,1,3179.41,5,3020.44
16220,20241029,94,14,319,1,1460.17,0,1460.17
16221,20240605,22,15,271,1,6438.69,0,6438.69
16222,20240504,37,8,173,1,3761.37,5,3573.3
16223,20240925,60,20,103,1,4273.1,0,4273.1
16224,20240219,35,25,185,1,3748.04,5,3560.64
16225,20241115,70,21,200,2,3349.78,0,6699.56
16226,20240514,117,2,371,1,5631.66,0,5631.66
16227,20240419,89,5,12,1,4062.25,0,4062.25
16228,20250807,9,21,80,1,4835.47,5,4593.7
16229,20250501,8,3,400,1,3576.07,10,3218.46
16230,20240817,4,1,330,2,1722.15,0,3444.3
16231,20240609,21,25,265,1,1209.52,0,1209.52
16232,20241118,30,12,398,2,3704.61,5,7038.76
16233,20241004,66,6,38,2,6204.11,10,11167.4
16234,20250124,72,5,,1,1667.62,0,1667.62
16235,20250125,56,7,263,1,7088.96,5,6734.51
16236,20241019,16,7,247,2,4330.21,0,8660.42
16237,20240414,112,16,349,1,1434.74,0,1434.74
16238,20240813,61,10,400,1,5731.62,5,5445.04
16239,20250815,112,24,164,1,1434.74,0,1434.74
16240,20250820,48,5,214,1,2551.26,0,2551.26
16241,20240103,106,2,210,1,717.87,0,717.87
16242,20251207,101,23,79,1,1131.31,0,1131.31
16243,20241207,73,20,188,1,6348.65,10,5713.78
16244,20241120,3,10,56,2,2631.02,0,5262.04
16245,20250512,83,20,15,2,2689.64,0,5379.28
16246,20240223,116,13,,1,6480.7,10,5832.63
16247,20250901,94,6,363,1,1460.17,20,1168.14
16248,20240820,79,5,285,1,1528.97,0,1528.97
16249,20250907,7,10,280,2,4794.43,0,9588.86
16250,20240215,101,17,296,1,1131.31,0,1131.31
16251,20240921,113,7,136,1,4385.13,0,4385.13
16252,20250515,80,25,290,1,5880.6,0,5880.6
16253,20250606,111,14,166,3,1506.58,0,4519.74
16254,20240314,88,10,,1,2796.03,5,2656.23
16255,20240422,35,16,18,4,3748.04,10,13492.94
16256,20250927,26,19,322,1,1355.83,5,1288.04
16257,20240905,42,7,72,1,2401.74,0,2401.74
16258,20250422,42,2,376,2,2401.74,0,4803.48
16259,20251208,79,7,90,2,1528.97,5,2905.04
16260,20250112,34,19,132,3,1322.31,5,3768.58
16261,20250711,40,12,372,1,6858.19,0,6858.19
16262,20240319,26,20,227,1,1355.83,0,1355.83
16263,20251002,14,21,226,1,4823.13,5,4581.97
16264,20240310,119,14,87,4,2956.72,5,11235.54
16265,20240803,45,5,388,1,1364.28,0,1364.28
16266,20240818,27,10,117,2,1220.37,5,2318.7
16267,20250128,37,12,132,1,3761.37,0,3761.37
16268,20240131,14,15,355,3,4823.13,15,12298.98
16269,20250117,18,2,,1,5185.3,5,4926.03
16270,20240928,88,3,162,1,2796.03,5,2656.23
16271,20250216,38,10,,1,1729.74,0,1729.74
16272,20250706,49,16,15,1,3974.14,0,3974.14
16273,20251208,85,21,185,2,6169.54,5,11722.13
16274,20250622,57,10,375,2,3796.83,0,7593.66
16275,20241116,116,3,370,1,6480.7,5,6156.66
16276,20250321,25,6,40,2,659.99,5,1253.98
16277,20250909,72,6,388,1,1667.62,0,1667.62
16278,20240106,98,23,209,1,850.73,0,850.73
16279,20250227,96,20,259,1,3006.66,0,3006.66
16280,20241230,51,24,285,1,2879.69,0,2879.69
16281,20250821,63,23,197,1,4196.34,10,3776.71
16282,20240410,108,9,62,1,3374.55,5,3205.82
16283,20240627,19,5,124,1,3799.68,0,3799.68
16284,20250305,111,15,75,2,1506.58,0,3013.16
16285,20240801,62,21,127,1,978.5,10,880.65
16286,20241101,75,23,123,1,2266.5,20,1813.2
16287,20240110,84,24,39,1,4822.61,5,4581.48
16288,20250310,83,15,128,1,2689.64,5,2555.16
16289,20240602,78,18,155,1,1807.55,0,1807.55
16290,20251119,24,6,132,1,3205.37,0,3205.37
16291,20250417,98,4,40,1,850.73,0,850.73
16292,20241221,93,16,146,3,4029.05,5,11482.79
16293,20250715,8,6,189,1,3576.07,0,3576.07
16294,20240113,43,17,345,1,3747.63,0,3747.63
16295,20240114,34,4,352,1,1322.31,5,1256.19
16296,20241222,52,8,152,1,2796.94,0,2796.94
16297,20250108,24,12,210,1,3205.37,0,3205.37
16298,20240227,52,16,210,1,2796.94,0,2796.94
16299,20240825,32,10,270,3,1604.88,5,4573.91
16300,20250923,53,8,,1,1453.18,0,1453.18
16301,20250429,47,11,,1,2706.69,20,2165.35
16302,20250214,85,10,249,1,6169.54,15,5244.11
16303,20240821,30,20,,1,3704.61,0,3704.61
16304,20250613,52,19,29,2,2796.94,10,5034.49
16305,20250302,120,21,110,3,5078.17,0,15234.51
16306,20250503,64,13,55,2,4068.92,0,8137.84
16307,20250915,71,23,129,1,3918.6,0,3918.6
16308,20240911,63,14,18,1,4196.34,0,4196.34
16309,20240427,2,13,,1,882.35,10,794.12
16310,20251030,88,11,32,1,2796.03,0,2796.03
16311,20250404,77,20,362,1,5233.57,5,4971.89
16312,20240630,9,23,151,1,4835.47,5,4593.7
16313,20241122,12,9,251,1,1690.47,15,1436.9
16314,20250215,6,12,17,1,843.99,0,843.99
16315,20240326,98,4,93,1,850.73,15,723.12
16316,20240129,109,11,63,1,2954.88,5,2807.14
16317,20240615,18,1,58,3,5185.3,0,15555.9
16318,20240418,58,8,368,1,5200.5,15,4420.43
16319,20251029,33,23,59,1,2291.4,0,2291.4
16320,20240212,77,6,,1,5233.57,0,5233.57
16321,20250528,32,23,263,1,1604.88,5,1524.64
16322,20251202,48,11,349,4,2551.26,15,8674.28
16323,20250519,96,11,321,1,3006.66,10,2705.99
16324,20250902,91,11,33,2,6185.93,0,12371.86
16325,20241127,93,6,,1,4029.05,5,3827.6
16326,20251212,51,19,367,3,2879.69,10,7775.16
16327,20250209,52,12,381,2,2796.94,5,5314.19
16328,20250621,5,2,143,1,2284.3,0,2284.3
16329,20241204,24,14,147,1,3205.37,5,3045.1
16330,20250316,93,1,316,1,4029.05,10,3626.15
16331,20250929,1,12,142,3,1005.84,10,2715.77
16332,20240907,53,22,304,2,1453.18,0,2906.36
16333,20241120,116,14,210,1,6480.7,0,6480.7
16334,20240216,89,18,,3,4062.25,0,12186.75
16335,20250424,27,4,230,1,1220.37,0,1220.37
16336,20241117,16,24,399,2,4330.21,5,8227.4
16337,20240925,51,1,203,1,2879.69,0,2879.69
16338,20251118,10,2,90,2,3316.3,0,6632.6
16339,20251116,59,24,156,1,2020.12,0,2020.12
16340,20240701,55,10,293,1,735.67,0,735.67
16341,20251022,1,4,390,1,1005.84,5,955.55
16342,20251123,102,19,203,1,616.26,0,616.26
16343,20250501,77,11,106,1,5233.57,10,4710.21
16344,20250223,36,19,71,2,682.61,10,1228.7
16345,20250509,56,12,259,1,7088.96,5,6734.51
16346,20251222,71,4,87,1,3918.6,0,3918.6
16347,20251224,11,7,267,1,5902.88,0,5902.88
16348,20250522,7,19,136,1,4794.43,20,3835.54
16349,20250721,40,2,347,1,6858.19,0,6858.19
16350,20251129,25,14,212,1,659.99,15,560.99
16351,20251127,6,14,329,1,843.99,10,759.59
16352,20240115,5,13,58,1,2284.3,0,2284.3
16353,20240112,93,8,,3,4029.05,20,9669.72
16354,20240829,83,15,330,1,2689.64,0,2689.64
16355,20251021,94,5,31,1,1460.17,0,1460.17
16356,20250714,22,22,13,1,6438.69,0,6438.69
16357,20240909,13,11,211,1,4729.21,0,4729.21
16358,20240623,54,9,6,1,2808.33,0,2808.33
16359,20240317,13,7,321,2,4729.21,0,9458.42
16360,20240501,100,6,231,1,4823.15,0,4823.15
16361,20250414,93,4,171,2,4029.05,10,7252.29
16362,20241104,65,15,,1,3541.34,15,3010.14
16363,20251008,5,23,100,1,2284.3,15,1941.66
16364,20251102,59,21,,2,2020.12,5,3838.23
16365,20250118,45,5,191,2,1364.28,0,2728.56
16366,20251216,108,24,392,1,3374.55,5,3205.82
16367,20241011,36,20,,1,682.61,0,682.61
16368,20251004,36,15,299,3,682.61,10,1843.05
16369,20241215,60,9,229,1,4273.1,0,4273.1
16370,20240630,118,3,147,2,5698.72,0,11397.44
16371,20250722,62,9,264,1,978.5,0,978.5
16372,20250915,66,20,,3,6204.11,0,18612.33
16373,20250221,74,18,147,1,3249.83,0,3249.83
16374,20240112,53,19,200,1,1453.18,10,1307.86
16375,20240319,39,13,272,1,3883.73,0,3883.73
16376,20250206,112,20,122,1,1434.74,0,1434.74
16377,20251214,16,17,,1,4330.21,0,4330.21
16378,20240613,12,6,123,2,1690.47,0,3380.94
16379,20251214,99,4,391,1,4915.0,10,4423.5
16380,20240213,6,12,261,1,843.99,5,801.79
16381,20250822,81,20,183,3,1242.05,0,3726.15
16382,20240130,20,19,,1,1915.63,0,1915.63
16383,20241009,1,16,317,3,1005.84,5,2866.64
16384,20250728,31,17,226,2,7243.85,20,11590.16
16385,20240907,16,17,279,1,4330.21,10,3897.19
16386,20240318,14,7,225,2,4823.13,10,8681.63
16387,20251104,46,21,96,1,4179.48,15,3552.56
16388,20240612,53,3,66,1,1453.18,0,1453.18
16389,20250527,86,20,349,1,4002.37,10,3602.13
16390,20240531,106,22,383,1,717.87,15,610.19
16391,20251020,70,16,72,1,3349.78,0,3349.78
16392,20250530,8,14,186,1,3576.07,0,3576.07
16393,20251017,28,7,,1,3988.05,0,3988.05
16394,20250802,104,7,16,2,6527.04,0,13054.08
16395,20250521,97,1,155,2,4779.12,15,8124.5
16396,20250105,113,23,58,4,4385.13,5,16663.49
16397,20240114,109,9,396,1,2954.88,0,2954.88
16398,20250208,8,22,32,2,3576.07,0,7152.14
16399,20240902,28,1,188,4,3988.05,0,15952.2
16400,20240705,12,5,97,1,1690.47,0,1690.47
16401,20240119,32,5,138,1,1604.88,5,1524.64
16402,20251208,26,12,22,2,1355.83,0,2711.66
16403,20250420,9,4,221,2,4835.47,10,8703.85
16404,20250407,115,9,225,2,2419.05,0,4838.1
16405,20240403,83,23,283,1,2689.64,0,2689.64
16406,20241017,85,14,61,1,6169.54,0,6169.54
16407,20250514,106,12,160,1,717.87,20,574.3
16408,20251107,105,3,241,2,2890.92,0,5781.84
16409,20250205,43,17,180,2,3747.63,0,7495.26
16410,20250413,86,5,264,1,4002.37,10,3602.13
16411,20241214,65,21,170,1,3541.34,0,3541.34
16412,20240616,93,9,143,3,4029.05,5,11482.79
16413,20250517,8,24,303,1,3576.07,0,3576.07
16414,20250408,38,21,260,1,1729.74,5,1643.25
16415,20250901,1,20,400,1,1005.84,0,1005.84
16416,20250215,23,2,377,1,5336.87,10,4803.18
16417,20240619,58,18,228,2,5200.5,5,9880.95
16418,20240710,116,15,36,1,6480.7,0,6480.7
16419,20240415,50,17,286,1,3814.05,10,3432.65
16420,20250902,113,19,,1,4385.13,0,4385.13
16421,20250117,42,14,234,1,2401.74,0,2401.74
16422,20251224,12,21,82,2,1690.47,0,3380.94
16423,20240312,30,8,146,1,3704.61,0,3704.61
16424,20241018,73,14,,1,6348.65,0,6348.65
16425,20241111,69,25,346,1,2128.62,0,2128.62
16426,20250803,98,2,252,2,850.73,10,1531.31
16427,20250429,37,19,43,2,3761.37,5,7146.6
16428,20240923,98,16,75,1,850.73,10,765.66
16429,20251210,74,8,31,2,3249.83,5,6174.68
16430,20240324,15,14,102,2,4621.37,0,9242.74
16431,20241202,37,14,286,1,3761.37,0,3761.37
16432,20240417,50,22,95,2,3814.05,5,7246.69
16433,20240730,74,14,189,1,3249.83,10,2924.85
16434,20240709,118,20,184,2,5698.72,0,11397.44
16435,20251107,15,10,301,2,4621.37,5,8780.6
16436,20251124,13,14,187,2,4729.21,15,8039.66
16437,20240830,68,22,343,2,1648.1,15,2801.77
16438,20241115,120,3,3,1,5078.17,0,5078.17
16439,20250403,14,12,213,1,4823.13,0,4823.13
16440,20250311,55,23,39,3,735.67,0,2207.01
16441,20250115,51,11,,4,2879.69,20,9215.01
16442,20250328,50,12,19,1,3814.05,0,3814.05
16443,20241217,90,15,194,1,3873.38,20,3098.7
16444,20241109,72,8,,1,1667.62,0,1667.62
16445,20250308,62,3,357,2,978.5,0,1957.0
16446,20240723,42,4,400,2,2401.74,0,4803.48
16447,20251102,90,6,280,1,3873.38,10,3486.04
16448,20250701,16,20,164,1,4330.21,15,3680.68
16449,20250330,59,4,121,1,2020.12,0,2020.12
16450,20250404,56,16,281,1,7088.96,10,6380.06
16451,20250103,10,8,91,1,3316.3,5,3150.49
16452,20240815,45,3,304,1,1364.28,0,1364.28
16453,20240304,79,25,243,2,1528.97,20,2446.35
16454,20250419,66,11,,1,6204.11,0,6204.11
16455,20251118,65,18,264,1,3541.34,0,3541.34
16456,20250123,33,21,327,1,2291.4,10,2062.26
16457,20240903,54,15,112,1,2808.33,0,2808.33
16458,20250803,44,24,77,1,4747.67,0,4747.67
16459,20241026,75,2,34,1,2266.5,0,2266.5
16460,20250105,67,2,376,1,4800.44,0,4800.44
16461,20250505,65,4,94,1,3541.34,0,3541.34
16462,20241029,74,11,372,1,3249.83,0,3249.83
16463,20250531,34,23,,1,1322.31,0,1322.31
16464,20250314,18,5,,1,5185.3,5,4926.03
16465,20240804,26,13,207,3,1355.83,0,4067.49
16466,20250430,44,20,373,3,4747.67,0,14243.01
16467,20240524,45,8,328,4,1364.28,5,5184.26
16468,20250817,110,18,,1,3839.63,20,3071.7
16469,20240207,119,21,345,1,2956.72,5,2808.88
16470,20250503,118,21,77,1,5698.72,0,5698.72
16471,20241021,40,11,311,1,6858.19,0,6858.19
16472,20241225,13,22,15,1,4729.21,15,4019.83
16473,20250324,8,15,45,1,3576.07,5,3397.27
16474,20240320,68,4,241,2,1648.1,0,3296.2
16475,20251101,102,12,145,1,616.26,15,523.82
16476,20240928,11,12,130,3,5902.88,0,17708.64
16477,20240114,65,13,43,1,3541.34,0,3541.34
16478,20251002,97,20,313,2,4779.12,0,9558.24
16479,20250221,16,2,227,1,4330.21,0,4330.21
16480,20250203,33,10,205,1,2291.4,0,2291.4
16481,20240524,111,2,,1,1506.58,0,1506.58
16482,20250308,37,1,240,2,3761.37,15,6394.33
16483,20250130,48,17,149,1,2551.26,20,2041.01
16484,20250107,88,3,366,1,2796.03,0,2796.03
16485,20250904,82,8,97,1,3179.41,0,3179.41
16486,20241218,61,22,,2,5731.62,0,11463.24
16487,20240226,116,15,231,2,6480.7,0,12961.4
16488,20241030,111,5,344,1,1506.58,5,1431.25
16489,20250925,48,19,395,1,2551.26,5,2423.7
16490,20241025,84,23,240,2,4822.61,0,9645.22
16491,20240225,25,21,11,1,659.99,5,626.99
16492,20240201,112,3,57,4,1434.74,0,5738.96
16493,20241105,24,5,189,1,3205.37,0,3205.37
16494,20241218,27,23,344,2,1220.37,5,2318.7
16495,20251207,105,6,263,1,2890.92,20,2312.74
16496,20241020,103,17,316,1,5201.47,10,4681.32
16497,20240425,20,14,145,1,1915.63,0,1915.63
16498,20250414,19,9,48,1,3799.68,0,3799.68
16499,20240710,109,18,205,1,2954.88,0,2954.88
16500,20250719,109,19,299,1,2954.88,0,2954.88
16501,20240913,38,1,,1,1729.74,0,1729.74
16502,20240523,89,24,355,1,4062.25,0,4062.25
16503,20251120,7,24,136,2,4794.43,10,8629.97
16504,20251215,13,16,49,1,4729.21,0,4729.21
16505,20240202,77,20,362,1,5233.57,10,4710.21
16506,20250201,61,21,372,1,5731.62,0,5731.62
16507,20251208,13,1,130,1,4729.21,0,4729.21
16508,20241108,76,2,400,1,5042.37,0,5042.37
16509,20240327,11,10,6,1,5902.88,0,5902.88
16510,20241107,113,18,110,1,4385.13,0,4385.13
16511,20240809,83,18,191,3,2689.64,0,8068.92
16512,20250423,84,20,122,1,4822.61,0,4822.61
16513,20240520,32,5,118,1,1604.88,5,1524.64
16514,20250627,2,6,23,1,882.35,0,882.35
16515,20251113,20,14,73,1,1915.63,10,1724.07
16516,20240623,103,13,280,1,5201.47,5,4941.4
16517,20240607,107,5,8,2,1952.14,5,3709.07
16518,20250814,90,21,161,1,3873.38,5,3679.71
16519,20251006,37,22,362,1,3761.37,10,3385.23
16520,20240228,114,16,,1,3973.22,0,3973.22
16521,20241226,49,12,80,4,3974.14,0,15896.56
16522,20250529,111,17,181,1,1506.58,10,1355.92
16523,20240305,75,5,80,2,2266.5,0,4533.0
16524,20240921,22,13,142,1,6438.69,5,6116.76
16525,20250304,34,3,121,1,1322.31,0,1322.31
16526,20240302,65,21,332,1,3541.34,0,3541.34
16527,20241109,52,4,160,1,2796.94,0,2796.94
16528,20241022,88,22,74,1,2796.03,0,2796.03
16529,20250214,66,1,,3,6204.11,0,18612.33
16530,20240729,70,15,297,1,3349.78,0,3349.78
16531,20241006,89,1,171,1,4062.25,0,4062.25
16532,20250502,46,15,147,2,4179.48,5,7941.01
16533,20250921,48,9,254,1,2551.26,5,2423.7
16534,20240526,26,4,150,2,1355.83,0,2711.66
16535,20240430,15,2,96,1,4621.37,0,4621.37
16536,20250218,36,18,45,1,682.61,5,648.48
16537,20240620,55,20,33,1,735.67,5,698.89
16538,20250929,111,8,276,2,1506.58,0,3013.16
16539,20241006,24,16,333,1,3205.37,10,2884.83
16540,20240207,15,13,310,2,4621.37,0,9242.74
16541,20250206,52,11,65,1,2796.94,0,2796.94
16542,20250404,27,3,248,1,1220.37,0,1220.37
16543,20240415,45,5,126,2,1364.28,15,2319.28
16544,20240329,70,12,289,1,3349.78,0,3349.78
16545,20250405,93,4,185,1,4029.05,0,4029.05
16546,20241005,111,6,21,1,1506.58,0,1506.58
16547,20240625,113,16,18,1,4385.13,0,4385.13
16548,20240208,59,1,130,2,2020.12,0,4040.24
16549,20251212,20,14,145,1,1915.63,10,1724.07
16550,20240212,63,1,266,2,4196.34,0,8392.68
16551,20250825,39,21,,1,3883.73,0,3883.73
16552,20240818,16,11,284,1,4330.21,0,4330.21
16553,20241228,31,25,21,1,7243.85,0,7243.85
16554,20240615,104,6,398,1,6527.04,5,6200.69
16555,20241108,35,7,323,2,3748.04,0,7496.08
16556,20250823,93,21,65,1,4029.05,0,4029.05
16557,20240424,63,2,145,1,4196.34,0,4196.34
16558,20250817,80,19,318,1,5880.6,0,5880.6
16559,20250505,50,1,,1,3814.05,0,3814.05
16560,20241109,98,24,113,1,850.73,5,808.19
16561,20250615,54,19,,1,2808.33,0,2808.33
16562,20240518,89,22,13,1,4062.25,10,3656.03
16563,20250904,14,15,97,1,4823.13,0,4823.13
16564,20240731,97,4,320,1,4779.12,10,4301.21
16565,20250630,72,3,93,2,1667.62,15,2834.95
16566,20250202,119,11,104,1,2956.72,0,2956.72
16567,20250816,28,22,,1,3988.05,5,3788.65
16568,20250308,114,17,94,1,3973.22,5,3774.56
16569,20241208,56,19,265,1,7088.96,0,7088.96
16570,20240315,82,10,131,1,3179.41,0,3179.41
16571,20250204,113,19,128,2,4385.13,10,7893.23
16572,20250210,99,1,,1,4915.0,0,4915.0
16573,20240926,105,8,254,1,2890.92,5,2746.37
16574,20241001,69,19,,1,2128.62,0,2128.62
16575,20240802,14,24,79,1,4823.13,0,4823.13
16576,20240805,41,3,3,1,5693.66,15,4839.61
16577,20251125,21,12,155,1,1209.52,10,1088.57
16578,20240707,16,23,361,1,4330.21,5,4113.7
16579,20250417,75,7,200,4,2266.5,20,7252.8
16580,20251025,4,13,279,1,1722.15,0,1722.15
16581,20250415,107,1,,1,1952.14,0,1952.14
16582,20241206,74,20,209,1,3249.83,0,3249.83
16583,20250906,24,13,355,1,3205.37,0,3205.37
16584,20250909,37,21,353,1,3761.37,15,3197.16
16585,20250126,93,22,204,1,4029.05,15,3424.69
16586,20240912,11,20,128,1,5902.88,10,5312.59
16587,20240627,101,22,195,1,1131.31,15,961.61
16588,20240715,63,8,69,2,4196.34,5,7973.05
16589,20240615,110,2,59,1,3839.63,0,3839.63
16590,20240220,56,16,86,1,7088.96,0,7088.96
16591,20250623,54,2,74,1,2808.33,0,2808.33
16592,20250215,41,9,308,3,5693.66,5,16226.93
16593,20250206,76,2,175,1,5042.37,0,5042.37
16594,20240228,39,8,341,4,3883.73,20,12427.94
16595,20240401,20,3,187,1,1915.63,0,1915.63
16596,20241010,108,24,344,1,3374.55,0,3374.55
16597,20250722,3,12,,1,2631.02,0,2631.02
16598,20241230,69,20,79,1,2128.62,0,2128.62
16599,20240404,42,18,267,1,2401.74,0,2401.74
16600,20241103,111,6,304,1,1506.58,0,1506.58
16601,20250305,51,3,16,1,2879.69,0,2879.69
16602,20250927,40,22,5,1,6858.19,0,6858.19
16603,20241227,34,20,185,3,1322.31,5,3768.58
16604,20250101,52,3,166,2,2796.94,0,5593.88
16605,20240419,98,23,247,2,850.73,20,1361.17
16606,20250912,35,1,362,1,3748.04,0,3748.04
16607,20250516,88,13,116,1,2796.03,0,2796.03
16608,20250603,5,11,104,1,2284.3,0,2284.3
16609,20241211,83,17,243,1,2689.64,0,2689.64
16610,20241225,2,25,257,4,882.35,0,3529.4
16611,20240218,22,20,317,1,6438.69,0,6438.69
16612,20250302,46,18,274,1,4179.48,0,4179.48
16613,20240529,64,8,221,1,4068.92,0,4068.92
16614,20240206,93,11,270,1,4029.05,0,4029.05
16615,20240202,109,7,,2,2954.88,5,5614.27
16616,20250426,11,24,274,1,5902.88,5,5607.74
16617,20240215,3,5,97,2,2631.02,0,5262.04
16618,20240816,101,15,114,1,1131.31,0,1131.31
16619,20250816,37,9,133,1,3761.37,0,3761.37
16620,20250902,65,9,398,1,3541.34,20,2833.07
16621,20240523,18,17,393,1,5185.3,15,4407.51
16622,20241207,95,2,90,3,3960.41,15,10099.05
16623,20251207,77,9,,2,5233.57,0,10467.14
16624,20250404,108,25,238,2,3374.55,0,6749.1
16625,20250925,26,20,285,1,1355.83,0,1355.83
16626,20250414,13,6,235,1,4729.21,0,4729.21
16627,20240610,5,7,239,3,2284.3,0,6852.9
16628,20251019,47,24,69,2,2706.69,10,4872.04
16629,20240211,61,19,,1,5731.62,0,5731.62
16630,20250416,71,3,377,2,3918.6,0,7837.2
16631,20240126,110,10,299,1,3839.63,10,3455.67
16632,20251026,98,19,393,1,850.73,0,850.73
16633,20240207,30,20,34,1,3704.61,0,3704.61
16634,20240722,111,10,231,1,1506.58,5,1431.25
16635,20240731,41,21,303,1,5693.66,5,5408.98
16636,20250913,19,16,134,1,3799.68,0,3799.68
16637,20240604,1,5,258,2,1005.84,15,1709.93
16638,20251224,28,15,180,1,3988.05,0,3988.05
16639,20241001,3,13,390,1,2631.02,0,2631.02
16640,20240423,19,8,238,1,3799.68,5,3609.7
16641,20250518,103,5,148,2,5201.47,20,8322.35
16642,20250412,50,21,35,2,3814.05,0,7628.1
16643,20250709,48,21,24,1,2551.26,5,2423.7
16644,20240328,64,13,339,1,4068.92,0,4068.92
16645,20250405,61,15,72,1,5731.62,0,5731.62
16646,20250701,54,9,24,2,2808.33,0,5616.66
16647,20240327,100,14,129,1,4823.15,0,4823.15
16648,20250225,75,21,356,1,2266.5,5,2153.17
16649,20250105,37,25,205,1,3761.37,5,3573.3
16650,20241007,101,3,24,1,1131.31,5,1074.74
16651,20250316,31,16,192,1,7243.85,5,6881.66
16652,20251020,108,6,290,1,3374.55,0,3374.55
16653,20250916,55,17,73,2,735.67,10,1324.21
16654,20240819,76,1,323,1,5042.37,10,4538.13
16655,20240919,86,8,99,1,4002.37,0,4002.37
16656,20240609,47,23,390,2,2706.69,10,4872.04
16657,20251222,5,22,114,4,2284.3,0,9137.2
16658,20240525,35,10,210,1,3748.04,15,3185.83
16659,20240910,27,11,,1,1220.37,0,1220.37
16660,20240711,67,14,233,1,4800.44,0,4800.44
16661,20250630,118,14,279,2,5698.72,0,11397.44
16662,20240418,78,23,54,2,1807.55,0,3615.1
16663,20250913,84,5,396,2,4822.61,15,8198.44
16664,20250225,63,16,89,1,4196.34,5,3986.52
16665,20250524,19,8,86,2,3799.68,10,6839.42
16666,20240107,60,11,222,1,4273.1,5,4059.45
16667,20250729,98,3,166,2,850.73,0,1701.46
16668,20240928,57,13,212,1,3796.83,5,3606.99
16669,20240415,54,20,39,1,2808.33,5,2667.91
16670,20240903,93,2,74,1,4029.05,15,3424.69
16671,20240217,119,1,206,1,2956.72,10,2661.05
16672,20251020,95,2,118,1,3960.41,0,3960.41
16673,20240508,21,6,328,1,1209.52,5,1149.04
16674,20250217,12,14,180,1,1690.47,0,1690.47
16675,20240703,80,11,,1,5880.6,0,5880.6
16676,20240125,4,3,182,1,1722.15,0,1722.15
16677,20250430,23,18,338,1,5336.87,5,5070.03
16678,20241129,66,8,,1,6204.11,15,5273.49
16679,20250322,54,21,378,1,2808.33,0,2808.33
16680,20240117,104,16,200,1,6527.04,0,6527.04
16681,20240901,69,25,189,1,2128.62,0,2128.62
16682,20241018,46,6,36,2,4179.48,5,7941.01
16683,20250826,15,21,293,2,4621.37,5,8780.6
16684,20240805,74,1,29,2,3249.83,5,6174.68
16685,20240923,14,18,237,1,4823.13,5,4581.97
16686,20241217,8,18,361,1,3576.07,5,3397.27
16687,20240219,101,13,217,1,1131.31,5,1074.74
16688,20250823,24,7,116,4,3205.37,10,11539.33
16689,20250909,19,1,276,1,3799.68,10,3419.71
16690,20250822,53,20,80,1,1453.18,15,1235.2
16691,20250119,35,8,398,1,3748.04,5,3560.64
16692,20241114,20,17,304,2,1915.63,0,3831.26
16693,20240507,52,23,393,1,2796.94,0,2796.94
16694,20250531,82,17,164,1,3179.41,0,3179.41
16695,20240722,58,21,170,1,5200.5,0,5200.5
16696,20251025,104,13,293,1,6527.04,10,5874.34
16697,20241117,102,11,167,1,616.26,0,616.26
16698,20251124,77,19,354,2,5233.57,0,10467.14
16699,20241216,87,8,346,1,2952.23,0,2952.23
16700,20241126,82,16,73,1,3179.41,5,3020.44
16701,20240927,13,12,176,1,4729.21,5,4492.75
16702,20250203,52,2,189,1,2796.94,0,2796.94
16703,20250608,21,19,168,1,1209.52,0,1209.52
16704,20250421,96,4,234,1,3006.66,10,2705.99
16705,20241023,63,9,22,1,4196.34,20,3357.07
16706,20250621,75,12,333,3,2266.5,10,6119.55
16707,20240606,98,20,92,1,850.73,0,850.73
16708,20250413,21,13,46,1,1209.52,0,1209.52
16709,20240629,25,25,171,1,659.99,10,593.99
16710,20251222,32,8,160,1,1604.88,0,1604.88
16711,20251201,101,12,107,1,1131.31,5,1074.74
16712,20250209,65,7,63,1,3541.34,0,3541.34
16713,20240727,109,21,289,1,2954.88,10,2659.39
16714,20251221,47,13,284,1,2706.69,0,2706.69
16715,20241224,31,22,,2,7243.85,5,13763.32
16716,20240830,104,12,334,1,6527.04,0,6527.04
16717,20240622,80,5,337,1,5880.6,0,5880.6
16718,20250214,71,3,123,2,3918.6,0,7837.2
16719,20241115,17,1,160,1,1735.19,15,1474.91
16720,20240818,94,20,221,1,1460.17,15,1241.14
16721,20251107,106,17,14,1,717.87,20,574.3
16722,20240115,49,22,324,2,3974.14,0,7948.28
16723,20240708,79,13,315,1,1528.97,15,1299.62
16724,20240427,89,25,158,1,4062.25,5,3859.14
16725,20240608,42,6,89,1,2401.74,15,2041.48
16726,20240414,81,13,196,2,1242.05,15,2111.48
16727,20241205,29,21,,1,1567.62,0,1567.62
16728,20241101,87,9,,3,2952.23,0,8856.69
16729,20250407,91,12,,1,6185.93,0,6185.93
16730,20250226,50,6,162,2,3814.05,0,7628.1
16731,20240812,99,2,46,1,4915.0,0,4915.0
16732,20250629,111,1,231,1,1506.58,10,1355.92
16733,20250429,103,18,312,1,5201.47,0,5201.47
16734,20251218,102,17,144,1,616.26,5,585.45
16735,20250930,8,4,,1,3576.07,5,3397.27
16736,20240710,23,11,29,2,5336.87,0,10673.74
16737,20250622,72,23,243,2,1667.62,0,3335.24
16738,20251016,81,12,380,1,1242.05,0,1242.05
16739,20250507,75,18,261,1,2266.5,15,1926.52
16740,20250201,54,25,,1,2808.33,5,2667.91
16741,20240420,15,21,94,1,4621.37,5,4390.3
16742,20240716,93,5,348,1,4029.05,0,4029.05
16743,20250411,84,10,172,1,4822.61,5,4581.48
16744,20250114,69,8,40,1,2128.62,0,2128.62
16745,20250322,60,18,233,2,4273.1,5,8118.89
16746,20251221,54,4,2,1,2808.33,0,2808.33
16747,20241102,38,4,158,3,1729.74,15,4410.84
16748,20250302,68,20,219,1,1648.1,10,1483.29
16749,20250209,9,24,131,3,4835.47,5,13781.09
16750,20250627,76,2,298,1,5042.37,15,4286.01
16751,20240819,108,1,,2,3374.55,10,6074.19
16752,20251126,13,2,236,1,4729.21,10,4256.29
16753,20250804,94,20,289,2,1460.17,5,2774.32
16754,20241201,114,25,288,1,3973.22,0,3973.22
16755,20251029,70,21,170,1,3349.78,5,3182.29
16756,20240405,68,16,352,2,1648.1,5,3131.39
16757,20241120,63,1,79,1,4196.34,5,3986.52
16758,20240606,59,16,121,1,2020.12,0,2020.12
16759,20250918,97,16,278,1,4779.12,0,4779.12
16760,20250110,85,12,108,1,6169.54,15,5244.11
16761,20240410,22,7,356,1,6438.69,0,6438.69
16762,20240731,32,16,249,1,1604.88,5,1524.64
16763,20240918,114,24,153,3,3973.22,10,10727.69
16764,20250429,31,24,213,2,7243.85,0,14487.7
16765,20240718,100,5,,1,4823.15,0,4823.15
16766,20251006,108,23,351,1,3374.55,0,3374.55
16767,20240515,101,5,283,1,1131.31,5,1074.74
16768,20240508,36,4,23,2,682.61,10,1228.7
16769,20240624,77,23,264,2,5233.57,0,10467.14
16770,20240716,98,10,178,1,850.73,10,765.66
16771,20240819,38,17,74,1,1729.74,10,1556.77
16772,20250905,26,9,129,1,1355.83,0,1355.83
16773,20240810,25,13,137,3,659.99,0,1979.97
16774,20250809,7,1,,1,4794.43,5,4554.71
16775,20250813,120,7,333,1,5078.17,5,4824.26
16776,20240326,81,22,238,1,1242.05,0,1242.05
16777,20251218,17,2,381,1,1735.19,5,1648.43
16778,20250809,79,12,144,1,1528.97,0,1528.97
16779,20240922,93,12,355,2,4029.05,0,8058.1
16780,20240419,34,11,347,2,1322.31,5,2512.39
16781,20251029,81,7,27,1,1242.05,0,1242.05
16782,20250829,1,2,226,1,1005.84,5,955.55
16783,20250319,42,12,389,1,2401.74,0,2401.74
16784,20250206,98,6,7,2,850.73,0,1701.46
16785,20250908,77,19,367,1,5233.57,10,4710.21
16786,20240215,119,21,300,2,2956.72,5,5617.77
16787,20251226,24,21,,1,3205.37,0,3205.37
16788,20240313,30,6,141,2,3704.61,0,7409.22
16789,20240419,51,14,317,2,2879.69,0,5759.38
16790,20251024,88,8,277,1,2796.03,10,2516.43
16791,20250101,42,12,,1,2401.74,10,2161.57
16792,20240408,101,23,25,1,1131.31,0,1131.31
16793,20250104,3,22,,1,2631.02,0,2631.02
16794,20250812,22,2,299,1,6438.69,5,6116.76
16795,20250419,21,25,280,3,1209.52,15,3084.28
16796,20240114,105,21,186,2,2890.92,0,5781.84
16797,20250801,37,14,374,1,3761.37,5,3573.3
16798,20250314,40,14,95,2,6858.19,10,12344.74
16799,20241010,15,8,289,1,4621.37,0,4621.37
16800,20241209,46,10,293,1,4179.48,0,4179.48
16801,20250923,102,5,,2,616.26,0,1232.52
16802,20251220,96,8,92,2,3006.66,0,6013.32
16803,20250826,85,12,218,3,6169.54,10,16657.76
16804,20250412,41,20,113,1,5693.66,10,5124.29
16805,20250126,50,18,206,1,3814.05,5,3623.35
16806,20240315,112,7,235,1,1434.74,10,1291.27
16807,20250802,91,14,29,1,6185.93,0,6185.93
16808,20250316,98,17,154,2,850.73,5,1616.39
16809,20240320,18,19,103,1,5185.3,0,5185.3
16810,20240324,87,23,48,4,2952.23,10,10628.03
16811,20241230,47,2,,1,2706.69,10,2436.02
16812,20240616,18,11,377,1,5185.3,5,4926.03
16813,20241004,10,17,136,1,3316.3,0,3316.3
16814,20250717,101,18,195,1,1131.31,10,1018.18
16815,20251123,100,2,392,1,4823.15,0,4823.15
16816,20251109,81,13,306,2,1242.05,10,2235.69
16817,20240930,31,10,186,1,7243.85,0,7243.85
16818,20241229,67,25,124,1,4800.44,0,4800.44
16819,20240311,12,9,324,2,1690.47,0,3380.94
16820,20240527,107,1,26,1,1952.14,5,1854.53
16821,20241031,70,7,190,1,3349.78,0,3349.78
16822,20240116,51,14,45,1,2879.69,10,2591.72
16823,20250123,36,4,356,3,682.61,5,1945.44
16824,20251128,104,13,325,2,6527.04,0,13054.08
16825,20251205,98,15,295,1,850.73,0,850.73
16826,20250924,43,20,,1,3747.63,10,3372.87
16827,20250804,77,18,341,1,5233.57,10,4710.21
16828,20250106,83,6,69,1,2689.64,15,2286.19
16829,20241030,15,20,395,3,4621.37,0,13864.11
16830,20240719,102,9,44,1,616.26,5,585.45
16831,20250703,108,15,169,1,3374.55,15,2868.37
16832,20250401,25,11,92,1,659.99,0,659.99
16833,20240202,2,6,17,1,882.35,5,838.23
16834,20241108,97,10,177,2,4779.12,0,9558.24
16835,20240422,87,3,,1,2952.23,0,2952.23
16836,20240104,112,12,226,1,1434.74,20,1147.79
16837,20250801,66,22,337,1,6204.11,0,6204.11
16838,20250909,23,25,110,1,5336.87,5,5070.03
16839,20250626,32,25,216,1,1604.88,0,1604.88
16840,20250417,7,15,319,1,4794.43,0,4794.43
16841,20251223,60,13,111,1,4273.1,10,3845.79
16842,20250521,47,13,360,1,2706.69,0,2706.69
16843,20250406,26,25,172,3,1355.83,15,3457.37
16844,20240524,98,24,34,1,850.73,0,850.73
16845,20250930,91,20,,3,6185.93,5,17629.9
16846,20250301,96,24,274,2,3006.66,0,6013.32
16847,20240425,43,12,99,1,3747.63,0,3747.63
16848,20240830,42,22,84,2,2401.74,0,4803.48
16849,20250209,54,16,356,1,2808.33,15,2387.08
16850,20250221,66,9,254,1,6204.11,15,5273.49
16851,20241026,87,21,202,1,2952.23,0,2952.23
16852,20240929,77,13,94,4,5233.57,0,20934.28
16853,20250427,50,3,358,1,3814.05,0,3814.05
16854,20240131,68,4,,1,1648.1,0,1648.1
16855,20240722,104,10,215,1,6527.04,0,6527.04
16856,20240606,15,17,166,1,4621.37,0,4621.37
16857,20251103,52,9,25,2,2796.94,0,5593.88
16858,20240102,76,18,345,1,5042.37,10,4538.13
16859,20250327,21,18,313,4,1209.52,0,4838.08
16860,20250624,88,4,11,1,2796.03,0,2796.03
16861,20250113,32,2,133,1,1604.88,5,1524.64
16862,20251227,25,20,208,1,659.99,5,626.99
16863,20250922,2,20,73,2,882.35,0,1764.7
16864,20250104,5,6,100,1,2284.3,0,2284.3
16865,20251130,8,6,112,1,3576.07,5,3397.27
16866,20250805,9,10,238,1,4835.47,0,4835.47
16867,20240330,6,13,,2,843.99,10,1519.18
16868,20250210,20,3,335,1,1915.63,10,1724.07
16869,20240204,42,17,365,1,2401.74,5,2281.65
16870,20251030,79,11,294,2,1528.97,10,2752.15
16871,20251013,106,17,175,1,717.87,0,717.87
16872,20250629,81,13,59,1,1242.05,0,1242.05
16873,20241203,90,18,93,1,3873.38,15,3292.37
16874,20241227,80,4,54,1,5880.6,10,5292.54
16875,20241220,63,1,391,1,4196.34,20,3357.07
16876,20251213,71,6,307,1,3918.6,0,3918.6
16877,20250409,71,7,54,1,3918.6,5,3722.67
16878,20250909,87,8,332,1,2952.23,0,2952.23
16879,20240217,59,6,217,2,2020.12,5,3838.23
16880,20251114,95,24,211,1,3960.41,10,3564.37
16881,20250130,20,13,383,1,1915.63,15,1628.29
16882,20240415,50,12,145,2,3814.05,0,7628.1
16883,20250608,3,5,67,2,2631.02,0,5262.04
16884,20251011,18,22,17,1,5185.3,5,4926.03
16885,20251126,23,7,25,1,5336.87,0,5336.87
16886,20250204,74,22,307,4,3249.83,10,11699.39
16887,20250109,63,6,82,3,4196.34,5,11959.57
16888,20240408,89,7,350,1,4062.25,10,3656.03
16889,20240926,27,19,153,1,1220.37,10,1098.33
16890,20241206,55,21,130,2,735.67,20,1177.07
16891,20250216,98,23,393,1,850.73,0,850.73
16892,20240319,44,17,118,1,4747.67,10,4272.9
16893,20251204,16,10,317,2,4330.21,5,8227.4
16894,20250626,82,5,224,2,3179.41,10,5722.94
16895,20250511,46,23,285,1,4179.48,10,3761.53
16896,20250226,21,6,44,1,1209.52,0,1209.52
16897,20240618,117,2,156,1,5631.66,0,5631.66
16898,20240401,8,11,361,1,3576.07,20,2860.86
16899,20250329,14,13,190,1,4823.13,0,4823.13
16900,20251228,23,25,37,1,5336.87,10,4803.18
16901,20250613,83,9,,1,2689.64,0,2689.64
16902,20240710,103,5,279,1,5201.47,0,5201.47
16903,20250202,74,11,187,2,3249.83,5,6174.68
16904,20251228,25,19,88,1,659.99,0,659.99
16905,20240818,21,9,,1,1209.52,0,1209.52
16906,20251112,14,5,232,1,4823.13,5,4581.97
16907,20251229,105,11,90,1,2890.92,0,2890.92
16908,20250826,115,10,233,1,2419.05,0,2419.05
16909,20250925,73,1,150,2,6348.65,5,12062.43
16910,20240425,87,14,15,1,2952.23,0,2952.23
16911,20240617,103,15,69,2,5201.47,0,10402.94
16912,20240411,106,7,62,3,717.87,5,2045.93
16913,20251222,59,4,290,1,2020.12,0,2020.12
16914,20241212,5,6,149,1,2284.3,0,2284.3
16915,20250112,73,16,242,1,6348.65,0,6348.65
16916,20251205,82,14,102,1,3179.41,0,3179.41
16917,20250214,10,10,29,1,3316.3,0,3316.3
16918,20240104,68,8,179,1,1648.1,5,1565.69
16919,20251029,80,11,328,1,5880.6,5,5586.57
16920,20240625,56,7,330,1,7088.96,0,7088.96
16921,20240521,42,18,296,1,2401.74,15,2041.48
16922,20240127,20,19,111,1,1915.63,5,1819.85
16923,20241212,43,16,323,1,3747.63,5,3560.25
16924,20240926,58,14,71,1,5200.5,5,4940.47
16925,20251201,70,9,141,1,3349.78,5,3182.29
16926,20250308,12,3,135,1,1690.47,0,1690.47
16927,20250115,4,14,246,1,1722.15,0,1722.15
16928,20251120,33,14,343,2,2291.4,0,4582.8
16929,20241009,78,1,167,2,1807.55,0,3615.1
16930,20250710,1,15,,3,1005.84,5,2866.64
16931,20251222,47,7,225,1,2706.69,5,2571.36
16932,20240420,64,16,280,1,4068.92,10,3662.03
16933,20241022,78,23,159,2,1807.55,5,3434.34
16934,20250618,85,17,370,1,6169.54,0,6169.54
16935,20251120,40,16,165,1,6858.19,20,5486.55
16936,20240914,4,19,342,2,1722.15,15,2927.66
16937,20240611,51,9,204,1,2879.69,0,2879.69
16938,20250115,103,17,169,2,5201.47,0,10402.94
16939,20240305,53,4,298,2,1453.18,0,2906.36
16940,20241016,4,3,361,1,1722.15,15,1463.83
16941,20250617,106,21,288,1,717.87,20,574.3
16942,20250506,6,6,36,1,843.99,0,843.99
16943,20240831,47,20,125,1,2706.69,0,2706.69
16944,20240823,109,15,61,1,2954.88,20,2363.9
16945,20250505,113,3,389,1,4385.13,5,4165.87
16946,20250924,51,1,396,1,2879.69,0,2879.69
16947,20240421,100,6,242,1,4823.15,0,4823.15
16948,20250814,91,22,11,1,6185.93,10,5567.34
16949,20241014,20,14,397,2,1915.63,15,3256.57
16950,20240908,116,6,265,1,6480.7,0,6480.7
16951,20240111,49,20,123,1,3974.14,5,3775.43
16952,20251113,22,4,163,2,6438.69,10,11589.64
16953,20240727,70,9,226,1,3349.78,0,3349.78
16954,20240717,72,4,64,1,1667.62,0,1667.62
16955,20241011,76,22,111,1,5042.37,0,5042.37
16956,20240621,64,2,,1,4068.92,10,3662.03
16957,20240106,4,22,175,1,1722.15,5,1636.04
16958,20250627,94,6,381,1,1460.17,0,1460.17
16959,20241116,54,18,,1,2808.33,0,2808.33
16960,20250101,2,7,376,1,882.35,10,794.12
16961,20250321,61,3,164,1,5731.62,0,5731.62
16962,20240821,67,8,336,1,4800.44,10,4320.4
16963,20251013,9,17,336,2,4835.47,5,9187.39
16964,20250418,14,17,13,3,4823.13,0,14469.39
16965,20251206,14,2,400,2,4823.13,0,9646.26
16966,20240924,64,2,149,1,4068.92,5,3865.47
16967,20250623,42,21,235,1,2401.74,5,2281.65
16968,20240327,48,9,375,3,2551.26,10,6888.4
16969,20250503,78,25,205,1,1807.55,0,1807.55
16970,20251008,38,8,224,1,1729.74,0,1729.74
16971,20240220,22,25,144,2,6438.69,0,12877.38
16972,20251018,97,3,123,1,4779.12,5,4540.16
16973,20240928,32,18,103,1,1604.88,0,1604.88
16974,20240419,1,2,177,1,1005.84,0,1005.84
16975,20250817,109,9,46,1,2954.88,10,2659.39
16976,20251219,80,20,163,1,5880.6,10,5292.54
16977,20251103,34,17,233,1,1322.31,0,1322.31
16978,20241223,6,25,327,1,843.99,0,843.99
16979,20240128,16,3,76,1,4330.21,15,3680.68
16980,20250409,33,2,378,2,2291.4,5,4353.66
16981,20240621,6,15,192,1,843.99,0,843.99
16982,20240510,5,5,65,1,2284.3,5,2170.09
16983,20250114,13,7,307,3,4729.21,10,12768.87
16984,20241008,86,21,385,1,4002.37,15,3402.01
16985,20250507,113,21,342,1,4385.13,0,4385.13
16986,20251223,64,8,342,1,4068.92,0,4068.92
16987,20240131,14,7,303,1,4823.13,10,4340.82
16988,20250428,52,11,143,1,2796.94,0,2796.94
16989,20240310,90,21,,1,3873.38,20,3098.7
16990,20250319,69,4,365,1,2128.62,10,1915.76
16991,20240415,25,18,395,1,659.99,15,560.99
16992,20251030,37,8,246,2,3761.37,5,7146.6
16993,20240122,92,5,118,1,2008.22,0,2008.22
16994,20240221,36,16,341,1,682.61,10,614.35
16995,20240716,101,17,50,1,1131.31,5,1074.74
16996,20240809,58,5,308,1,5200.5,5,4940.47
16997,20250206,32,6,335,1,1604.88,0,1604.88
16998,20240330,110,24,135,1,3839.63,5,3647.65
16999,20240807,114,1,292,3,3973.22,0,11919.66
17000,20240626,101,16,341,1,1131.31,10,1018.18
17001,20241020,50,8,90,1,3814.05,0,3814.05
17002,20240917,100,6,396,1,4823.15,10,4340.84
17003,20240906,30,2,242,1,3704.61,15,3148.92
17004,20240517,95,11,399,1,3960.41,0,3960.41
17005,20241019,51,20,201,1,2879.69,20,2303.75
17006,20251126,51,14,325,1,2879.69,15,2447.74
17007,20240822,25,24,370,1,659.99,0,659.99
17008,20240105,3,20,305,2,2631.02,0,5262.04
17009,20240729,76,13,170,1,5042.37,0,5042.37
17010,20240926,17,18,331,2,1735.19,0,3470.38
17011,20241111,113,13,355,1,4385.13,5,4165.87
17012,20251219,94,21,57,1,1460.17,0,1460.17
17013,20240701,85,18,384,2,6169.54,20,9871.26
17014,20241019,68,17,250,1,1648.1,5,1565.69
17015,20240826,29,21,395,3,1567.62,0,4702.86
17016,20240704,46,7,119,1,4179.48,15,3552.56
17017,20241119,97,22,4,1,4779.12,0,4779.12
17018,20250629,53,11,392,1,1453.18,0,1453.18
17019,20240316,54,18,44,1,2808.33,0,2808.33
17020,20241020,53,19,46,1,1453.18,10,1307.86
17021,20250721,104,11,101,1,6527.04,0,6527.04
17022,20240410,87,21,327,1,2952.23,15,2509.4
17023,20250817,43,14,133,1,3747.63,0,3747.63
17024,20251110,10,19,141,1,3316.3,5,3150.49
17025,20250627,96,24,41,1,3006.66,0,3006.66
17026,20240904,73,4,398,1,6348.65,5,6031.22
17027,20250222,64,12,318,1,4068.92,0,4068.92
17028,20241122,62,12,220,2,978.5,15,1663.45
17029,20240503,111,25,100,3,1506.58,10,4067.77
17030,20250721,86,16,207,1,4002.37,0,4002.37
17031,20240428,42,11,128,2,2401.74,0,4803.48
17032,20250907,110,4,212,1,3839.63,10,3455.67
17033,20240818,16,6,,1,4330.21,0,4330.21
17034,20240816,115,24,1,2,2419.05,20,3870.48
17035,20240220,83,13,302,1,2689.64,0,2689.64
17036,20240429,18,21,333,1,5185.3,5,4926.03
17037,20251010,87,3,310,3,2952.23,10,7971.02
17038,20240304,86,1,126,2,4002.37,0,8004.74
17039,20240714,10,4,302,2,3316.3,5,6300.97
17040,20250419,115,23,397,1,2419.05,0,2419.05
17041,20240901,89,21,53,2,4062.25,0,8124.5
17042,20240316,25,6,14,2,659.99,0,1319.98
17043,20240201,29,9,263,1,1567.62,0,1567.62
17044,20240125,98,6,120,2,850.73,0,1701.46
17045,20240414,14,2,343,1,4823.13,5,4581.97
17046,20240220,103,25,152,1,5201.47,0,5201.47
17047,20240521,50,23,305,4,3814.05,20,12204.96
17048,20251225,35,10,114,1,3748.04,0,3748.04
17049,20240428,5,19,187,2,2284.3,0,4568.6
17050,20250116,21,18,301,1,1209.52,10,1088.57
17051,20241002,67,17,,2,4800.44,5,9120.84
17052,20241101,101,4,372,1,1131.31,5,1074.74
17053,20240523,76,3,285,1,5042.37,5,4790.25
17054,20250131,81,16,20,1,1242.05,5,1179.95
17055,20241229,10,19,329,1,3316.3,0,3316.3
17056,20240901,75,19,81,1,2266.5,10,2039.85
17057,20250401,56,19,112,1,7088.96,0,7088.96
17058,20240525,29,2,190,1,1567.62,20,1254.1
17059,20251213,2,6,141,1,882.35,5,838.23
17060,20250220,117,8,255,1,5631.66,0,5631.66
17061,20250304,19,8,345,2,3799.68,0,7599.36
17062,20240622,37,25,,1,3761.37,0,3761.37
17063,20240520,72,9,,3,1667.62,20,4002.29
17064,20240920,19,8,16,1,3799.68,0,3799.68
17065,20241129,114,14,277,2,3973.22,0,7946.44
17066,20240606,27,1,85,1,1220.37,0,1220.37
17067,20251012,107,22,273,1,1952.14,0,1952.14
17068,20251130,2,18,82,1,882.35,0,882.35
17069,20240516,75,19,25,2,2266.5,10,4079.7
17070,20240724,93,19,251,1,4029.05,5,3827.6
17071,20240630,101,21,94,1,1131.31,0,1131.31
17072,20240620,54,25,110,1,2808.33,0,2808.33
17073,20250330,103,23,23,1,5201.47,0,5201.47
17074,20250805,77,24,,1,5233.57,0,5233.57
17075,20251215,61,24,175,2,5731.62,5,10890.08
17076,20250921,101,20,44,2,1131.31,0,2262.62
17077,20250916,23,15,176,3,5336.87,5,15210.08
17078,20240427,79,10,211,1,1528.97,0,1528.97
17079,20250720,13,24,301,1,4729.21,0,4729.21
17080,20250610,46,18,3,1,4179.48,0,4179.48
17081,20250408,72,1,226,1,1667.62,0,1667.62
17082,20250214,82,25,388,2,3179.41,0,6358.82
17083,20240619,61,25,254,1,5731.62,20,4585.3
17084,20240221,15,13,287,3,4621.37,5,13170.9
17085,20250510,115,5,229,1,2419.05,0,2419.05
17086,20240323,29,13,211,1,1567.62,0,1567.62
17087,20241029,117,10,201,2,5631.66,0,11263.32
17088,20251123,67,5,43,1,4800.44,0,4800.44
17089,20250520,108,17,302,2,3374.55,5,6411.65
17090,20240411,18,13,76,1,5185.3,0,5185.3
17091,20241002,71,10,,1,3918.6,5,3722.67
17092,20240502,33,16,304,3,2291.4,0,6874.2
17093,20250210,120,12,,1,5078.17,0,5078.17
17094,20240601,120,7,311,1,5078.17,20,4062.54
17095,20251208,29,12,93,1,1567.62,20,1254.1
17096,20251210,120,18,296,1,5078.17,0,5078.17
17097,20250225,68,14,328,3,1648.1,5,4697.08
17098,20250621,93,20,14,1,4029.05,10,3626.15
17099,20241222,102,23,,1,616.26,0,616.26
17100,20241102,3,12,,2,2631.02,0,5262.04
17101,20240612,63,15,201,4,4196.34,0,16785.36
17102,20241019,46,21,17,1,4179.48,0,4179.48
17103,20240216,29,4,145,1,1567.62,0,1567.62
17104,20241105,93,24,100,1,4029.05,10,3626.15
17105,20250716,106,25,155,1,717.87,5,681.98
17106,20250717,116,9,161,1,6480.7,0,6480.7
17107,20240721,118,16,,1,5698.72,0,5698.72
17108,20250812,93,18,,1,4029.05,0,4029.05
17109,20251017,38,18,122,2,1729.74,0,3459.48
17110,20240511,39,23,358,2,3883.73,0,7767.46
17111,20250413,65,18,,3,3541.34,10,9561.62
17112,20251004,34,7,274,2,1322.31,0,2644.62
17113,20240515,54,10,23,2,2808.33,5,5335.83
17114,20250222,63,25,185,1,4196.34,0,4196.34
17115,20250805,100,3,92,1,4823.15,0,4823.15
17116,20241203,66,7,74,4,6204.11,5,23575.62
17117,20240526,118,13,306,1,5698.72,5,5413.78
17118,20241125,111,21,131,1,1506.58,0,1506.58
17119,20240523,65,4,66,3,3541.34,0,10624.02
17120,20250310,60,19,366,1,4273.1,20,3418.48
17121,20241211,33,3,97,1,2291.4,5,2176.83
17122,20241016,96,14,271,1,3006.66,0,3006.66
17123,20240728,53,19,176,1,1453.18,0,1453.18
17124,20241113,35,24,,1,3748.04,0,3748.04
17125,20250216,32,20,132,4,1604.88,0,6419.52
17126,20251008,84,13,74,1,4822.61,20,3858.09
17127,20240121,27,17,,2,1220.37,0,2440.74
17128,20250207,83,22,51,1,2689.64,15,2286.19
17129,20240719,21,15,136,1,1209.52,5,1149.04
17130,20240210,16,10,96,4,4330.21,10,15588.76
17131,20250527,69,2,291,1,2128.62,0,2128.62
17132,20251012,9,9,253,1,4835.47,5,4593.7
17133,20250106,58,9,,3,5200.5,0,15601.5
17134,20240516,20,14,120,2,1915.63,15,3256.57
17135,20240127,97,3,372,1,4779.12,5,4540.16
17136,20250726,114,17,,2,3973.22,5,7549.12
17137,20251208,111,5,,3,1506.58,0,4519.74
17138,20250710,46,13,257,1,4179.48,5,3970.51
17139,20250111,98,20,136,1,850.73,0,850.73
17140,20240808,22,5,271,1,6438.69,0,6438.69
17141,20251122,72,3,49,1,1667.62,5,1584.24
17142,20240104,21,15,,1,1209.52,20,967.62
17143,20250323,17,24,276,1,1735.19,0,1735.19
17144,20250318,43,5,131,1,3747.63,10,3372.87
17145,20250214,113,17,,1,4385.13,0,4385.13
17146,20250411,97,13,182,1,4779.12,15,4062.25
17147,20250421,22,23,356,1,6438.69,0,6438.69
17148,20250501,69,23,10,2,2128.62,0,4257.24
17149,20240727,10,6,78,1,3316.3,15,2818.86
17150,20250528,15,20,399,1,4621.37,0,4621.37
17151,20240509,45,17,77,1,1364.28,5,1296.07
17152,20250622,51,7,262,2,2879.69,0,5759.38
17153,20251229,13,11,64,1,4729.21,10,4256.29
17154,20240501,67,1,119,1,4800.44,0,4800.44
17155,20240601,12,11,12,1,1690.47,0,1690.47
17156,20250701,31,12,163,1,7243.85,0,7243.85
17157,20240324,85,7,236,3,6169.54,15,15732.33
17158,20250921,89,13,387,1,4062.25,0,4062.25
17159,20241001,11,6,206,1,5902.88,0,5902.88
17160,20250606,99,15,37,3,4915.0,5,14007.75
17161,20240726,46,25,85,2,4179.48,0,8358.96
17162,20240906,63,1,,1,4196.34,0,4196.34
17163,20240611,25,18,384,4,659.99,0,2639.96
17164,20240710,102,14,335,1,616.26,0,616.26
17165,20240805,87,17,249,1,2952.23,0,2952.23
17166,20251101,50,6,146,1,3814.05,0,3814.05
17167,20251103,99,5,220,1,4915.0,0,4915.0
17168,20240921,58,24,112,1,5200.5,5,4940.47
17169,20250416,27,18,11,2,1220.37,5,2318.7
17170,20251214,25,13,392,2,659.99,15,1121.98
17171,20250602,77,19,278,3,5233.57,0,15700.71
17172,20251017,42,2,392,1,2401.74,5,2281.65
17173,20240212,51,23,127,1,2879.69,0,2879.69
17174,20250411,80,4,,1,5880.6,10,5292.54
17175,20241118,104,16,285,1,6527.04,5,6200.69
17176,20240602,102,4,206,1,616.26,5,585.45
17177,20240805,4,18,18,2,1722.15,15,2927.66
17178,20250110,48,20,229,1,2551.26,10,2296.13
17179,20240624,16,20,376,2,4330.21,10,7794.38
17180,20250312,34,13,30,1,1322.31,0,1322.31
17181,20250902,33,11,78,1,2291.4,5,2176.83
17182,20240819,47,15,262,2,2706.69,10,4872.04
17183,20250624,34,15,58,1,1322.31,10,1190.08
17184,20240424,47,20,333,1,2706.69,10,2436.02
17185,20240328,111,8,117,1,1506.58,5,1431.25
17186,20251024,30,8,357,3,3704.61,0,11113.83
17187,20250322,54,23,234,2,2808.33,0,5616.66
17188,20251130,24,12,88,1,3205.37,0,3205.37
17189,20241206,74,13,339,2,3249.83,0,6499.66
17190,20240215,66,3,,1,6204.11,10,5583.7
17191,20250721,105,17,,1,2890.92,15,2457.28
17192,20250529,95,17,141,1,3960.41,5,3762.39
17193,20240306,58,22,137,1,5200.5,5,4940.47
17194,20250426,53,11,129,2,1453.18,0,2906.36
17195,20250628,76,17,240,2,5042.37,0,10084.74
17196,20250729,101,11,276,1,1131.31,0,1131.31
17197,20250420,86,17,132,1,4002.37,0,4002.37
17198,20240930,108,22,151,1,3374.55,10,3037.1
17199,20250901,20,9,177,1,1915.63,20,1532.5
17200,20251118,107,22,22,1,1952.14,20,1561.71
17201,20251109,30,9,207,1,3704.61,10,3334.15
17202,20251117,23,18,272,2,5336.87,0,10673.74
17203,20240218,88,15,38,1,2796.03,10,2516.43
17204,20250618,33,17,155,1,2291.4,5,2176.83
17205,20250119,88,25,93,1,2796.03,0,2796.03
17206,20250916,47,6,107,2,2706.69,5,5142.71
17207,20240813,116,1,120,1,6480.7,0,6480.7
17208,20250516,106,6,351,1,717.87,0,717.87
17209,20240608,22,8,,1,6438.69,10,5794.82
17210,20241208,67,19,25,1,4800.44,0,4800.44
17211,20240724,77,25,308,1,5233.57,0,5233.57
17212,20240809,109,12,297,1,2954.88,5,2807.14
17213,20240324,40,20,,4,6858.19,0,27432.76
17214,20250430,46,21,144,1,4179.48,0,4179.48
17215,20251228,1,6,17,1,1005.84,5,955.55
17216,20251122,5,5,386,1,2284.3,0,2284.3
17217,20241109,6,14,106,1,843.99,15,717.39
17218,20250310,2,12,243,2,882.35,10,1588.23
17219,20250326,53,16,,1,1453.18,0,1453.18
17220,20241202,16,4,,1,4330.21,0,4330.21
17221,20250412,56,25,261,1,7088.96,0,7088.96
17222,20250819,29,21,380,4,1567.62,10,5643.43
17223,20251127,86,12,221,1,4002.37,0,4002.37
17224,20240308,102,5,137,1,616.26,5,585.45
17225,20241209,5,11,191,2,2284.3,5,4340.17
17226,20240105,89,14,226,1,4062.25,0,4062.25
17227,20240319,4,21,340,1,1722.15,5,1636.04
17228,20250122,99,10,379,1,4915.0,0,4915.0
17229,20240426,109,8,279,1,2954.88,15,2511.65
17230,20250530,87,12,383,2,2952.23,5,5609.24
17231,20250927,67,5,61,1,4800.44,0,4800.44
17232,20250315,95,4,85,3,3960.41,0,11881.23
17233,20240617,73,9,295,3,6348.65,20,15236.76
17234,20240103,90,1,284,1,3873.38,0,3873.38
17235,20240418,42,23,249,1,2401.74,15,2041.48
17236,20240329,14,20,,1,4823.13,0,4823.13
17237,20240429,22,13,71,2,6438.69,5,12233.51
17238,20250310,53,18,344,1,1453.18,0,1453.18
17239,20240910,97,4,246,1,4779.12,15,4062.25
17240,20240228,71,22,360,1,3918.6,5,3722.67
17241,20251027,28,20,372,1,3988.05,0,3988.05
17242,20240609,31,17,151,1,7243.85,20,5795.08
17243,20240613,82,12,215,1,3179.41,0,3179.41
17244,20250219,108,5,35,1,3374.55,5,3205.82
17245,20251017,64,23,,3,4068.92,5,11596.42
17246,20251115,25,15,,1,659.99,0,659.99
17247,20240501,32,12,80,1,1604.88,10,1444.39
17248,20250624,112,25,5,2,1434.74,0,2869.48
17249,20241016,1,22,298,1,1005.84,10,905.26
17250,20250305,24,17,254,1,3205.37,0,3205.37
17251,20240106,109,5,139,2,2954.88,15,5023.3
17252,20240617,53,1,216,1,1453.18,10,1307.86
17253,20240126,62,5,263,2,978.5,10,1761.3
17254,20250402,5,18,317,2,2284.3,0,4568.6
17255,20240211,81,22,362,1,1242.05,0,1242.05
17256,20240428,116,21,318,4,6480.7,15,22034.38
17257,20240216,117,3,282,1,5631.66,0,5631.66
17258,20250910,15,6,375,1,4621.37,0,4621.37
17259,20250711,15,18,269,1,4621.37,0,4621.37
17260,20240329,2,23,294,1,882.35,5,838.23
17261,20251002,84,3,,1,4822.61,0,4822.61
17262,20250508,40,4,33,1,6858.19,15,5829.46
17263,20251105,64,15,,1,4068.92,15,3458.58
17264,20240317,113,21,283,2,4385.13,5,8331.75
17265,20240522,79,3,57,2,1528.97,0,3057.94
17266,20240405,50,7,324,1,3814.05,0,3814.05
17267,20240225,65,14,377,2,3541.34,5,6728.55
17268,20251004,32,13,341,1,1604.88,10,1444.39
17269,20250719,44,14,141,1,4747.67,0,4747.67
17270,20250530,69,11,343,1,2128.62,5,2022.19
17271,20250906,32,4,80,1,1604.88,0,1604.88
17272,20251212,66,5,108,1,6204.11,0,6204.11
17273,20250805,115,9,352,1,2419.05,0,2419.05
17274,20240409,104,14,105,1,6527.04,20,5221.63
17275,20250406,87,19,8,2,2952.23,20,4723.57
17276,20251119,68,17,174,1,1648.1,5,1565.69
17277,20241206,26,21,105,1,1355.83,0,1355.83
17278,20250503,44,24,58,1,4747.67,10,4272.9
17279,20251019,90,9,211,1,3873.38,5,3679.71
17280,20240814,5,15,358,1,2284.3,0,2284.3
17281,20240430,22,15,20,2,6438.69,10,11589.64
17282,20240522,114,9,259,1,3973.22,5,3774.56
17283,20251116,27,16,76,1,1220.37,5,1159.35
17284,20251018,12,11,19,2,1690.47,5,3211.89
17285,20240723,98,16,51,1,850.73,5,808.19
17286,20250724,14,14,341,2,4823.13,15,8199.32
17287,20240510,92,23,363,1,2008.22,5,1907.81
17288,20241003,74,6,247,3,3249.83,0,9749.49
17289,20240606,91,20,62,1,6185.93,0,6185.93
17290,20250731,41,21,108,1,5693.66,0,5693.66
17291,20240106,51,16,214,3,2879.69,0,8639.07
17292,20240306,50,16,327,1,3814.05,15,3241.94
17293,20250713,116,10,214,1,6480.7,15,5508.59
17294,20240904,95,19,215,1,3960.41,5,3762.39
17295,20251124,67,7,277,2,4800.44,5,9120.84
17296,20240710,49,9,331,2,3974.14,5,7550.87
17297,20250111,86,9,93,2,4002.37,0,8004.74
17298,20240315,49,3,199,2,3974.14,0,7948.28
17299,20240707,101,8,44,1,1131.31,0,1131.31
17300,20251003,9,18,40,1,4835.47,5,4593.7
17301,20250319,60,21,108,1,4273.1,10,3845.79
17302,20250306,70,7,328,1,3349.78,0,3349.78
17303,20250104,37,20,82,1,3761.37,5,3573.3
17304,20240425,88,21,104,1,2796.03,5,2656.23
17305,20240310,29,8,126,1,1567.62,0,1567.62
17306,20240825,99,13,,1,4915.0,0,4915.0
17307,20241112,88,8,308,3,2796.03,0,8388.09
17308,20250506,103,7,274,1,5201.47,0,5201.47
17309,20241124,7,4,,2,4794.43,10,8629.97
17310,20240606,70,15,200,1,3349.78,0,3349.78
17311,20241204,26,25,,2,1355.83,5,2576.08
17312,20250311,1,4,213,2,1005.84,0,2011.68
17313,20240418,11,21,8,2,5902.88,10,10625.18
17314,20241002,49,15,319,1,3974.14,15,3378.02
17315,20240718,53,16,,3,1453.18,20,3487.63
17316,20251015,14,23,,1,4823.13,10,4340.82
17317,20250111,12,24,134,1,1690.47,0,1690.47
17318,20250414,92,5,87,1,2008.22,5,1907.81
17319,20241114,50,21,23,2,3814.05,0,7628.1
17320,20241208,86,25,122,3,4002.37,5,11406.75
17321,20250925,51,4,51,1,2879.69,0,2879.69
17322,20240725,27,20,59,1,1220.37,10,1098.33
17323,20240304,20,23,334,1,1915.63,0,1915.63
17324,20241011,70,9,10,1,3349.78,0,3349.78
17325,20240803,1,1,115,1,1005.84,0,1005.84
17326,20251010,79,19,255,1,1528.97,0,1528.97
17327,20251022,68,22,366,1,1648.1,0,1648.1
17328,20251202,50,2,54,2,3814.05,0,7628.1
17329,20250908,35,9,203,1,3748.04,5,3560.64
17330,20250105,50,12,54,1,3814.05,0,3814.05
17331,20251215,49,16,55,1,3974.14,15,3378.02
17332,20250414,23,25,256,1,5336.87,5,5070.03
17333,20241011,33,6,8,1,2291.4,10,2062.26
17334,20250729,72,9,49,1,1667.62,10,1500.86
17335,20240717,28,3,56,2,3988.05,20,6380.88
17336,20240213,25,22,55,3,659.99,0,1979.97
17337,20250106,33,13,113,1,2291.4,5,2176.83
17338,20251102,76,3,14,1,5042.37,0,5042.37
17339,20251210,27,23,91,3,1220.37,5,3478.05
17340,20240327,89,15,163,1,4062.25,0,4062.25
17341,20250503,103,23,,1,5201.47,5,4941.4
17342,20240513,5,23,167,1,2284.3,0,2284.3
17343,20241226,79,12,,1,1528.97,0,1528.97
17344,20251103,86,16,142,2,4002.37,0,8004.74
17345,20250421,89,1,259,1,4062.25,20,3249.8
17346,20250715,28,5,,3,3988.05,15,10169.53
17347,20240122,78,8,261,1,1807.55,10,1626.8
17348,20240226,31,8,339,1,7243.85,0,7243.85
17349,20240723,24,16,107,1,3205.37,0,3205.37
17350,20240623,44,22,323,2,4747.67,0,9495.34
17351,20250912,9,2,,2,4835.47,10,8703.85
17352,20241022,86,25,353,1,4002.37,0,4002.37
17353,20240125,86,22,385,3,4002.37,0,12007.11
17354,20241101,116,24,77,1,6480.7,0,6480.7
17355,20250813,36,16,149,3,682.61,0,2047.83
17356,20250518,4,6,321,1,1722.15,5,1636.04
17357,20251110,85,15,332,2,6169.54,15,10488.22
17358,20250120,43,11,88,4,3747.63,5,14240.99
17359,20250210,103,15,59,2,5201.47,5,9882.79
17360,20250222,65,11,287,1,3541.34,10,3187.21
17361,20250618,78,4,73,2,1807.55,0,3615.1
17362,20240930,110,12,261,1,3839.63,0,3839.63
17363,20251124,27,23,,1,1220.37,10,1098.33
17364,20240608,80,3,321,1,5880.6,0,5880.6
17365,20240303,58,7,,1,5200.5,0,5200.5
17366,20250118,39,4,126,1,3883.73,0,3883.73
17367,20240413,35,14,47,2,3748.04,5,7121.28
17368,20241105,18,9,275,1,5185.3,0,5185.3
17369,20250327,96,22,,1,3006.66,0,3006.66
17370,20240721,105,8,348,2,2890.92,15,4914.56
17371,20240608,17,5,,1,1735.19,0,1735.19
17372,20250627,102,24,337,3,616.26,0,1848.78
17373,20241201,37,22,300,1,3761.37,0,3761.37
17374,20250829,22,5,109,1,6438.69,0,6438.69
17375,20241013,46,18,145,1,4179.48,0,4179.48
17376,20250415,34,1,223,2,1322.31,0,2644.62
17377,20250126,24,23,235,1,3205.37,0,3205.37
17378,20240831,36,13,16,1,682.61,0,682.61
17379,20240330,2,9,330,1,882.35,0,882.35
17380,20250225,102,25,11,2,616.26,5,1170.89
17381,20241101,18,15,289,1,5185.3,0,5185.3
17382,20251014,29,25,264,1,1567.62,10,1410.86
17383,20240923,102,21,140,2,616.26,0,1232.52
17384,20240218,52,22,212,1,2796.94,10,2517.25
17385,20251120,102,10,95,1,616.26,0,616.26
17386,20250402,15,9,17,1,4621.37,15,3928.16
17387,20250313,83,11,92,2,2689.64,5,5110.32
17388,20250516,96,16,102,1,3006.66,5,2856.33
17389,20240313,85,8,62,1,6169.54,0,6169.54
17390,20240504,53,25,331,1,1453.18,0,1453.18
17391,20240718,81,6,342,2,1242.05,5,2359.89
17392,20240913,38,7,231,1,1729.74,5,1643.25
17393,20250917,49,17,242,1,3974.14,0,3974.14
17394,20250121,89,18,398,1,4062.25,0,4062.25
17395,20250710,101,25,3,1,1131.31,0,1131.31
17396,20240104,57,17,356,1,3796.83,0,3796.83
17397,20240416,102,18,191,1,616.26,0,616.26
17398,20251125,26,9,185,1,1355.83,0,1355.83
17399,20251126,114,10,,2,3973.22,15,6754.47
17400,20241213,24,17,395,1,3205.37,15,2724.56
17401,20241003,93,13,35,1,4029.05,5,3827.6
17402,20240729,85,24,302,3,6169.54,0,18508.62
17403,20251103,60,7,282,1,4273.1,5,4059.45
17404,20240525,102,16,290,1,616.26,5,585.45
17405,20240820,86,2,128,3,4002.37,5,11406.75
17406,20250915,11,1,81,1,5902.88,5,5607.74
17407,20250108,37,5,,1,3761.37,10,3385.23
17408,20250314,14,13,132,1,4823.13,10,4340.82
17409,20241213,32,20,330,2,1604.88,0,3209.76
17410,20250119,115,10,,1,2419.05,10,2177.15
17411,20251201,107,20,,1,1952.14,15,1659.32
17412,20250425,47,6,193,2,2706.69,0,5413.38
17413,20250208,26,23,6,4,1355.83,0,5423.32
17414,20240310,3,14,47,1,2631.02,5,2499.47
17415,20251002,8,19,327,2,3576.07,0,7152.14
17416,20240616,22,19,,1,6438.69,0,6438.69
17417,20250508,90,1,376,2,3873.38,0,7746.76
17418,20241224,21,16,244,2,1209.52,0,2419.04
17419,20250321,36,25,102,1,682.61,5,648.48
17420,20240308,120,8,369,2,5078.17,5,9648.52
17421,20250508,44,23,376,2,4747.67,0,9495.34
17422,20240803,87,13,25,1,2952.23,10,2657.01
17423,20240103,69,10,133,1,2128.62,0,2128.62
17424,20241108,27,12,,1,1220.37,5,1159.35
17425,20240906,86,18,282,2,4002.37,0,8004.74
17426,20251018,78,20,,1,1807.55,0,1807.55
17427,20241208,106,21,285,1,717.87,5,681.98
17428,20250620,56,14,31,1,7088.96,15,6025.62
17429,20250119,23,12,265,1,5336.87,0,5336.87
17430,20250807,99,20,205,1,4915.0,15,4177.75
17431,20240808,62,6,277,1,978.5,0,978.5
17432,20251112,65,2,99,1,3541.34,0,3541.34
17433,20251015,120,1,262,1,5078.17,0,5078.17
17434,20240906,33,18,383,1,2291.4,20,1833.12
17435,20251230,68,7,,1,1648.1,0,1648.1
17436,20251207,72,25,355,1,1667.62,5,1584.24
17437,20241028,93,8,397,3,4029.05,15,10274.08
17438,20250514,99,9,31,1,4915.0,10,4423.5
17439,20251025,100,18,42,2,4823.15,15,8199.35
17440,20240209,66,22,325,2,6204.11,0,12408.22
17441,20250705,32,6,321,1,1604.88,15,1364.15
17442,20240714,19,3,334,1,3799.68,15,3229.73
17443,20240311,107,1,391,1,1952.14,0,1952.14
17444,20250508,72,20,76,1,1667.62,0,1667.62
17445,20250505,65,22,174,3,3541.34,5,10092.82
17446,20250212,72,12,80,2,1667.62,0,3335.24
17447,20251002,21,14,19,1,1209.52,0,1209.52
17448,20251005,41,20,,2,5693.66,5,10817.95
17449,20240615,89,25,5,1,4062.25,0,4062.25
17450,20250221,56,23,175,1,7088.96,0,7088.96
17451,20250328,92,3,84,1,2008.22,0,2008.22
17452,20240802,71,18,336,1,3918.6,15,3330.81
17453,20250730,61,24,141,1,5731.62,5,5445.04
17454,20251110,57,8,323,2,3796.83,0,7593.66
17455,20250521,1,13,220,1,1005.84,5,955.55
17456,20240207,37,22,280,1,3761.37,5,3573.3
17457,20240426,9,6,160,1,4835.47,20,3868.38
17458,20240930,4,2,362,1,1722.15,20,1377.72
17459,20250524,36,25,47,1,682.61,10,614.35
17460,20250130,4,16,396,2,1722.15,5,3272.09
17461,20251028,46,14,58,1,4179.48,0,4179.48
17462,20251115,93,12,128,1,4029.05,5,3827.6
17463,20250630,98,10,9,1,850.73,0,850.73
17464,20250101,5,17,70,4,2284.3,0,9137.2
17465,20250402,92,18,258,1,2008.22,0,2008.22
17466,20250121,103,7,359,1,5201.47,0,5201.47
17467,20241216,70,25,296,1,3349.78,10,3014.8
17468,20240430,57,7,17,1,3796.83,0,3796.83
17469,20251001,96,3,155,2,3006.66,0,6013.32
17470,20240112,7,22,320,3,4794.43,0,14383.29
17471,20241007,105,5,29,1,2890.92,0,2890.92
17472,20251003,87,3,288,1,2952.23,5,2804.62
17473,20240909,12,22,,1,1690.47,10,1521.42
17474,20250414,36,13,46,4,682.61,0,2730.44
17475,20250304,104,7,48,1,6527.04,0,6527.04
17476,20250708,53,3,301,1,1453.18,5,1380.52
17477,20241107,71,20,134,1,3918.6,10,3526.74
17478,20250809,76,18,236,3,5042.37,0,15127.11
17479,20250530,8,22,183,1,3576.07,0,3576.07
17480,20250707,54,20,309,1,2808.33,10,2527.5
17481,20241223,47,22,194,2,2706.69,10,4872.04
17482,20250912,33,5,,1,2291.4,15,1947.69
17483,20250821,2,20,149,1,882.35,0,882.35
17484,20240304,47,14,349,1,2706.69,0,2706.69
17485,20250520,115,4,49,1,2419.05,10,2177.15
17486,20240821,95,4,11,1,3960.41,0,3960.41
17487,20240507,95,12,250,1,3960.41,0,3960.41
17488,20250511,100,2,195,1,4823.15,15,4099.68
17489,20250627,84,12,67,1,4822.61,15,4099.22
17490,20240820,112,9,314,2,1434.74,5,2726.01
17491,20250126,86,5,38,3,4002.37,10,10806.4
17492,20250829,21,10,334,1,1209.52,0,1209.52
17493,20241130,87,7,200,1,2952.23,10,2657.01
17494,20241112,41,18,319,1,5693.66,10,5124.29
17495,20250928,101,24,243,1,1131.31,0,1131.31
17496,20250627,80,1,142,1,5880.6,10,5292.54
17497,20241104,85,5,363,1,6169.54,0,6169.54
17498,20240507,117,23,171,1,5631.66,5,5350.08
17499,20240218,21,7,1,1,1209.52,10,1088.57
17500,20241228,118,1,354,1,5698.72,10,5128.85
17501,20250714,38,5,129,1,1729.74,5,1643.25
17502,20250921,81,15,122,2,1242.05,0,2484.1
17503,20250722,117,20,156,1,5631.66,0,5631.66
17504,20241101,102,19,,1,616.26,0,616.26
17505,20250815,27,13,394,2,1220.37,0,2440.74
17506,20241030,8,17,,1,3576.07,10,3218.46
17507,20251110,66,6,96,2,6204.11,0,12408.22
17508,20241011,52,6,,4,2796.94,0,11187.76
17509,20250821,81,19,135,3,1242.05,0,3726.15
17510,20250724,34,22,385,1,1322.31,15,1123.96
17511,20240517,95,20,311,1,3960.41,15,3366.35
17512,20240323,98,5,154,1,850.73,0,850.73
17513,20240611,116,17,109,2,6480.7,0,12961.4
17514,20250130,82,17,85,1,3179.41,0,3179.41
17515,20240420,17,15,275,1,1735.19,0,1735.19
17516,20251003,67,17,140,1,4800.44,15,4080.37
17517,20240416,30,14,294,1,3704.61,0,3704.61
17518,20240130,85,9,157,1,6169.54,10,5552.59
17519,20250521,96,8,353,2,3006.66,15,5111.32
17520,20250218,63,10,157,1,4196.34,0,4196.34
17521,20250113,92,11,153,2,2008.22,5,3815.62
17522,20240606,86,24,150,2,4002.37,10,7204.27
17523,20241229,65,1,221,1,3541.34,0,3541.34
17524,20251002,92,4,171,3,2008.22,0,6024.66
17525,20251121,50,10,181,1,3814.05,0,3814.05
17526,20251223,85,10,298,1,6169.54,10,5552.59
17527,20251220,4,18,375,1,1722.15,10,1549.94
17528,20251210,5,13,344,1,2284.3,10,2055.87
17529,20240818,38,11,45,1,1729.74,5,1643.25
17530,20240630,73,14,228,2,6348.65,5,12062.43
17531,20250715,108,24,269,3,3374.55,0,10123.65
17532,20250328,117,13,77,1,5631.66,0,5631.66
17533,20250605,50,10,371,1,3814.05,10,3432.65
17534,20240805,106,5,158,1,717.87,0,717.87
17535,20250308,104,17,112,1,6527.04,0,6527.04
17536,20240401,14,18,261,1,4823.13,0,4823.13
17537,20241025,44,5,173,1,4747.67,0,4747.67
17538,20241109,5,17,220,1,2284.3,0,2284.3
17539,20250912,38,14,182,1,1729.74,0,1729.74
17540,20240219,56,20,376,2,7088.96,5,13469.02
17541,20250727,93,15,110,1,4029.05,0,4029.05
17542,20240412,68,10,308,1,1648.1,0,1648.1
17543,20240820,55,11,376,1,735.67,0,735.67
17544,20250114,32,9,108,1,1604.88,0,1604.88
17545,20250329,22,11,,1,6438.69,10,5794.82
17546,20251010,74,7,,1,3249.83,0,3249.83
17547,20241126,116,4,177,2,6480.7,0,12961.4
17548,20250625,64,2,343,2,4068.92,0,8137.84
17549,20250320,73,6,346,2,6348.65,5,12062.43
17550,20250810,96,10,78,1,3006.66,10,2705.99
17551,20250126,47,25,,1,2706.69,0,2706.69
17552,20240213,115,12,138,1,2419.05,0,2419.05
17553,20250107,27,13,380,2,1220.37,0,2440.74
17554,20240130,76,7,43,1,5042.37,10,4538.13
17555,20241121,93,17,338,1,4029.05,0,4029.05
17556,20240626,75,2,137,1,2266.5,5,2153.17
17557,20250613,94,21,65,2,1460.17,0,2920.34
17558,20250126,23,7,104,1,5336.87,0,5336.87
17559,20240101,9,11,28,1,4835.47,0,4835.47
17560,20240519,89,3,209,2,4062.25,0,8124.5
17561,20250812,72,6,366,2,1667.62,10,3001.72
17562,20240412,40,19,61,2,6858.19,5,13030.56
17563,20240928,111,23,91,3,1506.58,0,4519.74
17564,20250811,88,21,258,1,2796.03,10,2516.43
17565,20240920,2,11,312,1,882.35,0,882.35
17566,20241203,41,24,337,4,5693.66,5,21635.91
17567,20241010,67,17,59,1,4800.44,0,4800.44
17568,20250521,8,16,75,1,3576.07,10,3218.46
17569,20250512,40,21,39,1,6858.19,20,5486.55
17570,20250320,9,1,10,1,4835.47,0,4835.47
17571,20250702,76,22,374,2,5042.37,15,8572.03
17572,20250127,74,21,80,2,3249.83,0,6499.66
17573,20240321,29,9,,1,1567.62,15,1332.48
17574,20250516,4,17,88,1,1722.15,15,1463.83
17575,20250224,24,25,185,1,3205.37,0,3205.37
17576,20250320,9,1,169,2,4835.47,10,8703.85
17577,20250614,64,5,2,1,4068.92,5,3865.47
17578,20250827,107,24,151,2,1952.14,5,3709.07
17579,20241027,89,16,96,1,4062.25,5,3859.14
17580,20250925,20,7,398,1,1915.63,0,1915.63
17581,20240925,31,17,45,2,7243.85,5,13763.32
17582,20240615,108,6,387,1,3374.55,15,2868.37
17583,20240728,52,17,246,3,2796.94,5,7971.28
17584,20241022,5,13,65,1,2284.3,10,2055.87
17585,20240427,1,12,51,1,1005.84,0,1005.84
17586,20251024,113,25,252,1,4385.13,10,3946.62
17587,20241226,15,11,322,1,4621.37,0,4621.37
17588,20240607,22,22,5,1,6438.69,0,6438.69
17589,20250524,25,24,307,1,659.99,0,659.99
17590,20240625,39,13,244,1,3883.73,0,3883.73
17591,20240416,1,2,328,2,1005.84,0,2011.68
17592,20250521,76,3,247,1,5042.37,5,4790.25
17593,20251016,95,23,220,1,3960.41,10,3564.37
17594,20240123,17,24,273,1,1735.19,0,1735.19
17595,20250910,62,21,186,2,978.5,5,1859.15
17596,20250313,117,16,120,1,5631.66,0,5631.66
17597,20240513,63,10,100,1,4196.34,5,3986.52
17598,20240719,115,6,287,1,2419.05,0,2419.05
17599,20240407,106,13,242,1,717.87,0,717.87
17600,20251025,108,8,179,1,3374.55,10,3037.1
17601,20240721,23,21,78,1,5336.87,0,5336.87
17602,20250809,2,18,37,1,882.35,0,882.35
17603,20240728,74,9,154,1,3249.83,0,3249.83
17604,20250220,6,6,1,1,843.99,0,843.99
17605,20240121,51,24,399,1,2879.69,15,2447.74
17606,20250520,59,18,,2,2020.12,10,3636.22
17607,20251128,112,3,186,2,1434.74,0,2869.48
17608,20251017,75,3,216,1,2266.5,5,2153.17
17609,20250123,63,3,118,1,4196.34,5,3986.52
17610,20250214,22,20,270,1,6438.69,0,6438.69
17611,20251108,63,3,21,1,4196.34,0,4196.34
17612,20251020,109,23,149,1,2954.88,15,2511.65
17613,20241119,71,7,296,1,3918.6,0,3918.6
17614,20240826,113,5,,1,4385.13,5,4165.87
17615,20240131,83,22,129,4,2689.64,0,10758.56
17616,20251104,40,24,217,1,6858.19,0,6858.19
17617,20240614,35,23,,1,3748.04,0,3748.04
17618,20240127,79,9,82,1,1528.97,0,1528.97
17619,20241222,33,22,113,3,2291.4,5,6530.49
17620,20240114,120,22,244,1,5078.17,0,5078.17
17621,20251025,47,12,160,2,2706.69,5,5142.71
17622,20250412,66,12,80,1,6204.11,0,6204.11
17623,20250505,119,4,,1,2956.72,0,2956.72
17624,20240919,11,16,76,2,5902.88,10,10625.18
17625,20241213,28,22,382,1,3988.05,0,3988.05
17626,20240212,7,10,5,1,4794.43,5,4554.71
17627,20240412,76,13,214,1,5042.37,20,4033.9
17628,20250301,91,15,,4,6185.93,5,23506.53
17629,20240410,106,7,150,2,717.87,5,1363.95
17630,20250312,64,13,260,1,4068.92,10,3662.03
17631,20250816,74,10,318,1,3249.83,0,3249.83
17632,20241020,116,17,361,1,6480.7,0,6480.7
17633,20241204,29,3,351,2,1567.62,20,2508.19
17634,20241013,58,18,137,1,5200.5,0,5200.5
17635,20250326,18,21,271,1,5185.3,0,5185.3
17636,20251203,97,4,,1,4779.12,10,4301.21
17637,20240224,49,7,359,1,3974.14,0,3974.14
17638,20250724,116,24,288,1,6480.7,5,6156.66
17639,20250320,66,20,322,1,6204.11,0,6204.11
17640,20250514,3,21,307,3,2631.02,0,7893.06
17641,20250910,26,1,214,1,1355.83,0,1355.83
17642,20250707,110,25,282,2,3839.63,5,7295.3
17643,20241109,4,7,361,2,1722.15,5,3272.09
17644,20251112,82,7,341,2,3179.41,0,6358.82
17645,20240522,58,8,284,1,5200.5,0,5200.5
17646,20240612,83,1,393,3,2689.64,5,7665.47
17647,20250513,9,9,228,4,4835.47,0,19341.88
17648,20250303,110,4,142,1,3839.63,5,3647.65
17649,20240908,56,7,360,1,7088.96,0,7088.96
17650,20240604,62,2,361,1,978.5,5,929.57
17651,20251203,93,8,126,1,4029.05,20,3223.24
17652,20240829,120,7,307,1,5078.17,5,4824.26
17653,20240610,77,25,189,1,5233.57,0,5233.57
17654,20240707,16,8,198,2,4330.21,0,8660.42
17655,20250228,98,19,190,1,850.73,0,850.73
17656,20250805,98,1,379,1,850.73,0,850.73
17657,20241021,66,5,171,2,6204.11,15,10546.99
17658,20241007,113,1,174,4,4385.13,10,15786.47
17659,20251218,46,16,339,1,4179.48,0,4179.48
17660,20250417,4,15,33,3,1722.15,0,5166.45
17661,20250421,7,22,261,1,4794.43,10,4314.99
17662,20250626,2,15,100,1,882.35,0,882.35
17663,20250301,82,16,355,2,3179.41,0,6358.82
17664,20250219,112,2,58,1,1434.74,20,1147.79
17665,20251117,109,16,348,1,2954.88,0,2954.88
17666,20240315,48,1,183,3,2551.26,5,7271.09
17667,20240910,45,2,325,3,1364.28,5,3888.2
17668,20240417,14,9,237,1,4823.13,0,4823.13
17669,20241025,44,9,328,1,4747.67,0,4747.67
17670,20240518,91,6,,1,6185.93,10,5567.34
17671,20251130,27,18,157,1,1220.37,5,1159.35
17672,20240331,50,6,237,1,3814.05,20,3051.24
17673,20240529,75,25,68,1,2266.5,5,2153.17
17674,20250711,83,4,177,1,2689.64,5,2555.16
17675,20241009,62,4,3,2,978.5,0,1957.0
17676,20250306,67,24,171,1,4800.44,0,4800.44
17677,20240131,3,14,200,1,2631.02,0,2631.02
17678,20241216,45,1,158,1,1364.28,10,1227.85
17679,20240425,117,24,254,1,5631.66,0,5631.66
17680,20240514,12,14,149,1,1690.47,0,1690.47
17681,20251127,35,21,278,1,3748.04,10,3373.24
17682,20241227,79,13,288,1,1528.97,0,1528.97
17683,20240122,114,24,88,1,3973.22,20,3178.58
17684,20250421,5,15,357,1,2284.3,5,2170.09
17685,20251218,65,8,67,2,3541.34,0,7082.68
17686,20250826,2,13,88,1,882.35,5,838.23
17687,20251102,43,17,334,1,3747.63,10,3372.87
17688,20240919,27,2,224,1,1220.37,0,1220.37
17689,20240405,63,9,361,1,4196.34,5,3986.52
17690,20250816,89,6,53,1,4062.25,15,3452.91
17691,20251204,53,23,238,1,1453.18,15,1235.2
17692,20250823,12,11,277,4,1690.47,0,6761.88
17693,20250521,120,10,236,1,5078.17,0,5078.17
17694,20240612,108,15,105,1,3374.55,10,3037.1
17695,20240407,102,1,58,1,616.26,0,616.26
17696,20240426,54,8,,1,2808.33,0,2808.33
17697,20241222,98,14,242,1,850.73,5,808.19
17698,20240822,29,22,30,1,1567.62,5,1489.24
17699,20240110,30,19,336,2,3704.61,20,5927.38
17700,20240827,20,13,10,1,1915.63,0,1915.63
17701,20240605,17,24,204,1,1735.19,0,1735.19
17702,20240830,110,21,73,1,3839.63,0,3839.63
17703,20240403,46,19,55,1,4179.48,0,4179.48
17704,20240426,88,5,342,1,2796.03,5,2656.23
17705,20240229,21,19,212,1,1209.52,5,1149.04
17706,20250914,88,17,136,3,2796.03,0,8388.09
17707,20241001,20,12,55,1,1915.63,0,1915.63
17708,20250222,27,25,233,1,1220.37,0,1220.37
17709,20250413,37,19,65,1,3761.37,10,3385.23
17710,20251029,120,11,262,1,5078.17,0,5078.17
17711,20251105,1,16,57,1,1005.84,0,1005.84
17712,20240728,56,24,284,1,7088.96,0,7088.96
17713,20240308,44,19,245,1,4747.67,0,4747.67
17714,20240401,24,19,265,1,3205.37,10,2884.83
17715,20251124,27,1,,1,1220.37,0,1220.37
17716,20240712,113,15,15,2,4385.13,0,8770.26
17717,20250903,39,12,391,1,3883.73,0,3883.73
17718,20240311,11,15,316,2,5902.88,5,11215.47
17719,20240802,68,6,361,1,1648.1,20,1318.48
17720,20240406,45,20,178,1,1364.28,0,1364.28
17721,20250511,44,18,226,1,4747.67,5,4510.29
17722,20250516,68,18,17,1,1648.1,5,1565.69
17723,20240113,98,22,128,1,850.73,15,723.12
17724,20240315,106,20,230,1,717.87,0,717.87
17725,20251209,23,21,,1,5336.87,0,5336.87
17726,20240830,91,8,221,1,6185.93,5,5876.63
17727,20250823,90,14,362,2,3873.38,0,7746.76
17728,20250501,89,4,242,1,4062.25,10,3656.03
17729,20250615,59,4,73,1,2020.12,0,2020.12
17730,20250609,30,16,251,1,3704.61,0,3704.61
17731,20250119,11,22,81,1,5902.88,15,5017.45
17732,20240908,39,23,155,1,3883.73,0,3883.73
17733,20240427,70,17,97,3,3349.78,0,10049.34
17734,20240614,10,7,202,4,3316.3,0,13265.2
17735,20240412,13,16,102,2,4729.21,20,7566.74
17736,20241221,102,14,292,1,616.26,0,616.26
17737,20251224,74,22,129,1,3249.83,0,3249.83
17738,20240906,54,15,,1,2808.33,5,2667.91
17739,20250526,51,3,,1,2879.69,0,2879.69
17740,20251003,116,7,,1,6480.7,5,6156.66
17741,20250828,60,1,17,1,4273.1,5,4059.45
17742,20250610,73,10,122,1,6348.65,0,6348.65
17743,20240106,11,18,,1,5902.88,0,5902.88
17744,20240608,53,1,384,1,1453.18,5,1380.52
17745,20241212,89,23,380,1,4062.25,0,4062.25
17746,20250323,102,15,207,2,616.26,20,986.02
17747,20250807,82,11,139,2,3179.41,5,6040.88
17748,20250930,69,5,325,1,2128.62,0,2128.62
17749,20250401,54,22,113,2,2808.33,5,5335.83
17750,20250704,71,25,63,2,3918.6,5,7445.34
17751,20241014,50,4,11,1,3814.05,10,3432.65
17752,20240110,83,23,92,1,2689.64,0,2689.64
17753,20251124,51,20,242,1,2879.69,0,2879.69
17754,20251120,65,19,385,1,3541.34,10,3187.21
17755,20251030,27,12,385,1,1220.37,0,1220.37
17756,20251001,94,12,99,1,1460.17,5,1387.16
17757,20250408,120,24,,2,5078.17,0,10156.34
17758,20240823,29,11,43,1,1567.62,0,1567.62
17759,20250226,116,13,50,1,6480.7,0,6480.7
17760,20250125,24,6,32,1,3205.37,0,3205.37
17761,20240424,46,20,341,3,4179.48,0,12538.44
17762,20240814,64,12,114,2,4068.92,0,8137.84
17763,20240826,81,22,388,1,1242.05,0,1242.05
17764,20250127,104,23,56,1,6527.04,5,6200.69
17765,20251203,69,5,179,2,2128.62,10,3831.52
17766,20240703,21,25,35,3,1209.52,15,3084.28
17767,20251114,100,18,27,3,4823.15,10,13022.5
17768,20250103,19,2,99,2,3799.68,0,7599.36
17769,20250702,84,4,373,1,4822.61,0,4822.61
17770,20250101,51,7,298,4,2879.69,0,11518.76
17771,20240829,69,18,,2,2128.62,0,4257.24
17772,20241217,112,1,400,3,1434.74,0,4304.22
17773,20250706,49,11,320,1,3974.14,0,3974.14
17774,20251119,89,10,87,4,4062.25,10,14624.1
17775,20240812,67,18,230,1,4800.44,5,4560.42
17776,20240827,76,20,202,1,5042.37,0,5042.37
17777,20240531,47,11,,2,2706.69,0,5413.38
17778,20240504,47,19,34,3,2706.69,15,6902.06
17779,20250909,82,7,277,1,3179.41,0,3179.41
17780,20250425,77,2,335,1,5233.57,5,4971.89
17781,20251225,33,24,,1,2291.4,15,1947.69
17782,20240406,80,14,100,3,5880.6,15,14995.53
17783,20251118,2,6,84,1,882.35,0,882.35
17784,20250614,21,24,244,1,1209.52,5,1149.04
17785,20250109,72,9,236,1,1667.62,0,1667.62
17786,20250508,120,6,,1,5078.17,5,4824.26
17787,20250603,108,5,23,3,3374.55,0,10123.65
17788,20240814,22,1,394,2,6438.69,20,10301.9
17789,20240321,41,20,242,1,5693.66,0,5693.66
17790,20251104,109,7,184,1,2954.88,5,2807.14
17791,20241203,27,14,190,1,1220.37,0,1220.37
17792,20241217,114,24,20,1,3973.22,0,3973.22
17793,20241208,65,1,15,1,3541.34,15,3010.14
17794,20250708,113,19,163,1,4385.13,5,4165.87
17795,20250103,41,19,322,1,5693.66,0,5693.66
17796,20240623,114,17,343,1,3973.22,10,3575.9
17797,20240210,106,6,83,1,717.87,0,717.87
17798,20241214,3,16,18,1,2631.02,0,2631.02
17799,20240326,52,24,130,1,2796.94,0,2796.94
17800,20240321,85,18,343,3,6169.54,0,18508.62
17801,20250603,19,4,146,4,3799.68,15,12918.91
17802,20250512,63,18,,1,4196.34,15,3566.89
17803,20250706,115,9,171,1,2419.05,0,2419.05
17804,20240807,115,24,281,1,2419.05,0,2419.05
17805,20250126,87,9,94,1,2952.23,0,2952.23
17806,20250113,116,9,131,1,6480.7,10,5832.63
17807,20250913,11,7,152,1,5902.88,0,5902.88
17808,20240710,57,5,281,2,3796.83,0,7593.66
17809,20241111,93,18,103,3,4029.05,0,12087.15
17810,20250821,84,17,31,2,4822.61,0,9645.22
17811,20240308,16,9,73,2,4330.21,15,7361.36
17812,20250426,78,7,365,2,1807.55,5,3434.34
17813,20250503,109,24,128,1,2954.88,0,2954.88
17814,20240110,65,9,357,1,3541.34,10,3187.21
17815,20250123,37,14,208,1,3761.37,20,3009.1
17816,20241109,1,19,193,1,1005.84,0,1005.84
17817,20241002,54,5,351,1,2808.33,0,2808.33
17818,20240430,91,24,14,1,6185.93,0,6185.93
17819,20250523,96,24,322,1,3006.66,5,2856.33
17820,20251230,116,24,362,1,6480.7,5,6156.66
17821,20250914,11,21,254,1,5902.88,15,5017.45
17822,20250313,14,2,129,1,4823.13,0,4823.13
17823,20240325,55,19,104,1,735.67,0,735.67
17824,20240517,77,22,28,1,5233.57,5,4971.89
17825,20241016,92,2,11,1,2008.22,0,2008.22
17826,20250610,106,7,112,1,717.87,0,717.87
17827,20250612,16,8,330,1,4330.21,5,4113.7
17828,20240301,64,7,2,1,4068.92,0,4068.92
17829,20240812,62,10,100,1,978.5,0,978.5
17830,20250525,118,14,,1,5698.72,10,5128.85
17831,20240329,48,1,127,4,2551.26,5,9694.79
17832,20251207,96,7,267,2,3006.66,5,5712.65
17833,20241012,16,25,298,4,4330.21,15,14722.71
17834,20240808,97,16,30,1,4779.12,10,4301.21
17835,20240310,45,21,288,1,1364.28,0,1364.28
17836,20251105,57,8,238,2,3796.83,5,7213.98
17837,20250106,98,4,217,1,850.73,0,850.73
17838,20250724,50,13,175,3,3814.05,0,11442.15
17839,20250225,53,2,,1,1453.18,5,1380.52
17840,20240303,90,13,9,1,3873.38,0,3873.38
17841,20240509,9,1,196,2,4835.47,0,9670.94
17842,20250828,77,3,86,1,5233.57,10,4710.21
17843,20250512,46,15,335,2,4179.48,0,8358.96
17844,20240716,93,5,,1,4029.05,20,3223.24
17845,20240612,11,11,175,1,5902.88,0,5902.88
17846,20240207,107,22,73,1,1952.14,0,1952.14
17847,20240715,24,18,84,1,3205.37,0,3205.37
17848,20240927,91,22,134,3,6185.93,5,17629.9
17849,20250804,95,9,221,1,3960.41,10,3564.37
17850,20240125,65,10,157,1,3541.34,0,3541.34
17851,20250128,91,2,155,1,6185.93,0,6185.93
17852,20240717,105,5,160,1,2890.92,0,2890.92
17853,20240727,38,1,390,1,1729.74,0,1729.74
17854,20240911,2,2,375,1,882.35,0,882.35
17855,20250902,96,11,69,1,3006.66,0,3006.66
17856,20240915,34,25,173,2,1322.31,0,2644.62
17857,20240404,80,2,314,1,5880.6,5,5586.57
17858,20240325,65,17,367,1,3541.34,10,3187.21
17859,20241025,72,25,310,1,1667.62,0,1667.62
17860,20240509,61,21,293,1,5731.62,5,5445.04
17861,20250223,75,14,,3,2266.5,0,6799.5
17862,20240315,14,25,143,1,4823.13,0,4823.13
17863,20250502,40,1,77,1,6858.19,15,5829.46
17864,20250101,76,3,123,2,5042.37,10,9076.27
17865,20240117,95,7,239,1,3960.41,10,3564.37
17866,20250811,78,10,165,1,1807.55,0,1807.55
17867,20241127,30,5,396,1,3704.61,5,3519.38
17868,20250414,92,3,370,1,2008.22,15,1706.99
17869,20250819,80,22,221,1,5880.6,0,5880.6
17870,20241020,13,14,163,1,4729.21,0,4729.21
17871,20250822,48,13,,1,2551.26,5,2423.7
17872,20240309,5,5,287,1,2284.3,10,2055.87
17873,20250327,102,20,247,1,616.26,0,616.26
17874,20250503,86,25,197,1,4002.37,0,4002.37
17875,20240903,24,9,47,1,3205.37,15,2724.56
17876,20250215,42,18,18,4,2401.74,10,8646.26
17877,20250719,24,5,59,1,3205.37,20,2564.3
17878,20250827,111,6,225,1,1506.58,20,1205.26
17879,20241108,64,11,308,3,4068.92,0,12206.76
17880,20240507,94,20,102,2,1460.17,0,2920.34
17881,20240322,66,8,162,1,6204.11,0,6204.11
17882,20250630,61,14,64,1,5731.62,5,5445.04
17883,20240109,50,12,226,1,3814.05,0,3814.05
17884,20240606,33,21,87,1,2291.4,0,2291.4
17885,20251230,78,5,29,1,1807.55,0,1807.55
17886,20241112,65,25,64,1,3541.34,15,3010.14
17887,20240921,41,22,205,1,5693.66,0,5693.66
17888,20250307,48,2,,1,2551.26,0,2551.26
17889,20240328,56,10,50,2,7088.96,5,13469.02
17890,20250926,58,25,67,1,5200.5,0,5200.5
17891,20240505,36,1,79,2,682.61,0,1365.22
17892,20240325,35,23,46,2,3748.04,0,7496.08
17893,20240123,120,8,245,1,5078.17,10,4570.35
17894,20240614,50,12,,1,3814.05,5,3623.35
17895,20241028,6,14,56,1,843.99,0,843.99
17896,20241219,81,11,50,1,1242.05,5,1179.95
17897,20240623,54,7,,1,2808.33,5,2667.91
17898,20240521,2,13,329,2,882.35,10,1588.23
17899,20250930,111,10,254,1,1506.58,0,1506.58
17900,20250310,19,23,,1,3799.68,0,3799.68
17901,20250724,111,13,336,3,1506.58,0,4519.74
17902,20241127,24,22,98,1,3205.37,5,3045.1
17903,20251211,5,23,30,2,2284.3,10,4111.74
17904,20250524,90,10,28,1,3873.38,0,3873.38
17905,20250122,29,7,233,2,1567.62,5,2978.48
17906,20250903,85,10,306,1,6169.54,0,6169.54
17907,20250321,78,14,400,1,1807.55,10,1626.8
17908,20251107,3,11,30,1,2631.02,5,2499.47
17909,20250708,51,15,159,1,2879.69,0,2879.69
17910,20251224,94,9,344,2,1460.17,10,2628.31
17911,20250626,24,11,178,1,3205.37,5,3045.1
17912,20251202,10,1,336,1,3316.3,0,3316.3
17913,20240212,87,11,127,1,2952.23,20,2361.78
17914,20250605,102,8,56,1,616.26,5,585.45
17915,20250615,42,24,141,1,2401.74,5,2281.65
17916,20240120,109,24,353,2,2954.88,0,5909.76
17917,20251214,40,22,175,1,6858.19,0,6858.19
17918,20240811,16,8,10,1,4330.21,5,4113.7
17919,20240705,48,4,168,1,2551.26,0,2551.26
17920,20250907,112,15,68,1,1434.74,20,1147.79
17921,20241129,65,19,351,1,3541.34,0,3541.34
17922,20251005,53,12,,2,1453.18,0,2906.36
17923,20240126,40,12,48,1,6858.19,15,5829.46
17924,20250420,83,25,,3,2689.64,0,8068.92
17925,20250817,89,1,,1,4062.25,0,4062.25
17926,20250318,110,25,283,2,3839.63,10,6911.33
17927,20241227,38,13,111,3,1729.74,0,5189.22
17928,20240907,60,23,212,3,4273.1,0,12819.3
17929,20250405,44,20,157,1,4747.67,5,4510.29
17930,20240304,54,18,231,1,2808.33,0,2808.33
17931,20241025,110,1,275,1,3839.63,20,3071.7
17932,20250418,27,15,325,1,1220.37,5,1159.35
17933,20240628,5,22,76,1,2284.3,5,2170.09
17934,20240502,36,20,,3,682.61,5,1945.44
17935,20250706,99,16,383,1,4915.0,5,4669.25
17936,20250822,22,5,4,2,6438.69,0,12877.38
17937,20240921,113,4,356,2,4385.13,0,8770.26
17938,20250419,114,9,196,2,3973.22,0,7946.44
17939,20250805,9,25,144,1,4835.47,0,4835.47
17940,20250627,78,6,342,1,1807.55,0,1807.55
17941,20250406,46,24,234,1,4179.48,5,3970.51
17942,20250522,90,11,,1,3873.38,10,3486.04
17943,20250121,120,6,171,1,5078.17,0,5078.17
17944,20251009,69,7,,1,2128.62,5,2022.19
17945,20240705,61,6,36,2,5731.62,0,11463.24
17946,20251020,91,4,284,1,6185.93,0,6185.93
17947,20251226,57,22,295,1,3796.83,20,3037.46
17948,20241101,117,3,245,4,5631.66,0,22526.64
17949,20240222,77,14,304,2,5233.57,0,10467.14
17950,20240109,63,17,291,4,4196.34,10,15106.82
17951,20250205,115,13,33,1,2419.05,0,2419.05
17952,20250928,107,12,,2,1952.14,0,3904.28
17953,20251201,10,25,96,2,3316.3,0,6632.6
17954,20250902,49,23,219,4,3974.14,0,15896.56
17955,20240314,45,20,15,1,1364.28,10,1227.85
17956,20241112,22,7,61,1,6438.69,5,6116.76
17957,20251024,93,4,218,2,4029.05,20,6446.48
17958,20250920,56,21,347,1,7088.96,0,7088.96
17959,20240904,97,20,78,1,4779.12,0,4779.12
17960,20250407,91,6,293,1,6185.93,10,5567.34
17961,20240912,33,22,22,3,2291.4,0,6874.2
17962,20241015,102,6,196,3,616.26,0,1848.78
17963,20240910,110,9,128,1,3839.63,0,3839.63
17964,20240804,6,11,257,2,843.99,0,1687.98
17965,20251230,16,2,94,1,4330.21,0,4330.21
17966,20240828,88,18,257,3,2796.03,15,7129.88
17967,20250909,9,20,146,1,4835.47,0,4835.47
17968,20240716,96,13,25,3,3006.66,0,9019.98
17969,20240302,65,6,314,1,3541.34,0,3541.34
17970,20240615,54,6,46,4,2808.33,0,11233.32
17971,20251216,111,11,122,1,1506.58,0,1506.58
17972,20251201,57,17,261,1,3796.83,0,3796.83
17973,20240611,72,15,299,1,1667.62,0,1667.62
17974,20250207,114,2,98,1,3973.22,0,3973.22
17975,20240626,4,25,243,2,1722.15,0,3444.3
17976,20250901,78,5,,1,1807.55,0,1807.55
17977,20250820,16,19,104,1,4330.21,15,3680.68
17978,20240810,38,6,117,1,1729.74,0,1729.74
17979,20250315,13,1,322,2,4729.21,10,8512.58
17980,20240611,32,24,57,2,1604.88,20,2567.81
17981,20240609,7,3,271,1,4794.43,0,4794.43
17982,20241024,37,13,316,1,3761.37,5,3573.3
17983,20240118,16,23,252,1,4330.21,0,4330.21
17984,20240805,46,13,84,1,4179.48,0,4179.48
17985,20241007,3,18,222,1,2631.02,5,2499.47
17986,20241017,81,21,207,1,1242.05,5,1179.95
17987,20251114,115,16,137,1,2419.05,0,2419.05
17988,20251030,77,20,,2,5233.57,10,9420.43
17989,20250117,92,25,,1,2008.22,0,2008.22
17990,20240129,80,3,145,3,5880.6,5,16759.71
17991,20250701,66,6,34,1,6204.11,0,6204.11
17992,20240205,18,18,121,1,5185.3,5,4926.03
17993,20241121,50,7,193,1,3814.05,15,3241.94
17994,20240925,80,11,289,1,5880.6,0,5880.6
17995,20241111,100,24,282,1,4823.15,0,4823.15
17996,20251018,87,3,96,1,2952.23,0,2952.23
17997,20240306,21,5,243,1,1209.52,0,1209.52
17998,20241016,1,6,53,1,1005.84,15,854.96
17999,20240420,16,4,353,1,4330.21,0,4330.21
18000,20240104,2,19,377,1,882.35,0,882.35
18001,20250309,91,17,195,2,6185.93,0,12371.86
18002,20241009,111,16,378,1,1506.58,0,1506.58
18003,20240704,114,16,329,1,3973.22,0,3973.22
18004,20240307,91,2,231,1,6185.93,0,6185.93
18005,20240722,57,14,388,1,3796.83,0,3796.83
18006,20250622,65,10,80,1,3541.34,0,3541.34
18007,20250222,76,7,242,1,5042.37,0,5042.37
18008,20241029,96,5,304,1,3006.66,5,2856.33
18009,20250501,23,8,380,3,5336.87,0,16010.61
18010,20250408,70,9,274,1,3349.78,5,3182.29
18011,20240905,34,2,81,1,1322.31,0,1322.31
18012,20250811,3,5,,1,2631.02,0,2631.02
18013,20251124,5,2,232,1,2284.3,0,2284.3
18014,20251121,115,18,20,1,2419.05,0,2419.05
18015,20240106,74,22,278,1,3249.83,0,3249.83
18016,20250517,97,13,185,2,4779.12,5,9080.33
18017,20250725,72,24,92,1,1667.62,0,1667.62
18018,20240216,99,20,207,2,4915.0,0,9830.0
18019,20251208,20,13,105,1,1915.63,0,1915.63
18020,20250827,36,4,228,2,682.61,0,1365.22
18021,20241203,47,7,353,1,2706.69,0,2706.69
18022,20240405,37,8,239,1,3761.37,15,3197.16
18023,20250111,83,15,55,1,2689.64,0,2689.64
18024,20250416,67,15,271,3,4800.44,0,14401.32
18025,20240530,114,25,134,2,3973.22,0,7946.44
18026,20241010,63,10,315,1,4196.34,0,4196.34
18027,20240608,60,19,35,3,4273.1,0,12819.3
18028,20240818,37,7,157,1,3761.37,15,3197.16
18029,20251001,45,12,207,2,1364.28,5,2592.13
18030,20241104,54,19,280,1,2808.33,10,2527.5
18031,20250526,95,4,53,1,3960.41,5,3762.39
18032,20240912,44,18,221,1,4747.67,5,4510.29
18033,20240401,65,10,20,1,3541.34,20,2833.07
18034,20240218,100,17,184,2,4823.15,0,9646.3
18035,20251210,86,15,394,3,4002.37,0,12007.11
18036,20250416,79,3,317,4,1528.97,0,6115.88
18037,20251030,105,24,34,2,2890.92,0,5781.84
18038,20250401,89,13,199,1,4062.25,15,3452.91
18039,20250816,79,3,56,1,1528.97,0,1528.97
18040,20250302,12,17,277,1,1690.47,5,1605.95
18041,20240404,57,21,13,1,3796.83,5,3606.99
18042,20240721,26,25,210,1,1355.83,0,1355.83
18043,20240605,54,22,270,2,2808.33,0,5616.66
18044,20240125,16,23,283,1,4330.21,10,3897.19
18045,20251027,32,25,12,1,1604.88,10,1444.39
18046,20251008,87,19,285,1,2952.23,15,2509.4
18047,20250926,1,7,47,2,1005.84,10,1810.51
18048,20250308,22,22,31,2,6438.69,15,10945.77
18049,20240823,22,4,348,2,6438.69,15,10945.77
18050,20241127,61,21,67,2,5731.62,5,10890.08
18051,20240214,89,21,392,1,4062.25,0,4062.25
18052,20241203,93,21,272,2,4029.05,0,8058.1
18053,20240807,61,2,304,1,5731.62,0,5731.62
18054,20251224,110,18,,2,3839.63,0,7679.26
18055,20240416,110,22,,2,3839.63,0,7679.26
18056,20241205,42,20,,1,2401.74,15,2041.48
18057,20250802,61,2,110,1,5731.62,0,5731.62
18058,20251021,93,9,,2,4029.05,10,7252.29
18059,20250101,85,20,216,1,6169.54,10,5552.59
18060,20241015,118,4,380,2,5698.72,15,9687.82
18061,20250403,96,11,33,1,3006.66,0,3006.66
18062,20251029,22,15,58,1,6438.69,15,5472.89
18063,20251018,86,16,,2,4002.37,0,8004.74
18064,20250913,41,3,140,4,5693.66,0,22774.64
18065,20250322,28,7,278,1,3988.05,0,3988.05
18066,20251015,80,7,353,1,5880.6,0,5880.6
18067,20240109,99,9,193,1,4915.0,0,4915.0
18068,20251003,49,7,30,1,3974.14,0,3974.14
18069,20240612,42,8,49,2,2401.74,0,4803.48
18070,20250805,59,14,265,1,2020.12,15,1717.1
18071,20241026,49,3,90,1,3974.14,0,3974.14
18072,20240129,101,21,216,3,1131.31,10,3054.54
18073,20250915,25,13,88,1,659.99,10,593.99
18074,20250514,55,12,,2,735.67,0,1471.34
18075,20251010,7,21,359,1,4794.43,0,4794.43
18076,20240327,19,5,141,1,3799.68,0,3799.68
18077,20241112,19,14,126,1,3799.68,5,3609.7
18078,20240423,28,21,70,1,3988.05,0,3988.05
18079,20250425,37,24,314,2,3761.37,5,7146.6
18080,20250502,12,14,,1,1690.47,0,1690.47
18081,20250228,52,3,173,1,2796.94,0,2796.94
18082,20250612,69,11,63,1,2128.62,10,1915.76
18083,20240406,113,6,80,1,4385.13,20,3508.1
18084,20250124,48,15,41,1,2551.26,5,2423.7
18085,20241226,69,15,25,1,2128.62,0,2128.62
18086,20251008,45,21,,1,1364.28,5,1296.07
18087,20241009,88,22,96,1,2796.03,20,2236.82
18088,20241225,79,3,186,1,1528.97,5,1452.52
18089,20250511,10,10,308,2,3316.3,0,6632.6
18090,20250504,9,11,65,1,4835.47,5,4593.7
18091,20250909,26,9,337,1,1355.83,5,1288.04
18092,20240129,41,3,43,1,5693.66,20,4554.93
18093,20241219,113,4,121,1,4385.13,5,4165.87
18094,20241218,43,4,396,1,3747.63,10,3372.87
18095,20250811,102,23,84,1,616.26,0,616.26
18096,20250307,43,3,220,1,3747.63,0,3747.63
18097,20250406,105,9,,1,2890.92,0,2890.92
18098,20240630,29,17,335,1,1567.62,15,1332.48
18099,20240618,70,15,258,1,3349.78,5,3182.29
18100,20240909,95,1,355,1,3960.41,5,3762.39
18101,20251021,5,16,361,1,2284.3,0,2284.3
18102,20241004,20,4,197,1,1915.63,10,1724.07
18103,20240203,30,20,,4,3704.61,0,14818.44
18104,20250219,107,2,391,1,1952.14,0,1952.14
18105,20250516,85,2,363,1,6169.54,0,6169.54
18106,20251108,80,24,384,1,5880.6,0,5880.6
18107,20241217,3,2,182,3,2631.02,15,6709.1
18108,20250123,113,13,236,1,4385.13,0,4385.13
18109,20240811,18,22,309,1,5185.3,10,4666.77
18110,20250708,67,22,85,2,4800.44,15,8160.75
18111,20240115,96,1,6,1,3006.66,0,3006.66
18112,20251206,60,3,174,2,4273.1,10,7691.58
18113,20250604,81,19,82,2,1242.05,0,2484.1
18114,20250505,13,12,,2,4729.21,0,9458.42
18115,20240519,51,20,86,1,2879.69,0,2879.69
18116,20241129,25,20,34,1,659.99,0,659.99
18117,20240212,61,25,361,3,5731.62,5,16335.12
18118,20250127,28,4,131,1,3988.05,0,3988.05
18119,20250625,45,15,163,4,1364.28,0,5457.12
18120,20251213,35,14,207,1,3748.04,0,3748.04
18121,20240709,9,17,30,1,4835.47,0,4835.47
18122,20251102,88,3,82,1,2796.03,15,2376.63
18123,20240531,60,25,190,1,4273.1,0,4273.1
18124,20240504,74,1,395,3,3249.83,0,9749.49
18125,20251210,7,5,260,2,4794.43,0,9588.86
18126,20240124,19,8,294,1,3799.68,0,3799.68
18127,20251221,60,16,355,1,4273.1,0,4273.1
18128,20240130,17,8,,1,1735.19,0,1735.19
18129,20240710,80,18,55,4,5880.6,0,23522.4
18130,20240908,44,25,183,1,4747.67,10,4272.9
18131,20250709,85,3,,1,6169.54,0,6169.54
18132,20241212,3,16,282,2,2631.02,0,5262.04
18133,20250911,88,20,121,1,2796.03,15,2376.63
18134,20250617,108,22,143,1,3374.55,5,3205.82
18135,20250321,62,24,329,2,978.5,5,1859.15
18136,20240820,94,24,138,1,1460.17,0,1460.17
18137,20241226,119,15,166,1,2956.72,0,2956.72
18138,20240527,26,13,400,1,1355.83,5,1288.04
18139,20250602,112,22,,1,1434.74,0,1434.74
18140,20251026,88,9,50,2,2796.03,10,5032.85
18141,20250817,98,16,240,1,850.73,20,680.58
18142,20240423,10,21,,3,3316.3,0,9948.9
18143,20240602,117,18,,2,5631.66,0,11263.32
18144,20251013,41,20,73,2,5693.66,10,10248.59
18145,20250123,108,3,121,2,3374.55,5,6411.65
18146,20240124,74,4,190,1,3249.83,5,3087.34
18147,20240530,110,11,110,1,3839.63,0,3839.63
18148,20240428,101,13,46,2,1131.31,0,2262.62
18149,20240826,13,11,259,1,4729.21,5,4492.75
18150,20240520,54,2,160,1,2808.33,0,2808.33
18151,20240817,102,18,22,1,616.26,10,554.63
18152,20241019,34,13,187,1,1322.31,0,1322.31
18153,20240324,39,16,240,1,3883.73,15,3301.17
18154,20251106,39,14,296,1,3883.73,0,3883.73
18155,20240910,2,12,248,1,882.35,15,750.0
18156,20251011,70,7,79,1,3349.78,0,3349.78
18157,20250509,103,15,390,1,5201.47,0,5201.47
18158,20251125,18,12,18,2,5185.3,0,10370.6
18159,20241228,72,1,54,1,1667.62,5,1584.24
18160,20250223,27,17,269,1,1220.37,0,1220.37
18161,20250707,81,2,294,1,1242.05,10,1117.85
18162,20250706,15,20,273,1,4621.37,0,4621.37
18163,20240529,31,19,89,1,7243.85,20,5795.08
18164,20250219,28,2,184,1,3988.05,0,3988.05
18165,20250512,76,1,108,1,5042.37,0,5042.37
18166,20250216,96,3,105,2,3006.66,5,5712.65
18167,20240429,105,19,379,1,2890.92,20,2312.74
18168,20240630,39,24,267,2,3883.73,5,7379.09
18169,20240816,56,25,106,1,7088.96,0,7088.96
18170,20240702,86,24,270,1,4002.37,0,4002.37
18171,20241002,34,2,106,2,1322.31,0,2644.62
18172,20241021,33,18,313,1,2291.4,5,2176.83
18173,20250911,119,6,74,1,2956.72,15,2513.21
18174,20240503,91,7,381,1,6185.93,0,6185.93
18175,20240414,101,24,268,2,1131.31,0,2262.62
18176,20240628,116,7,86,4,6480.7,15,22034.38
18177,20240808,69,19,248,1,2128.62,0,2128.62
18178,20250228,74,1,368,1,3249.83,0,3249.83
18179,20240208,47,16,44,2,2706.69,0,5413.38
18180,20240921,99,15,39,4,4915.0,0,19660.0
18181,20250307,111,18,395,1,1506.58,10,1355.92
18182,20240225,55,11,90,1,735.67,0,735.67
18183,20241027,115,12,32,1,2419.05,5,2298.1
18184,20240412,99,9,398,1,4915.0,0,4915.0
18185,20250604,98,21,111,2,850.73,0,1701.46
18186,20240202,77,6,382,2,5233.57,0,10467.14
18187,20240621,39,9,122,1,3883.73,5,3689.54
18188,20250112,107,21,230,1,1952.14,15,1659.32
18189,20240206,7,12,98,1,4794.43,0,4794.43
18190,20241217,107,22,345,1,1952.14,0,1952.14
18191,20251218,98,11,301,1,850.73,15,723.12
18192,20240105,10,1,171,1,3316.3,10,2984.67
18193,20250321,88,22,234,1,2796.03,0,2796.03
18194,20240527,115,11,292,1,2419.05,0,2419.05
18195,20250326,27,9,73,2,1220.37,0,2440.74
18196,20250520,99,2,294,1,4915.0,0,4915.0
18197,20240111,92,16,227,3,2008.22,5,5723.43
18198,20250415,45,19,238,1,1364.28,0,1364.28
18199,20240903,117,6,,1,5631.66,0,5631.66
18200,20251231,32,15,315,1,1604.88,5,1524.64
18201,20250219,115,14,326,2,2419.05,0,4838.1
18202,20240621,49,25,60,3,3974.14,5,11326.3
18203,20250528,16,22,382,1,4330.21,0,4330.21
18204,20241019,85,25,137,1,6169.54,5,5861.06
18205,20251030,81,25,335,2,1242.05,0,2484.1
18206,20251004,55,10,201,1,735.67,0,735.67
18207,20250828,64,4,56,1,4068.92,15,3458.58
18208,20250311,45,8,384,1,1364.28,10,1227.85
18209,20250819,20,7,,1,1915.63,0,1915.63
18210,20240617,91,22,7,1,6185.93,5,5876.63
18211,20251011,28,2,372,1,3988.05,0,3988.05
18212,20240531,38,10,338,1,1729.74,0,1729.74
18213,20250413,112,15,,1,1434.74,0,1434.74
18214,20250305,48,20,91,1,2551.26,0,2551.26
18215,20250130,7,5,302,2,4794.43,10,8629.97
18216,20240730,1,9,86,1,1005.84,20,804.67
18217,20240727,33,16,,1,2291.4,0,2291.4
18218,20250727,98,8,291,1,850.73,0,850.73
18219,20250428,33,24,400,1,2291.4,10,2062.26
18220,20240625,56,23,329,4,7088.96,0,28355.84
18221,20240219,68,19,280,2,1648.1,0,3296.2
18222,20250103,62,3,264,2,978.5,0,1957.0
18223,20241108,12,3,,2,1690.47,0,3380.94
18224,20250709,69,6,283,2,2128.62,0,4257.24
18225,20250729,3,14,178,2,2631.02,5,4998.94
18226,20250514,107,14,150,1,1952.14,5,1854.53
18227,20250708,2,3,93,1,882.35,0,882.35
18228,20240423,94,17,156,1,1460.17,15,1241.14
18229,20240725,21,12,,1,1209.52,5,1149.04
18230,20240517,8,20,,1,3576.07,0,3576.07
18231,20240831,15,1,54,1,4621.37,0,4621.37
18232,20251028,58,17,,3,5200.5,10,14041.35
18233,20240614,66,4,,1,6204.11,0,6204.11
18234,20240703,1,8,81,1,1005.84,0,1005.84
18235,20250322,31,9,125,1,7243.85,0,7243.85
18236,20250821,6,7,152,1,843.99,0,843.99
18237,20240328,21,19,217,1,1209.52,10,1088.57
18238,20240512,112,2,56,4,1434.74,0,5738.96
18239,20240822,28,3,163,1,3988.05,0,3988.05
18240,20240916,120,10,282,2,5078.17,0,10156.34
18241,20240326,26,2,24,2,1355.83,0,2711.66
18242,20250625,54,18,290,1,2808.33,0,2808.33
18243,20240727,82,15,,1,3179.41,5,3020.44
18244,20250225,101,3,73,1,1131.31,0,1131.31
18245,20240908,56,13,107,1,7088.96,5,6734.51
18246,20251118,81,18,5,1,1242.05,0,1242.05
18247,20240511,104,23,388,2,6527.04,0,13054.08
18248,20241202,84,6,162,2,4822.61,10,8680.7
18249,20241027,59,20,49,2,2020.12,0,4040.24
18250,20251229,67,23,,2,4800.44,10,8640.79
18251,20240617,33,3,269,2,2291.4,5,4353.66
18252,20250111,49,5,174,1,3974.14,10,3576.73
18253,20241109,18,3,198,1,5185.3,0,5185.3
18254,20250622,85,15,390,1,6169.54,0,6169.54
18255,20250506,57,8,,3,3796.83,0,11390.49
18256,20250110,71,6,115,1,3918.6,0,3918.6
18257,20250530,119,3,99,1,2956.72,0,2956.72
18258,20240724,51,12,246,1,2879.69,0,2879.69
18259,20250112,50,5,87,1,3814.05,15,3241.94
18260,20241114,20,1,74,1,1915.63,20,1532.5
18261,20240401,30,14,,1,3704.61,5,3519.38
18262,20250918,88,6,68,1,2796.03,5,2656.23
18263,20251001,42,7,111,2,2401.74,5,4563.31
18264,20240526,95,1,210,1,3960.41,0,3960.41
18265,20250116,59,5,82,1,2020.12,0,2020.12
18266,20250603,53,16,253,1,1453.18,0,1453.18
18267,20241218,73,19,146,1,6348.65,0,6348.65
18268,20240323,64,16,387,2,4068.92,10,7324.06
18269,20250321,20,6,359,1,1915.63,0,1915.63
18270,20250523,34,21,277,1,1322.31,0,1322.31
18271,20241214,68,7,308,4,1648.1,0,6592.4
18272,20240611,13,21,317,1,4729.21,15,4019.83
18273,20250505,73,12,269,1,6348.65,0,6348.65
18274,20250210,29,14,338,2,1567.62,0,3135.24
18275,20250223,83,19,342,1,2689.64,0,2689.64
18276,20250415,94,7,326,1,1460.17,0,1460.17
18277,20250708,101,23,43,1,1131.31,5,1074.74
18278,20250417,30,5,37,1,3704.61,15,3148.92
18279,20250303,115,1,25,3,2419.05,10,6531.44
18280,20240928,119,21,114,2,2956.72,0,5913.44
18281,20240314,67,20,308,1,4800.44,0,4800.44
18282,20240127,40,25,363,1,6858.19,10,6172.37
18283,20240628,16,8,342,1,4330.21,15,3680.68
18284,20250502,100,23,289,2,4823.15,10,8681.67
18285,20250116,26,17,215,2,1355.83,0,2711.66
18286,20251015,108,23,176,1,3374.55,5,3205.82
18287,20240702,24,3,205,1,3205.37,15,2724.56
18288,20251224,17,18,280,1,1735.19,15,1474.91
18289,20240317,55,5,309,2,735.67,5,1397.77
18290,20251028,98,19,179,1,850.73,10,765.66
18291,20240905,21,21,75,1,1209.52,0,1209.52
18292,20240321,94,14,338,2,1460.17,0,2920.34
18293,20250423,113,10,386,1,4385.13,5,4165.87
18294,20250929,100,5,,2,4823.15,0,9646.3
18295,20240309,8,9,340,1,3576.07,0,3576.07
18296,20250522,69,6,352,1,2128.62,0,2128.62
18297,20250513,62,11,234,1,978.5,0,978.5
18298,20240116,23,12,367,1,5336.87,0,5336.87
18299,20240821,21,7,297,1,1209.52,0,1209.52
18300,20241225,83,12,232,2,2689.64,5,5110.32
18301,20250510,103,2,365,1,5201.47,0,5201.47
18302,20240212,119,18,381,1,2956.72,10,2661.05
18303,20250321,4,20,398,1,1722.15,0,1722.15
18304,20250723,3,21,160,2,2631.02,0,5262.04
18305,20240124,117,3,307,2,5631.66,15,9573.82
18306,20240212,60,22,358,2,4273.1,0,8546.2
18307,20250726,100,7,59,1,4823.15,5,4581.99
18308,20241006,55,10,,1,735.67,20,588.54
18309,20250620,105,21,27,1,2890.92,15,2457.28
18310,20250914,6,24,48,1,843.99,0,843.99
18311,20241029,119,9,41,1,2956.72,0,2956.72
18312,20240323,54,15,221,1,2808.33,15,2387.08
18313,20250426,110,6,386,1,3839.63,15,3263.69
18314,20250728,102,8,149,3,616.26,0,1848.78
18315,20250222,104,4,199,2,6527.04,5,12401.38
18316,20250405,29,8,240,3,1567.62,0,4702.86
18317,20240503,67,25,239,1,4800.44,0,4800.44
18318,20250322,66,16,210,2,6204.11,0,12408.22
18319,20240902,8,13,,1,3576.07,20,2860.86
18320,20240501,62,19,216,1,978.5,15,831.73
18321,20251129,116,10,122,3,6480.7,0,19442.1
18322,20251225,45,6,373,1,1364.28,10,1227.85
18323,20250830,45,2,239,3,1364.28,10,3683.56
18324,20250916,90,1,22,1,3873.38,5,3679.71
18325,20240301,82,15,305,3,3179.41,15,8107.5
18326,20250906,98,3,183,2,850.73,5,1616.39
18327,20240917,46,6,161,1,4179.48,0,4179.48
18328,20250513,44,5,,1,4747.67,10,4272.9
18329,20250826,14,10,348,1,4823.13,0,4823.13
18330,20240126,69,20,247,2,2128.62,10,3831.52
18331,20240408,99,24,55,1,4915.0,15,4177.75
18332,20240428,101,5,295,1,1131.31,10,1018.18
18333,20240903,75,24,167,1,2266.5,10,2039.85
18334,20240622,62,1,222,2,978.5,0,1957.0
18335,20250423,11,24,122,4,5902.88,0,23611.52
18336,20250317,105,19,64,1,2890.92,5,2746.37
18337,20240505,74,19,356,1,3249.83,0,3249.83
18338,20240505,100,20,163,1,4823.15,0,4823.15
18339,20250610,11,24,191,2,5902.88,5,11215.47
18340,20250413,98,7,24,1,850.73,10,765.66
18341,20250508,91,17,59,1,6185.93,0,6185.93
18342,20250907,75,5,374,1,2266.5,0,2266.5
18343,20250629,65,14,127,1,3541.34,10,3187.21
18344,20250707,58,22,367,1,5200.5,0,5200.5
18345,20240705,5,25,270,1,2284.3,15,1941.66
18346,20251117,38,15,260,1,1729.74,0,1729.74
18347,20240421,84,6,150,1,4822.61,0,4822.61
18348,20251120,105,14,268,1,2890.92,5,2746.37
18349,20240508,53,24,266,2,1453.18,0,2906.36
18350,20250801,5,2,153,1,2284.3,0,2284.3
18351,20251028,5,3,165,1,2284.3,0,2284.3
18352,20250412,50,22,151,2,3814.05,10,6865.29
18353,20250123,120,20,367,1,5078.17,0,5078.17
18354,20240327,10,2,,1,3316.3,20,2653.04
18355,20241125,22,1,262,1,6438.69,5,6116.76
18356,20240612,53,11,62,3,1453.18,15,3705.61
18357,20240320,28,1,385,1,3988.05,0,3988.05
18358,20250611,71,21,149,1,3918.6,0,3918.6
18359,20240108,84,11,34,1,4822.61,15,4099.22
18360,20250225,61,16,368,1,5731.62,0,5731.62
18361,20250615,94,14,355,2,1460.17,0,2920.34
18362,20241002,117,18,399,2,5631.66,0,11263.32
18363,20250912,92,22,,2,2008.22,0,4016.44
18364,20250227,33,2,1,2,2291.4,5,4353.66
18365,20240927,2,23,128,1,882.35,5,838.23
18366,20250821,19,3,348,1,3799.68,0,3799.68
18367,20251028,52,10,52,1,2796.94,0,2796.94
18368,20240717,34,13,146,1,1322.31,10,1190.08
18369,20251115,109,19,255,1,2954.88,0,2954.88
18370,20250129,100,2,16,1,4823.15,10,4340.84
18371,20240828,42,18,136,1,2401.74,5,2281.65
18372,20240509,40,13,,2,6858.19,0,13716.38
18373,20240216,75,18,68,1,2266.5,0,2266.5
18374,20240623,76,1,387,1,5042.37,0,5042.37
18375,20250104,47,25,278,1,2706.69,0,2706.69
18376,20251203,87,8,29,2,2952.23,15,5018.79
18377,20250702,68,1,88,2,1648.1,0,3296.2
18378,20241029,22,17,382,1,6438.69,5,6116.76
18379,20240928,33,20,152,2,2291.4,10,4124.52
18380,20251107,116,22,336,1,6480.7,15,5508.59
18381,20240705,43,17,314,2,3747.63,0,7495.26
18382,20250415,7,19,48,4,4794.43,0,19177.72
18383,20251022,108,15,311,1,3374.55,10,3037.1
18384,20241206,6,19,123,1,843.99,0,843.99
18385,20251001,45,6,71,1,1364.28,0,1364.28
18386,20240101,94,23,154,1,1460.17,0,1460.17
18387,20250521,119,13,198,1,2956.72,10,2661.05
18388,20250509,4,19,6,1,1722.15,0,1722.15
18389,20240719,104,20,242,1,6527.04,0,6527.04
18390,20250306,74,12,103,2,3249.83,0,6499.66
18391,20250921,20,6,293,1,1915.63,0,1915.63
18392,20240715,101,6,297,1,1131.31,0,1131.31
18393,20250219,60,12,269,1,4273.1,20,3418.48
18394,20240625,105,18,180,1,2890.92,15,2457.28
18395,20250303,46,20,183,1,4179.48,5,3970.51
18396,20240228,76,12,363,1,5042.37,5,4790.25
18397,20250506,2,10,243,3,882.35,5,2514.7
18398,20241015,1,11,298,2,1005.84,0,2011.68
18399,20240423,104,10,275,2,6527.04,0,13054.08
18400,20250408,4,21,87,1,1722.15,5,1636.04
18401,20250220,101,18,,3,1131.31,0,3393.93
18402,20240806,51,14,331,1,2879.69,5,2735.71
18403,20240420,30,2,383,1,3704.61,0,3704.61
18404,20240313,46,13,180,1,4179.48,0,4179.48
18405,20240823,43,22,289,4,3747.63,5,14240.99
18406,20240212,9,10,325,1,4835.47,0,4835.47
18407,20250530,36,3,293,1,682.61,10,614.35
18408,20241207,102,14,364,2,616.26,0,1232.52
18409,20250330,76,8,94,1,5042.37,0,5042.37
18410,20250818,111,4,27,1,1506.58,0,1506.58
18411,20240603,81,14,194,3,1242.05,5,3539.84
18412,20240408,18,5,,1,5185.3,5,4926.03
18413,20240729,60,20,394,2,4273.1,0,8546.2
18414,20240223,33,14,267,1,2291.4,10,2062.26
18415,20250415,84,17,166,2,4822.61,0,9645.22
18416,20250306,46,23,93,1,4179.48,0,4179.48
18417,20240714,105,2,213,1,2890.92,0,2890.92
18418,20251008,108,17,281,1,3374.55,0,3374.55
18419,20240606,77,18,199,1,5233.57,0,5233.57
18420,20240324,49,12,306,1,3974.14,0,3974.14
18421,20250220,63,19,322,1,4196.34,5,3986.52
18422,20240311,58,19,,1,5200.5,20,4160.4
18423,20250216,78,10,49,1,1807.55,0,1807.55
18424,20250404,31,21,67,1,7243.85,0,7243.85
18425,20241223,108,15,316,1,3374.55,15,2868.37
18426,20251010,53,5,,1,1453.18,0,1453.18
18427,20240527,95,9,195,1,3960.41,0,3960.41
18428,20251217,24,13,45,1,3205.37,0,3205.37
18429,20240626,117,9,208,1,5631.66,5,5350.08
18430,20251018,84,21,311,1,4822.61,10,4340.35
18431,20250129,57,20,127,2,3796.83,0,7593.66
18432,20240720,47,25,385,1,2706.69,0,2706.69
18433,20250730,109,18,355,1,2954.88,0,2954.88
18434,20241211,16,1,49,1,4330.21,0,4330.21
18435,20250809,37,22,386,1,3761.37,0,3761.37
18436,20240102,110,6,309,3,3839.63,0,11518.89
18437,20240519,114,25,96,1,3973.22,5,3774.56
18438,20250623,18,6,166,1,5185.3,5,4926.03
18439,20250227,91,6,33,3,6185.93,0,18557.79
18440,20241129,56,19,,2,7088.96,0,14177.92
18441,20250419,50,22,69,2,3814.05,15,6483.89
18442,20241108,45,10,204,1,1364.28,0,1364.28
18443,20241108,65,8,,1,3541.34,0,3541.34
18444,20240321,35,5,122,1,3748.04,0,3748.04
18445,20240905,90,16,188,1,3873.38,5,3679.71
18446,20240413,109,20,,1,2954.88,15,2511.65
18447,20240408,118,8,324,1,5698.72,10,5128.85
18448,20251213,42,16,285,1,2401.74,15,2041.48
18449,20250829,32,16,,1,1604.88,0,1604.88
18450,20240524,75,18,180,3,2266.5,15,5779.57
18451,20241015,83,19,233,3,2689.64,0,8068.92
18452,20240324,13,7,1,1,4729.21,20,3783.37
18453,20240915,20,13,182,1,1915.63,10,1724.07
18454,20250930,89,14,219,1,4062.25,0,4062.25
18455,20250328,97,11,46,1,4779.12,15,4062.25
18456,20240504,40,23,325,1,6858.19,0,6858.19
18457,20250419,36,1,363,1,682.61,0,682.61
18458,20251127,18,11,80,1,5185.3,0,5185.3
18459,20240223,113,25,221,1,4385.13,5,4165.87
18460,20240901,120,13,25,2,5078.17,0,10156.34
18461,20250128,31,1,116,1,7243.85,0,7243.85
18462,20251222,33,7,125,1,2291.4,0,2291.4
18463,20251210,2,22,22,1,882.35,0,882.35
18464,20241023,37,6,207,1,3761.37,0,3761.37
18465,20250308,13,22,,2,4729.21,0,9458.42
18466,20240728,92,24,173,1,2008.22,15,1706.99
18467,20240726,13,12,324,1,4729.21,15,4019.83
18468,20240128,39,3,197,1,3883.73,0,3883.73
18469,20250508,117,21,397,3,5631.66,0,16894.98
18470,20250604,8,20,172,1,3576.07,0,3576.07
18471,20250722,97,8,36,1,4779.12,5,4540.16
18472,20251224,110,13,137,1,3839.63,10,3455.67
18473,20240310,40,8,74,1,6858.19,20,5486.55
18474,20250523,84,12,112,1,4822.61,20,3858.09
18475,20240701,107,22,148,1,1952.14,20,1561.71
18476,20251001,30,9,167,1,3704.61,0,3704.61
18477,20250301,87,25,209,3,2952.23,15,7528.19
18478,20250425,41,10,,1,5693.66,0,5693.66
18479,20250913,40,10,,1,6858.19,10,6172.37
18480,20241126,46,20,71,2,4179.48,0,8358.96
18481,20240111,54,16,298,1,2808.33,0,2808.33
18482,20240518,8,8,5,2,3576.07,5,6794.53
18483,20250206,83,11,99,1,2689.64,0,2689.64
18484,20240615,32,1,86,1,1604.88,5,1524.64
18485,20241012,74,4,254,1,3249.83,5,3087.34
18486,20240903,84,20,315,1,4822.61,5,4581.48
18487,20250114,26,12,282,1,1355.83,15,1152.46
18488,20250825,99,6,99,1,4915.0,5,4669.25
18489,20241007,15,24,235,1,4621.37,0,4621.37
18490,20240326,94,22,329,1,1460.17,15,1241.14
18491,20240530,52,4,247,1,2796.94,0,2796.94
18492,20240617,91,7,41,1,6185.93,0,6185.93
18493,20250110,16,22,104,1,4330.21,0,4330.21
18494,20241106,87,20,245,1,2952.23,0,2952.23
18495,20250205,100,2,15,1,4823.15,10,4340.84
18496,20250214,74,16,223,1,3249.83,0,3249.83
18497,20240714,18,23,,1,5185.3,20,4148.24
18498,20240808,86,11,290,1,4002.37,10,3602.13
18499,20241018,39,3,280,1,3883.73,10,3495.36
18500,20240115,7,16,,3,4794.43,5,13664.13
18501,20240707,9,1,232,1,4835.47,10,4351.92
18502,20240319,98,24,77,2,850.73,15,1446.24
18503,20250228,85,2,135,1,6169.54,0,6169.54
18504,20240312,118,24,12,1,5698.72,10,5128.85
18505,20250915,42,24,254,2,2401.74,10,4323.13
18506,20250902,40,2,223,1,6858.19,15,5829.46
18507,20250608,66,19,235,1,6204.11,0,6204.11
18508,20250427,59,22,104,1,2020.12,20,1616.1
18509,20240325,26,6,20,2,1355.83,15,2304.91
18510,20250921,77,10,171,1,5233.57,5,4971.89
18511,20250408,61,21,234,1,5731.62,0,5731.62
18512,20250131,99,5,354,2,4915.0,0,9830.0
18513,20240916,62,16,346,2,978.5,0,1957.0
18514,20240620,53,24,71,2,1453.18,10,2615.72
18515,20250709,21,16,18,1,1209.52,20,967.62
18516,20250707,25,2,203,2,659.99,0,1319.98
18517,20241218,45,12,46,1,1364.28,10,1227.85
18518,20241126,120,25,161,1,5078.17,15,4316.44
18519,20250922,25,10,337,2,659.99,15,1121.98
18520,20250518,86,13,208,1,4002.37,10,3602.13
18521,20241008,91,4,55,1,6185.93,0,6185.93
18522,20250630,57,23,3,1,3796.83,5,3606.99
18523,20250320,65,15,129,1,3541.34,5,3364.27
18524,20240503,75,15,111,1,2266.5,0,2266.5
18525,20250408,101,3,37,1,1131.31,0,1131.31
18526,20241101,48,20,314,1,2551.26,0,2551.26
18527,20250816,65,11,38,1,3541.34,10,3187.21
18528,20251028,9,6,35,2,4835.47,5,9187.39
18529,20250824,116,25,23,1,6480.7,0,6480.7
18530,20251128,11,20,217,1,5902.88,15,5017.45
18531,20241014,79,13,388,1,1528.97,0,1528.97
18532,20241028,5,23,,1,2284.3,0,2284.3
18533,20240402,44,15,386,1,4747.67,0,4747.67
18534,20251103,15,11,378,1,4621.37,0,4621.37
18535,20241017,92,6,314,1,2008.22,0,2008.22
18536,20250303,39,1,,1,3883.73,15,3301.17
18537,20240415,62,13,222,2,978.5,0,1957.0
18538,20240104,12,19,,1,1690.47,5,1605.95
18539,20241010,43,20,199,1,3747.63,0,3747.63
18540,20250210,52,16,384,1,2796.94,0,2796.94
18541,20250912,57,14,158,1,3796.83,0,3796.83
18542,20250804,34,4,178,1,1322.31,0,1322.31
18543,20240110,113,16,253,1,4385.13,5,4165.87
18544,20250101,29,12,201,1,1567.62,0,1567.62
18545,20250909,65,23,21,1,3541.34,10,3187.21
18546,20250129,96,25,18,1,3006.66,0,3006.66
18547,20251011,73,2,162,1,6348.65,15,5396.35
18548,20241127,80,22,113,2,5880.6,0,11761.2
18549,20241227,103,7,328,1,5201.47,0,5201.47
18550,20250405,116,1,,2,6480.7,5,12313.33
18551,20250603,18,17,210,3,5185.3,5,14778.11
18552,20240124,1,7,342,2,1005.84,0,2011.68
18553,20241002,56,17,71,2,7088.96,0,14177.92
18554,20251029,76,23,161,2,5042.37,0,10084.74
18555,20240427,63,16,,3,4196.34,5,11959.57
18556,20251022,30,9,242,1,3704.61,10,3334.15
18557,20241121,22,23,82,1,6438.69,10,5794.82
18558,20240630,87,12,116,1,2952.23,0,2952.23
18559,20250127,48,16,21,1,2551.26,0,2551.26
18560,20251110,96,11,54,2,3006.66,5,5712.65
18561,20240814,74,23,155,1,3249.83,0,3249.83
18562,20250321,96,15,95,1,3006.66,5,2856.33
18563,20240302,41,13,150,1,5693.66,10,5124.29
18564,20241118,8,12,34,1,3576.07,0,3576.07
18565,20250501,34,17,91,1,1322.31,10,1190.08
18566,20241007,102,11,332,1,616.26,0,616.26
18567,20241106,53,13,343,1,1453.18,0,1453.18
18568,20241214,102,23,388,1,616.26,0,616.26
18569,20250614,77,5,177,3,5233.57,5,14915.67
18570,20241210,12,16,390,2,1690.47,0,3380.94
18571,20240203,24,7,53,1,3205.37,5,3045.1
18572,20240527,109,17,224,3,2954.88,5,8421.41
18573,20250626,69,6,133,1,2128.62,15,1809.33
18574,20251120,7,21,108,1,4794.43,0,4794.43
18575,20250427,112,22,45,1,1434.74,0,1434.74
18576,20250202,34,15,77,1,1322.31,0,1322.31
18577,20240817,96,24,331,1,3006.66,10,2705.99
18578,20240512,68,22,148,1,1648.1,5,1565.69
18579,20250712,61,13,122,1,5731.62,10,5158.46
18580,20250819,14,9,25,1,4823.13,5,4581.97
18581,20241012,115,5,105,3,2419.05,5,6894.29
18582,20241122,24,17,198,1,3205.37,5,3045.1
18583,20241120,95,12,360,1,3960.41,0,3960.41
18584,20240820,30,25,173,1,3704.61,0,3704.61
18585,20250505,28,2,88,1,3988.05,0,3988.05
18586,20250417,69,23,338,1,2128.62,10,1915.76
18587,20250708,101,6,153,1,1131.31,0,1131.31
18588,20250805,91,4,114,1,6185.93,0,6185.93
18589,20250613,115,18,307,1,2419.05,0,2419.05
18590,20250906,76,15,228,3,5042.37,15,12858.04
18591,20240506,6,13,91,2,843.99,0,1687.98
18592,20250228,37,13,17,1,3761.37,15,3197.16
18593,20250811,92,18,236,2,2008.22,5,3815.62
18594,20241231,53,25,133,1,1453.18,5,1380.52
18595,20250404,89,21,298,1,4062.25,0,4062.25
18596,20250617,54,2,361,2,2808.33,0,5616.66
18597,20250924,6,14,138,4,843.99,15,2869.57
18598,20250113,84,24,208,1,4822.61,0,4822.61
18599,20250813,56,9,130,2,7088.96,20,11342.34
18600,20241119,16,12,373,2,4330.21,10,7794.38
18601,20240228,92,23,,1,2008.22,5,1907.81
18602,20251224,120,16,100,1,5078.17,0,5078.17
18603,20250821,25,12,30,1,659.99,10,593.99
18604,20250412,71,13,276,1,3918.6,0,3918.6
18605,20250523,86,18,120,2,4002.37,0,8004.74
18606,20250826,9,1,,2,4835.47,5,9187.39
18607,20241028,70,8,381,1,3349.78,0,3349.78
18608,20241009,114,25,121,1,3973.22,0,3973.22
18609,20250802,92,23,220,4,2008.22,0,8032.88
18610,20240522,36,7,210,1,682.61,5,648.48
18611,20250904,61,18,42,2,5731.62,0,11463.24
18612,20240427,42,1,267,3,2401.74,0,7205.22
18613,20241023,90,13,188,1,3873.38,0,3873.38
18614,20240204,38,9,,1,1729.74,0,1729.74
18615,20251119,72,11,,2,1667.62,15,2834.95
18616,20250219,76,3,213,1,5042.37,5,4790.25
18617,20251107,73,6,351,1,6348.65,0,6348.65
18618,20250703,91,18,160,4,6185.93,20,19794.98
18619,20240727,61,23,283,1,5731.62,0,5731.62
18620,20250105,43,11,,1,3747.63,0,3747.63
18621,20241212,39,19,76,1,3883.73,0,3883.73
18622,20250629,50,10,300,2,3814.05,0,7628.1
18623,20240928,77,18,312,1,5233.57,20,4186.86
18624,20250819,28,16,205,2,3988.05,0,7976.1
18625,20251205,57,11,388,1,3796.83,5,3606.99
18626,20250110,73,10,134,1,6348.65,0,6348.65
18627,20241223,79,25,179,2,1528.97,0,3057.94
18628,20250204,114,12,64,1,3973.22,0,3973.22
18629,20240406,120,23,371,1,5078.17,0,5078.17
18630,20250627,47,25,22,1,2706.69,0,2706.69
18631,20250429,48,21,142,2,2551.26,0,5102.52
18632,20240629,34,13,314,1,1322.31,0,1322.31
18633,20250531,10,5,378,1,3316.3,5,3150.49
18634,20240304,78,11,31,1,1807.55,20,1446.04
18635,20240315,78,25,169,2,1807.55,5,3434.34
18636,20240114,80,7,230,1,5880.6,0,5880.6
18637,20250223,40,15,193,1,6858.19,5,6515.28
18638,20251024,57,25,,1,3796.83,0,3796.83
18639,20241201,97,12,79,1,4779.12,5,4540.16
18640,20250426,21,20,95,1,1209.52,15,1028.09
18641,20241004,75,4,118,3,2266.5,10,6119.55
18642,20250209,102,3,148,1,616.26,0,616.26
18643,20250704,117,21,250,3,5631.66,0,16894.98
18644,20241205,65,20,385,1,3541.34,15,3010.14
18645,20241008,113,2,145,2,4385.13,0,8770.26
18646,20251127,12,17,57,1,1690.47,20,1352.38
18647,20240911,97,16,116,1,4779.12,0,4779.12
18648,20240610,5,23,1,2,2284.3,0,4568.6
18649,20240312,31,9,239,1,7243.85,10,6519.47
18650,20241012,70,17,55,1,3349.78,0,3349.78
18651,20240923,15,4,,2,4621.37,10,8318.47
18652,20241122,2,14,,2,882.35,15,1499.99
18653,20251031,10,11,,1,3316.3,5,3150.49
18654,20240416,115,20,329,3,2419.05,15,6168.58
18655,20241003,120,10,359,1,5078.17,0,5078.17
18656,20240606,61,15,137,2,5731.62,10,10316.92
18657,20250815,74,8,175,1,3249.83,0,3249.83
18658,20250406,36,4,129,2,682.61,0,1365.22
18659,20250801,94,20,70,2,1460.17,0,2920.34
18660,20251122,68,22,171,1,1648.1,10,1483.29
18661,20250129,119,8,22,1,2956.72,0,2956.72
18662,20240805,25,21,336,2,659.99,0,1319.98
18663,20240812,117,11,192,1,5631.66,5,5350.08
18664,20241213,30,23,135,2,3704.61,10,6668.3
18665,20240801,87,16,57,2,2952.23,20,4723.57
18666,20250202,75,20,44,4,2266.5,15,7706.1
18667,20240205,112,18,133,1,1434.74,0,1434.74
18668,20250924,60,20,56,3,4273.1,20,10255.44
18669,20250504,68,8,203,1,1648.1,0,1648.1
18670,20240905,65,24,341,2,3541.34,0,7082.68
18671,20250305,81,15,99,1,1242.05,15,1055.74
18672,20250919,14,11,193,3,4823.13,10,13022.45
18673,20250224,84,1,,1,4822.61,5,4581.48
18674,20250608,101,6,81,1,1131.31,0,1131.31
18675,20251202,80,15,257,2,5880.6,10,10585.08
18676,20241015,69,19,355,1,2128.62,10,1915.76
18677,20251104,86,18,206,2,4002.37,0,8004.74
18678,20241231,24,18,,1,3205.37,0,3205.37
18679,20240130,103,4,89,2,5201.47,10,9362.65
18680,20250806,75,17,237,1,2266.5,20,1813.2
18681,20240811,70,22,139,1,3349.78,5,3182.29
18682,20240813,79,4,188,4,1528.97,0,6115.88
18683,20250317,70,4,168,1,3349.78,0,3349.78
18684,20240505,98,18,347,2,850.73,0,1701.46
18685,20250117,28,17,259,1,3988.05,5,3788.65
18686,20240518,27,14,,3,1220.37,20,2928.89
18687,20250410,108,22,250,1,3374.55,0,3374.55
18688,20240610,85,10,248,3,6169.54,20,14806.9
18689,20251124,112,18,112,4,1434.74,5,5452.01
18690,20250828,72,6,396,1,1667.62,5,1584.24
18691,20240424,74,6,88,1,3249.83,0,3249.83
18692,20251230,88,25,201,1,2796.03,0,2796.03
18693,20251013,40,4,232,3,6858.19,0,20574.57
18694,20240412,10,13,172,3,3316.3,5,9451.46
18695,20240206,111,5,390,1,1506.58,5,1431.25
18696,20240630,33,13,,2,2291.4,0,4582.8
18697,20250313,27,5,291,3,1220.37,5,3478.05
18698,20250120,16,6,121,1,4330.21,0,4330.21
18699,20240429,13,8,21,1,4729.21,0,4729.21
18700,20250113,71,4,,4,3918.6,0,15674.4
18701,20250901,30,18,,1,3704.61,0,3704.61
18702,20240510,78,4,317,1,1807.55,0,1807.55
18703,20250624,42,15,156,1,2401.74,0,2401.74
18704,20251216,61,23,281,1,5731.62,15,4871.88
18705,20250912,101,2,266,1,1131.31,0,1131.31
18706,20241027,67,11,25,1,4800.44,0,4800.44
18707,20240731,10,2,225,2,3316.3,0,6632.6
18708,20250131,37,1,255,1,3761.37,10,3385.23
18709,20250119,28,10,9,4,3988.05,0,15952.2
18710,20241017,3,20,259,1,2631.02,5,2499.47
18711,20250829,84,25,226,1,4822.61,5,4581.48
18712,20250612,66,15,166,1,6204.11,5,5893.9
18713,20250318,103,17,230,1,5201.47,5,4941.4
18714,20251226,62,12,353,1,978.5,0,978.5
18715,20250827,47,7,376,1,2706.69,0,2706.69
18716,20251016,93,3,386,1,4029.05,0,4029.05
18717,20250310,113,13,293,1,4385.13,0,4385.13
18718,20251126,41,14,234,1,5693.66,0,5693.66
18719,20241013,20,17,374,1,1915.63,0,1915.63
18720,20240607,90,25,58,1,3873.38,0,3873.38
18721,20250927,94,19,252,1,1460.17,5,1387.16
18722,20241130,43,7,362,1,3747.63,0,3747.63
18723,20251103,43,8,310,3,3747.63,0,11242.89
18724,20241223,64,2,145,1,4068.92,5,3865.47
18725,20251016,97,7,184,3,4779.12,0,14337.36
18726,20241108,67,3,56,1,4800.44,15,4080.37
18727,20250805,18,22,62,1,5185.3,20,4148.24
18728,20251004,100,2,366,2,4823.15,0,9646.3
18729,20240805,60,16,12,1,4273.1,0,4273.1
18730,20241005,120,3,185,1,5078.17,10,4570.35
18731,20250703,27,19,144,1,1220.37,5,1159.35
18732,20250903,56,5,166,4,7088.96,0,28355.84
18733,20240520,22,2,157,1,6438.69,0,6438.69
18734,20240816,3,22,125,1,2631.02,5,2499.47
18735,20240810,3,12,74,2,2631.02,0,5262.04
18736,20240812,34,15,50,1,1322.31,0,1322.31
18737,20240628,17,10,399,2,1735.19,0,3470.38
18738,20240820,63,1,353,2,4196.34,0,8392.68
18739,20241001,18,22,16,1,5185.3,0,5185.3
18740,20241002,5,22,234,1,2284.3,10,2055.87
18741,20251215,97,8,292,3,4779.12,0,14337.36
18742,20250410,107,3,85,1,1952.14,0,1952.14
18743,20240729,98,12,135,2,850.73,15,1446.24
18744,20250625,109,3,,1,2954.88,10,2659.39
18745,20241206,104,15,89,1,6527.04,0,6527.04
18746,20240201,49,10,291,1,3974.14,10,3576.73
18747,20240416,17,23,222,2,1735.19,0,3470.38
18748,20250512,35,2,379,1,3748.04,5,3560.64
18749,20241127,61,11,38,2,5731.62,0,11463.24
18750,20250628,84,15,239,1,4822.61,10,4340.35
18751,20251014,88,2,299,1,2796.03,0,2796.03
18752,20240920,95,4,280,1,3960.41,0,3960.41
18753,20240710,105,5,305,1,2890.92,0,2890.92
18754,20240622,92,18,396,1,2008.22,0,2008.22
18755,20250725,41,11,187,1,5693.66,5,5408.98
18756,20241205,38,15,336,1,1729.74,0,1729.74
18757,20250728,35,7,341,1,3748.04,0,3748.04
18758,20240822,100,25,41,1,4823.15,0,4823.15
18759,20240916,120,2,56,2,5078.17,10,9140.71
18760,20240528,67,2,248,1,4800.44,20,3840.35
18761,20251127,106,21,76,2,717.87,0,1435.74
18762,20251024,63,15,161,2,4196.34,0,8392.68
18763,20250419,31,2,171,1,7243.85,15,6157.27
18764,20240713,64,5,163,1,4068.92,20,3255.14
18765,20240708,77,17,166,2,5233.57,5,9943.78
18766,20240518,53,4,128,1,1453.18,0,1453.18
18767,20250918,19,1,10,1,3799.68,10,3419.71
18768,20241031,119,8,,1,2956.72,10,2661.05
18769,20250401,49,22,69,1,3974.14,5,3775.43
18770,20240728,108,6,380,1,3374.55,0,3374.55
18771,20240901,15,2,270,1,4621.37,0,4621.37
18772,20250113,8,5,288,1,3576.07,10,3218.46
18773,20250731,110,21,332,1,3839.63,5,3647.65
18774,20250118,41,21,227,1,5693.66,0,5693.66
18775,20240824,2,4,339,4,882.35,5,3352.93
18776,20251108,28,11,310,2,3988.05,0,7976.1
18777,20240524,60,21,,1,4273.1,0,4273.1
18778,20250205,78,14,391,2,1807.55,0,3615.1
18779,20251118,1,8,152,1,1005.84,5,955.55
18780,20251225,99,6,96,2,4915.0,20,7864.0
18781,20240330,120,23,125,1,5078.17,0,5078.17
18782,20240518,102,5,14,1,616.26,0,616.26
18783,20250912,12,6,244,2,1690.47,0,3380.94
18784,20241006,38,11,,1,1729.74,15,1470.28
18785,20240417,70,17,219,1,3349.78,5,3182.29
18786,20250907,85,16,349,2,6169.54,0,12339.08
18787,20240923,37,8,69,1,3761.37,0,3761.37
18788,20250107,71,6,95,1,3918.6,0,3918.6
18789,20250727,20,22,209,1,1915.63,10,1724.07
18790,20250617,45,1,239,2,1364.28,0,2728.56
18791,20240819,7,12,129,2,4794.43,5,9109.42
18792,20241019,3,13,192,1,2631.02,0,2631.02
18793,20240417,81,10,133,1,1242.05,0,1242.05
18794,20240910,37,1,372,1,3761.37,0,3761.37
18795,20251005,28,25,309,1,3988.05,0,3988.05
18796,20240521,33,12,196,1,2291.4,0,2291.4
18797,20251211,110,4,353,1,3839.63,0,3839.63
18798,20240126,115,10,298,1,2419.05,0,2419.05
18799,20240702,65,7,312,1,3541.34,0,3541.34
18800,20251101,119,8,4,1,2956.72,0,2956.72
18801,20251114,111,15,85,1,1506.58,5,1431.25
18802,20240113,108,18,50,1,3374.55,0,3374.55
18803,20250325,109,13,198,1,2954.88,5,2807.14
18804,20250604,80,6,21,1,5880.6,0,5880.6
18805,20250910,12,19,298,2,1690.47,10,3042.85
18806,20250227,100,17,123,1,4823.15,0,4823.15
18807,20250521,26,9,323,1,1355.83,0,1355.83
18808,20250228,103,22,106,2,5201.47,5,9882.79
18809,20241016,112,20,309,2,1434.74,0,2869.48
18810,20250621,5,10,36,2,2284.3,5,4340.17
18811,20240221,119,12,177,1,2956.72,0,2956.72
18812,20240920,11,20,210,1,5902.88,15,5017.45
18813,20250116,47,21,115,1,2706.69,5,2571.36
18814,20250512,15,2,246,1,4621.37,0,4621.37
18815,20240301,11,17,,1,5902.88,0,5902.88
18816,20241104,87,14,288,1,2952.23,0,2952.23
18817,20251023,70,16,303,1,3349.78,0,3349.78
18818,20250915,60,13,267,2,4273.1,15,7264.27
18819,20251111,20,8,174,1,1915.63,0,1915.63
18820,20251205,29,8,274,1,1567.62,0,1567.62
18821,20250405,8,22,,1,3576.07,5,3397.27
18822,20241004,98,25,49,2,850.73,0,1701.46
18823,20251108,90,1,37,2,3873.38,20,6197.41
18824,20250127,110,10,304,2,3839.63,0,7679.26
18825,20250824,24,4,31,1,3205.37,15,2724.56
18826,20250916,89,2,227,1,4062.25,0,4062.25
18827,20240222,26,20,,1,1355.83,0,1355.83
18828,20240507,12,8,359,1,1690.47,0,1690.47
18829,20251112,40,24,210,1,6858.19,15,5829.46
18830,20241105,98,19,,1,850.73,10,765.66
18831,20241125,37,14,174,1,3761.37,0,3761.37
18832,20250327,113,13,84,1,4385.13,0,4385.13
18833,20251127,49,7,129,2,3974.14,0,7948.28
18834,20251202,120,13,273,1,5078.17,10,4570.35
18835,20240229,30,5,182,1,3704.61,0,3704.61
18836,20241110,73,2,259,1,6348.65,0,6348.65
18837,20240921,115,3,261,1,2419.05,0,2419.05
18838,20240201,19,24,283,1,3799.68,0,3799.68
18839,20250414,54,10,48,1,2808.33,0,2808.33
18840,20250807,67,18,113,3,4800.44,0,14401.32
18841,20240505,53,15,31,1,1453.18,0,1453.18
18842,20251004,96,3,378,2,3006.66,0,6013.32
18843,20241213,106,17,,1,717.87,20,574.3
18844,20240417,69,17,140,1,2128.62,15,1809.33
18845,20240204,106,7,209,1,717.87,10,646.08
18846,20240403,26,3,353,1,1355.83,0,1355.83
18847,20250212,77,8,59,1,5233.57,0,5233.57
18848,20251010,2,1,200,1,882.35,5,838.23
18849,20241118,89,15,,1,4062.25,0,4062.25
18850,20251213,27,3,299,1,1220.37,0,1220.37
18851,20240721,67,13,293,2,4800.44,20,7680.7
18852,20250122,3,4,397,1,2631.02,5,2499.47
18853,20250201,17,19,131,3,1735.19,0,5205.57
18854,20241121,75,13,178,1,2266.5,0,2266.5
18855,20250815,4,18,286,1,1722.15,0,1722.15
18856,20250606,34,18,,1,1322.31,0,1322.31
18857,20240126,76,19,35,1,5042.37,20,4033.9
18858,20240113,29,15,171,1,1567.62,0,1567.62
18859,20251115,72,2,190,1,1667.62,0,1667.62
18860,20240329,33,20,,1,2291.4,0,2291.4
18861,20250802,106,10,193,1,717.87,0,717.87
18862,20250521,62,5,145,1,978.5,10,880.65
18863,20240326,84,15,124,3,4822.61,20,11574.26
18864,20250912,31,3,173,1,7243.85,0,7243.85
18865,20240416,18,21,121,1,5185.3,5,4926.03
18866,20250630,82,7,151,2,3179.41,10,5722.94
18867,20251005,112,17,168,4,1434.74,0,5738.96
18868,20240322,41,8,29,2,5693.66,0,11387.32
18869,20250502,64,8,282,1,4068.92,15,3458.58
18870,20240720,87,7,79,1,2952.23,15,2509.4
18871,20240816,65,22,156,4,3541.34,10,12748.82
18872,20250728,28,25,83,1,3988.05,0,3988.05
18873,20250404,81,20,,2,1242.05,0,2484.1
18874,20251124,103,15,251,1,5201.47,10,4681.32
18875,20250520,82,15,198,1,3179.41,0,3179.41
18876,20240104,83,19,,1,2689.64,10,2420.68
18877,20250925,76,12,190,1,5042.37,0,5042.37
18878,20240421,42,22,362,1,2401.74,0,2401.74
18879,20251110,84,2,281,1,4822.61,20,3858.09
18880,20250627,98,24,7,1,850.73,0,850.73
18881,20240920,119,12,90,1,2956.72,0,2956.72
18882,20240622,68,1,88,1,1648.1,10,1483.29
18883,20240225,9,12,222,1,4835.47,20,3868.38
18884,20240207,63,25,279,1,4196.34,5,3986.52
18885,20241119,27,19,45,1,1220.37,10,1098.33
18886,20241017,108,15,262,1,3374.55,0,3374.55
18887,20250501,24,10,326,1,3205.37,5,3045.1
18888,20241104,96,4,323,1,3006.66,0,3006.66
18889,20241121,63,7,131,1,4196.34,0,4196.34
18890,20240310,6,20,186,3,843.99,10,2278.77
18891,20251129,31,1,122,1,7243.85,0,7243.85
18892,20251218,75,7,64,1,2266.5,5,2153.17
18893,20250812,95,5,251,3,3960.41,5,11287.17
18894,20241104,58,25,302,1,5200.5,0,5200.5
18895,20251218,27,13,185,2,1220.37,10,2196.67
18896,20251107,75,10,70,1,2266.5,0,2266.5
18897,20251121,58,24,400,1,5200.5,10,4680.45
18898,20240331,33,3,141,1,2291.4,10,2062.26
18899,20250318,37,10,101,4,3761.37,0,15045.48
18900,20251027,63,12,57,1,4196.34,0,4196.34
18901,20240815,97,6,,1,4779.12,0,4779.12
18902,20240128,83,6,255,2,2689.64,10,4841.35
18903,20240923,78,20,332,1,1807.55,5,1717.17
18904,20250509,78,25,281,1,1807.55,10,1626.8
18905,20250601,66,8,313,1,6204.11,0,6204.11
18906,20250512,91,21,227,1,6185.93,0,6185.93
18907,20250226,22,3,229,1,6438.69,0,6438.69
18908,20240307,6,5,,1,843.99,0,843.99
18909,20251123,2,12,386,2,882.35,10,1588.23
18910,20250911,120,6,275,1,5078.17,5,4824.26
18911,20240321,35,3,260,1,3748.04,5,3560.64
18912,20241229,26,4,140,3,1355.83,15,3457.37
18913,20251115,46,19,12,1,4179.48,0,4179.48
18914,20250227,120,10,,1,5078.17,0,5078.17
18915,20250317,47,18,165,1,2706.69,15,2300.69
18916,20240513,2,5,91,1,882.35,5,838.23
18917,20240228,103,16,394,1,5201.47,0,5201.47
18918,20250226,47,23,37,1,2706.69,10,2436.02
18919,20250906,6,24,333,1,843.99,0,843.99
18920,20250617,114,12,327,1,3973.22,10,3575.9
18921,20240621,30,17,64,3,3704.61,0,11113.83
18922,20240425,74,1,122,1,3249.83,0,3249.83
18923,20250331,109,13,220,1,2954.88,10,2659.39
18924,20250314,27,10,105,1,1220.37,5,1159.35
18925,20250618,16,4,381,2,4330.21,0,8660.42
18926,20240923,91,9,22,1,6185.93,15,5258.04
18927,20250507,30,24,93,3,3704.61,0,11113.83
18928,20240414,23,24,99,1,5336.87,0,5336.87
18929,20250117,8,9,309,1,3576.07,0,3576.07
18930,20250419,55,7,312,1,735.67,0,735.67
18931,20240515,56,5,192,1,7088.96,0,7088.96
18932,20250723,79,5,34,1,1528.97,0,1528.97
18933,20250817,99,21,85,1,4915.0,5,4669.25
18934,20240619,68,22,79,1,1648.1,0,1648.1
18935,20250510,54,8,330,1,2808.33,5,2667.91
18936,20240427,5,8,257,1,2284.3,0,2284.3
18937,20240113,64,20,143,4,4068.92,5,15461.9
18938,20240322,4,23,332,1,1722.15,10,1549.94
18939,20251208,43,3,297,1,3747.63,0,3747.63
18940,20250902,31,3,235,2,7243.85,5,13763.32
18941,20251103,54,23,378,1,2808.33,15,2387.08
18942,20250403,60,22,294,2,4273.1,0,8546.2
18943,20250530,94,6,396,2,1460.17,20,2336.27
18944,20250814,81,2,200,2,1242.05,0,2484.1
18945,20250214,29,24,12,1,1567.62,5,1489.24
18946,20250924,55,12,155,2,735.67,0,1471.34
18947,20250420,36,22,272,2,682.61,0,1365.22
18948,20240411,113,14,214,1,4385.13,20,3508.1
18949,20250608,15,11,62,1,4621.37,0,4621.37
18950,20240221,23,6,334,1,5336.87,0,5336.87
18951,20240220,79,9,42,1,1528.97,10,1376.07
18952,20241211,114,24,138,4,3973.22,0,15892.88
18953,20251130,7,20,51,2,4794.43,5,9109.42
18954,20240306,71,18,,2,3918.6,0,7837.2
18955,20241009,117,1,235,3,5631.66,10,15205.48
18956,20251114,113,20,,1,4385.13,0,4385.13
18957,20250212,5,4,298,2,2284.3,5,4340.17
18958,20240609,64,2,286,1,4068.92,0,4068.92
18959,20240905,30,7,213,1,3704.61,15,3148.92
18960,20250811,38,21,143,1,1729.74,0,1729.74
18961,20240921,13,8,96,2,4729.21,10,8512.58
18962,20241029,106,20,117,2,717.87,10,1292.17
18963,20240606,80,5,333,1,5880.6,0,5880.6
18964,20251009,90,4,91,1,3873.38,0,3873.38
18965,20250407,27,17,2,1,1220.37,10,1098.33
18966,20240920,4,15,212,2,1722.15,20,2755.44
18967,20241218,112,18,119,1,1434.74,20,1147.79
18968,20241202,90,17,226,1,3873.38,0,3873.38
18969,20240302,2,1,105,2,882.35,5,1676.46
18970,20240331,37,7,178,1,3761.37,10,3385.23
18971,20241227,81,15,56,2,1242.05,5,2359.89
18972,20240117,101,8,121,1,1131.31,5,1074.74
18973,20250605,118,9,300,2,5698.72,10,10257.7
18974,20250228,96,23,383,1,3006.66,15,2555.66
18975,20241123,97,23,221,1,4779.12,0,4779.12
18976,20241117,71,14,337,1,3918.6,0,3918.6
18977,20240413,81,3,40,1,1242.05,10,1117.85
18978,20240625,100,20,256,1,4823.15,5,4581.99
18979,20250103,106,11,337,1,717.87,0,717.87
18980,20240517,90,10,72,1,3873.38,15,3292.37
18981,20251111,115,23,,3,2419.05,5,6894.29
18982,20250513,58,22,206,1,5200.5,0,5200.5
18983,20250119,77,7,231,1,5233.57,10,4710.21
18984,20241207,101,1,76,1,1131.31,0,1131.31
18985,20240218,99,2,372,3,4915.0,0,14745.0
18986,20240115,5,2,102,1,2284.3,5,2170.09
18987,20250707,61,1,,3,5731.62,20,13755.89
18988,20250827,97,2,,2,4779.12,20,7646.59
18989,20250924,110,18,32,1,3839.63,0,3839.63
18990,20240118,103,12,211,1,5201.47,0,5201.47
18991,20251121,37,3,397,1,3761.37,5,3573.3
18992,20241028,64,10,136,1,4068.92,10,3662.03
18993,20240910,64,12,,4,4068.92,10,14648.11
18994,20250505,104,22,30,1,6527.04,0,6527.04
18995,20250623,27,5,378,1,1220.37,0,1220.37
18996,20251101,96,15,78,1,3006.66,0,3006.66
18997,20241112,65,24,315,1,3541.34,0,3541.34
18998,20251119,69,6,320,4,2128.62,20,6811.58
18999,20240627,22,9,12,2,6438.69,10,11589.64
19000,20251104,76,8,287,1,5042.37,5,4790.25
19001,20251219,2,19,72,2,882.35,10,1588.23
19002,20240826,104,14,342,2,6527.04,0,13054.08
19003,20250224,106,18,274,1,717.87,0,717.87
19004,20250717,25,1,192,1,659.99,0,659.99
19005,20250419,1,11,114,1,1005.84,15,854.96
19006,20240620,89,19,288,1,4062.25,15,3452.91
19007,20240604,9,3,263,3,4835.47,0,14506.41
19008,20251110,31,21,309,2,7243.85,20,11590.16
19009,20250805,71,7,393,1,3918.6,0,3918.6
19010,20251230,35,11,153,3,3748.04,0,11244.12
19011,20241030,101,10,149,2,1131.31,20,1810.1
19012,20250904,76,21,317,1,5042.37,15,4286.01
19013,20240907,67,15,121,1,4800.44,0,4800.44
19014,20240603,14,2,315,2,4823.13,0,9646.26
19015,20240914,103,12,,1,5201.47,0,5201.47
19016,20241122,90,1,233,1,3873.38,10,3486.04
19017,20240906,99,9,153,1,4915.0,0,4915.0
19018,20250625,83,2,96,1,2689.64,10,2420.68
19019,20250119,83,6,201,1,2689.64,0,2689.64
19020,20250610,50,22,294,2,3814.05,0,7628.1
19021,20250304,118,16,108,1,5698.72,5,5413.78
19022,20240115,93,1,345,1,4029.05,0,4029.05
19023,20241004,64,20,51,1,4068.92,10,3662.03
19024,20240606,36,22,240,1,682.61,0,682.61
19025,20251231,101,1,52,1,1131.31,0,1131.31
19026,20250122,38,17,344,1,1729.74,0,1729.74
19027,20250714,66,19,23,1,6204.11,10,5583.7
19028,20240612,20,8,219,1,1915.63,5,1819.85
19029,20240926,82,2,58,1,3179.41,0,3179.41
19030,20240729,69,17,15,1,2128.62,15,1809.33
19031,20250910,38,8,,1,1729.74,5,1643.25
19032,20240202,36,18,100,3,682.61,0,2047.83
19033,20240901,99,10,337,2,4915.0,0,9830.0
19034,20250213,119,19,7,3,2956.72,10,7983.14
19035,20240926,64,18,291,1,4068.92,0,4068.92
19036,20250206,75,14,210,1,2266.5,5,2153.17
19037,20251023,25,7,98,1,659.99,10,593.99
19038,20240708,28,16,253,1,3988.05,0,3988.05
19039,20240328,81,17,254,1,1242.05,15,1055.74
19040,20251015,34,19,300,1,1322.31,5,1256.19
19041,20241025,24,23,124,1,3205.37,0,3205.37
19042,20250314,110,11,344,1,3839.63,10,3455.67
19043,20241018,31,1,162,1,7243.85,0,7243.85
19044,20250101,99,24,49,1,4915.0,5,4669.25
19045,20251228,113,16,150,1,4385.13,0,4385.13
19046,20250508,44,19,178,1,4747.67,0,4747.67
19047,20240529,12,7,307,3,1690.47,10,4564.27
19048,20240923,111,2,89,1,1506.58,0,1506.58
19049,20241005,51,15,,1,2879.69,0,2879.69
19050,20241219,81,8,306,2,1242.05,5,2359.89
19051,20250622,107,20,96,1,1952.14,0,1952.14
19052,20250531,30,8,162,1,3704.61,0,3704.61
19053,20250615,33,16,191,1,2291.4,5,2176.83
19054,20240331,61,6,232,1,5731.62,0,5731.62
19055,20250424,94,8,47,2,1460.17,15,2482.29
19056,20240422,32,15,171,1,1604.88,0,1604.88
19057,20240608,101,10,381,2,1131.31,15,1923.23
19058,20241108,91,20,297,1,6185.93,10,5567.34
19059,20250401,94,21,347,2,1460.17,0,2920.34
19060,20240404,48,2,60,1,2551.26,0,2551.26
19061,20240622,93,4,252,1,4029.05,20,3223.24
19062,20250117,117,13,59,2,5631.66,0,11263.32
19063,20250727,13,12,,1,4729.21,5,4492.75
19064,20251224,14,15,318,1,4823.13,0,4823.13
19065,20250827,89,4,130,1,4062.25,0,4062.25
19066,20241115,63,9,10,1,4196.34,0,4196.34
19067,20251002,107,1,42,1,1952.14,0,1952.14
19068,20240622,85,13,315,1,6169.54,5,5861.06
19069,20240127,96,8,274,2,3006.66,0,6013.32
19070,20240110,24,17,122,1,3205.37,5,3045.1
19071,20240513,6,10,333,1,843.99,10,759.59
19072,20240629,36,8,380,1,682.61,0,682.61
19073,20250427,56,19,11,4,7088.96,0,28355.84
19074,20240922,95,5,198,4,3960.41,0,15841.64
19075,20241006,117,16,,1,5631.66,5,5350.08
19076,20240129,26,8,313,1,1355.83,0,1355.83
19077,20241103,6,6,246,1,843.99,0,843.99
19078,20250821,105,15,355,1,2890.92,0,2890.92
19079,20250706,2,4,132,1,882.35,5,838.23
19080,20250424,106,18,116,1,717.87,5,681.98
19081,20240607,18,23,284,1,5185.3,0,5185.3
19082,20251024,79,16,105,1,1528.97,0,1528.97
19083,20250218,100,17,393,1,4823.15,5,4581.99
19084,20251228,66,24,59,1,6204.11,5,5893.9
19085,20240623,59,13,132,1,2020.12,20,1616.1
19086,20250731,12,4,31,1,1690.47,0,1690.47
19087,20251121,29,15,56,1,1567.62,5,1489.24
19088,20240823,94,2,38,1,1460.17,0,1460.17
19089,20240109,109,15,214,1,2954.88,10,2659.39
19090,20241119,76,11,230,2,5042.37,0,10084.74
19091,20240702,13,9,76,1,4729.21,5,4492.75
19092,20241230,91,15,274,2,6185.93,0,12371.86
19093,20240121,43,24,20,2,3747.63,0,7495.26
19094,20241001,45,25,211,1,1364.28,15,1159.64
19095,20240910,79,10,383,1,1528.97,0,1528.97
19096,20240820,9,5,243,1,4835.47,10,4351.92
19097,20250512,77,12,,1,5233.57,0,5233.57
19098,20240530,118,12,8,1,5698.72,0,5698.72
19099,20250806,14,10,199,1,4823.13,10,4340.82
19100,20250604,36,25,394,3,682.61,5,1945.44
19101,20240416,47,19,230,2,2706.69,20,4330.7
19102,20250402,21,4,,1,1209.52,0,1209.52
19103,20240118,88,14,308,1,2796.03,0,2796.03
19104,20240407,104,5,257,1,6527.04,5,6200.69
19105,20250920,51,9,,1,2879.69,0,2879.69
19106,20240103,50,17,378,1,3814.05,5,3623.35
19107,20250823,11,16,58,1,5902.88,0,5902.88
19108,20240217,53,5,229,1,1453.18,15,1235.2
19109,20240601,107,20,74,1,1952.14,5,1854.53
19110,20251211,36,12,218,2,682.61,0,1365.22
19111,20251027,9,5,165,1,4835.47,0,4835.47
19112,20241101,108,9,144,1,3374.55,5,3205.82
19113,20240503,18,10,181,1,5185.3,15,4407.51
19114,20240111,74,22,156,1,3249.83,0,3249.83
19115,20240110,11,4,,2,5902.88,0,11805.76
19116,20240919,105,16,375,1,2890.92,0,2890.92
19117,20250831,42,24,318,3,2401.74,0,7205.22
19118,20250805,67,15,94,2,4800.44,10,8640.79
19119,20240506,90,13,30,1,3873.38,5,3679.71
19120,20240921,108,24,32,1,3374.55,15,2868.37
19121,20250318,94,14,130,1,1460.17,0,1460.17
19122,20250503,111,2,261,1,1506.58,0,1506.58
19123,20251004,3,2,333,1,2631.02,5,2499.47
19124,20251202,98,25,393,1,850.73,0,850.73
19125,20241016,92,12,80,3,2008.22,10,5422.19
19126,20240921,18,6,370,3,5185.3,0,15555.9
19127,20250221,29,2,48,3,1567.62,10,4232.57
19128,20250422,119,21,150,1,2956.72,0,2956.72
19129,20240810,101,12,322,1,1131.31,5,1074.74
19130,20251114,13,2,120,1,4729.21,0,4729.21
19131,20251225,52,22,400,1,2796.94,5,2657.09
19132,20250331,45,2,221,2,1364.28,5,2592.13
19133,20240210,53,6,261,1,1453.18,10,1307.86
19134,20240523,27,21,381,2,1220.37,20,1952.59
19135,20250116,96,24,,1,3006.66,5,2856.33
19136,20240424,1,13,136,1,1005.84,15,854.96
19137,20241025,74,13,106,1,3249.83,20,2599.86
19138,20250307,70,7,17,2,3349.78,0,6699.56
19139,20250720,11,7,46,1,5902.88,10,5312.59
19140,20250806,36,16,71,2,682.61,0,1365.22
19141,20240502,6,23,,2,843.99,0,1687.98
19142,20240822,119,20,88,1,2956.72,0,2956.72
19143,20251027,61,16,391,1,5731.62,0,5731.62
19144,20240908,88,3,174,2,2796.03,0,5592.06
19145,20240310,11,8,108,1,5902.88,0,5902.88
19146,20250124,2,16,328,1,882.35,0,882.35
19147,20240322,33,7,110,3,2291.4,0,6874.2
19148,20250317,95,8,232,2,3960.41,5,7524.78
19149,20241204,94,20,337,1,1460.17,0,1460.17
19150,20240107,27,3,41,1,1220.37,0,1220.37
19151,20240103,96,16,80,1,3006.66,0,3006.66
19152,20250420,25,5,122,2,659.99,0,1319.98
19153,20240126,27,1,174,1,1220.37,0,1220.37
19154,20250418,104,9,,1,6527.04,0,6527.04
19155,20240927,31,13,142,1,7243.85,15,6157.27
19156,20250218,76,20,129,1,5042.37,15,4286.01
19157,20240807,60,8,339,1,4273.1,5,4059.45
19158,20250730,103,12,219,1,5201.47,15,4421.25
19159,20241030,64,9,55,1,4068.92,0,4068.92
19160,20240619,1,5,263,1,1005.84,0,1005.84
19161,20241206,108,9,170,4,3374.55,5,12823.29
19162,20250918,114,13,319,1,3973.22,0,3973.22
19163,20241029,19,5,141,1,3799.68,10,3419.71
19164,20240921,98,7,61,1,850.73,0,850.73
19165,20240313,14,24,153,1,4823.13,5,4581.97
19166,20240905,84,3,343,2,4822.61,0,9645.22
19167,20240806,75,22,111,1,2266.5,0,2266.5
19168,20240720,98,10,98,1,850.73,0,850.73
19169,20250422,75,9,,2,2266.5,5,4306.35
19170,20241128,82,19,210,1,3179.41,0,3179.41
19171,20251020,59,3,297,2,2020.12,0,4040.24
19172,20250120,65,8,51,1,3541.34,0,3541.34
19173,20240422,84,3,108,1,4822.61,5,4581.48
19174,20250809,27,18,14,2,1220.37,5,2318.7
19175,20250916,100,2,,1,4823.15,0,4823.15
19176,20240517,43,14,280,2,3747.63,0,7495.26
19177,20250504,39,25,264,1,3883.73,0,3883.73
19178,20240602,105,3,234,1,2890.92,15,2457.28
19179,20250618,75,12,222,2,2266.5,0,4533.0
19180,20250513,58,13,120,2,5200.5,0,10401.0
19181,20240227,25,2,58,1,659.99,5,626.99
19182,20240319,2,24,88,1,882.35,0,882.35
19183,20250703,13,8,100,3,4729.21,0,14187.63
19184,20250425,97,16,113,1,4779.12,0,4779.12
19185,20250415,96,4,203,1,3006.66,5,2856.33
19186,20251210,71,3,69,2,3918.6,0,7837.2
19187,20250715,28,2,365,2,3988.05,0,7976.1
19188,20240908,85,20,353,1,6169.54,0,6169.54
19189,20250114,9,16,289,1,4835.47,15,4110.15
19190,20240408,12,16,,2,1690.47,5,3211.89
19191,20240813,67,25,277,1,4800.44,0,4800.44
19192,20240307,63,9,252,2,4196.34,5,7973.05
19193,20240928,41,6,69,2,5693.66,5,10817.95
19194,20240411,73,8,348,1,6348.65,0,6348.65
19195,20240910,46,17,272,1,4179.48,10,3761.53
19196,20240213,95,4,136,1,3960.41,0,3960.41
19197,20250421,78,23,150,1,1807.55,0,1807.55
19198,20250811,82,3,394,2,3179.41,0,6358.82
19199,20250517,27,12,189,1,1220.37,5,1159.35
19200,20240707,119,15,187,1,2956.72,0,2956.72
19201,20240527,82,6,66,1,3179.41,5,3020.44
19202,20250214,68,14,29,3,1648.1,10,4449.87
19203,20251226,44,2,11,2,4747.67,5,9020.57
19204,20240418,71,13,72,1,3918.6,5,3722.67
19205,20241029,10,18,129,1,3316.3,0,3316.3
19206,20240401,72,18,210,1,1667.62,5,1584.24
19207,20250430,51,22,81,1,2879.69,5,2735.71
19208,20241027,7,25,373,1,4794.43,0,4794.43
19209,20241117,50,8,329,1,3814.05,0,3814.05
19210,20240422,11,23,289,3,5902.88,0,17708.64
19211,20250924,31,1,190,1,7243.85,15,6157.27
19212,20240811,31,17,133,1,7243.85,15,6157.27
19213,20251115,51,8,129,2,2879.69,0,5759.38
19214,20241001,109,3,387,1,2954.88,0,2954.88
19215,20240216,101,15,137,1,1131.31,0,1131.31
19216,20250327,60,15,251,1,4273.1,5,4059.45
19217,20240625,17,16,143,1,1735.19,5,1648.43
19218,20240321,80,18,86,2,5880.6,20,9408.96
19219,20250531,14,8,183,2,4823.13,0,9646.26
19220,20251219,59,23,247,1,2020.12,20,1616.1
19221,20250104,87,10,291,1,2952.23,20,2361.78
19222,20250517,109,2,175,1,2954.88,10,2659.39
19223,20250404,99,3,374,3,4915.0,10,13270.5
19224,20240411,112,8,160,1,1434.74,5,1363.0
19225,20250202,77,2,32,1,5233.57,0,5233.57
19226,20251119,22,22,308,1,6438.69,10,5794.82
19227,20241030,57,18,12,2,3796.83,10,6834.29
19228,20240418,87,12,67,1,2952.23,5,2804.62
19229,20240620,90,8,43,3,3873.38,15,9877.12
19230,20250213,38,23,247,2,1729.74,0,3459.48
19231,20250731,66,6,73,1,6204.11,0,6204.11
19232,20251019,37,6,77,2,3761.37,0,7522.74
19233,20241118,31,7,14,1,7243.85,10,6519.47
19234,20251124,77,6,156,2,5233.57,15,8897.07
19235,20241216,40,21,77,2,6858.19,5,13030.56
19236,20250509,67,18,193,3,4800.44,20,11521.06
19237,20251009,21,24,180,2,1209.52,0,2419.04
19238,20250220,118,23,,1,5698.72,0,5698.72
19239,20250516,59,18,11,1,2020.12,5,1919.11
19240,20250704,65,10,176,1,3541.34,0,3541.34
19241,20240215,78,21,91,2,1807.55,0,3615.1
19242,20250612,80,12,254,2,5880.6,10,10585.08
19243,20240608,107,16,300,1,1952.14,5,1854.53
19244,20250717,54,14,,1,2808.33,5,2667.91
19245,20240101,116,16,230,1,6480.7,0,6480.7
19246,20250802,54,21,,1,2808.33,0,2808.33
19247,20240624,18,6,256,1,5185.3,5,4926.03
19248,20241129,63,16,277,1,4196.34,5,3986.52
19249,20250503,54,21,24,1,2808.33,20,2246.66
19250,20240212,101,14,38,1,1131.31,0,1131.31
19251,20250128,30,18,377,1,3704.61,20,2963.69
19252,20241210,18,10,89,3,5185.3,0,15555.9
19253,20241009,13,25,35,1,4729.21,5,4492.75
19254,20251119,5,11,368,1,2284.3,5,2170.09
19255,20240505,105,18,360,3,2890.92,10,7805.48
19256,20240405,69,14,,1,2128.62,5,2022.19
19257,20240429,96,13,67,2,3006.66,5,5712.65
19258,20250301,46,20,218,1,4179.48,0,4179.48
19259,20240818,19,7,,1,3799.68,0,3799.68
19260,20241031,69,2,390,1,2128.62,5,2022.19
19261,20240208,76,4,130,1,5042.37,0,5042.37
19262,20250612,2,25,235,1,882.35,0,882.35
19263,20240319,103,8,287,1,5201.47,5,4941.4
19264,20240422,1,19,104,2,1005.84,10,1810.51
19265,20250703,106,10,94,2,717.87,0,1435.74
19266,20250703,114,12,398,2,3973.22,0,7946.44
19267,20241113,21,14,190,2,1209.52,0,2419.04
19268,20240101,96,7,158,3,3006.66,0,9019.98
19269,20251102,70,23,140,1,3349.78,0,3349.78
19270,20240731,10,24,69,1,3316.3,15,2818.86
19271,20251110,28,13,120,1,3988.05,15,3389.84
19272,20240528,100,16,99,1,4823.15,5,4581.99
19273,20240107,110,11,396,1,3839.63,0,3839.63
19274,20240727,24,23,297,3,3205.37,10,8654.5
19275,20250317,114,22,104,1,3973.22,10,3575.9
19276,20250716,11,9,175,1,5902.88,0,5902.88
19277,20240122,20,6,273,1,1915.63,5,1819.85
19278,20250827,52,1,383,2,2796.94,0,5593.88
19279,20240912,29,17,377,2,1567.62,5,2978.48
19280,20241008,77,5,144,3,5233.57,5,14915.67
19281,20240702,37,21,290,1,3761.37,15,3197.16
19282,20240812,109,14,244,1,2954.88,0,2954.88
19283,20250220,84,3,125,1,4822.61,0,4822.61
19284,20240307,11,16,211,1,5902.88,5,5607.74
19285,20241104,36,16,78,3,682.61,5,1945.44
19286,20251124,92,19,168,1,2008.22,20,1606.58
19287,20240524,71,15,196,1,3918.6,5,3722.67
19288,20250325,75,5,346,1,2266.5,0,2266.5
19289,20240507,28,15,279,1,3988.05,15,3389.84
19290,20240604,108,6,146,1,3374.55,0,3374.55
19291,20241113,106,10,394,1,717.87,5,681.98
19292,20251107,10,3,69,3,3316.3,0,9948.9
19293,20240121,23,3,51,1,5336.87,0,5336.87
19294,20241218,112,20,374,1,1434.74,15,1219.53
19295,20251003,30,22,214,3,3704.61,10,10002.45
19296,20250702,82,14,336,1,3179.41,0,3179.41
19297,20250709,95,2,263,1,3960.41,0,3960.41
19298,20240120,42,8,,3,2401.74,0,7205.22
19299,20241209,110,8,341,1,3839.63,10,3455.67
19300,20240626,12,14,35,1,1690.47,0,1690.47
19301,20250626,85,23,96,2,6169.54,0,12339.08
19302,20250618,35,12,147,1,3748.04,0,3748.04
19303,20240105,45,1,,1,1364.28,0,1364.28
19304,20240627,58,8,346,1,5200.5,0,5200.5
19305,20250827,7,14,40,1,4794.43,20,3835.54
19306,20250516,83,19,246,1,2689.64,20,2151.71
19307,20240229,111,12,313,1,1506.58,5,1431.25
19308,20250418,76,9,337,2,5042.37,5,9580.5
19309,20240813,52,17,144,4,2796.94,15,9509.6
19310,20241022,109,7,6,1,2954.88,5,2807.14
19311,20251128,25,1,299,1,659.99,0,659.99
19312,20251016,50,23,256,1,3814.05,10,3432.65
19313,20240920,31,18,220,1,7243.85,15,6157.27
19314,20240212,25,4,223,1,659.99,5,626.99
19315,20250106,76,4,257,1,5042.37,15,4286.01
19316,20240329,68,10,108,1,1648.1,5,1565.69
19317,20240216,63,18,26,1,4196.34,0,4196.34
19318,20240716,29,12,244,1,1567.62,0,1567.62
19319,20250630,111,7,285,1,1506.58,20,1205.26
19320,20240225,118,19,51,2,5698.72,0,11397.44
19321,20250924,14,10,107,1,4823.13,5,4581.97
19322,20250215,45,9,371,1,1364.28,0,1364.28
19323,20240211,44,21,196,1,4747.67,0,4747.67
19324,20240203,109,24,353,3,2954.88,0,8864.64
19325,20241231,96,25,13,1,3006.66,0,3006.66
19326,20240428,82,6,197,2,3179.41,20,5087.06
19327,20241104,109,25,80,1,2954.88,10,2659.39
19328,20250623,23,2,212,4,5336.87,0,21347.48
19329,20240322,64,3,263,1,4068.92,0,4068.92
19330,20240624,74,19,,2,3249.83,20,5199.73
19331,20250310,91,15,70,1,6185.93,0,6185.93
19332,20241126,116,13,271,1,6480.7,20,5184.56
19333,20240723,52,15,233,1,2796.94,0,2796.94
19334,20251026,108,7,132,1,3374.55,0,3374.55
19335,20250425,53,2,169,1,1453.18,0,1453.18
19336,20240601,23,20,244,1,5336.87,5,5070.03
19337,20250331,61,20,388,2,5731.62,0,11463.24
19338,20250612,61,1,399,1,5731.62,0,5731.62
19339,20251230,30,6,,2,3704.61,20,5927.38
19340,20240518,94,8,360,2,1460.17,5,2774.32
19341,20250621,58,13,235,1,5200.5,0,5200.5
19342,20250402,113,6,372,1,4385.13,0,4385.13
19343,20240314,73,17,315,1,6348.65,0,6348.65
19344,20240329,56,11,256,2,7088.96,0,14177.92
19345,20250612,80,17,382,1,5880.6,0,5880.6
19346,20251116,103,8,184,1,5201.47,0,5201.47
19347,20240321,14,17,42,1,4823.13,15,4099.66
19348,20251113,43,20,260,1,3747.63,10,3372.87
19349,20240815,106,17,381,1,717.87,10,646.08
19350,20241119,29,9,42,1,1567.62,5,1489.24
19351,20240203,7,11,7,1,4794.43,0,4794.43
19352,20240118,40,12,143,1,6858.19,0,6858.19
19353,20250601,104,3,123,1,6527.04,0,6527.04
19354,20250826,49,16,,2,3974.14,15,6756.04
19355,20241224,117,21,140,1,5631.66,5,5350.08
19356,20251223,89,10,234,1,4062.25,0,4062.25
19357,20240727,44,9,148,3,4747.67,10,12818.71
19358,20240824,116,19,,1,6480.7,10,5832.63
19359,20250513,73,17,213,1,6348.65,20,5078.92
19360,20240907,56,19,313,1,7088.96,5,6734.51
19361,20250929,103,16,,1,5201.47,10,4681.32
19362,20240812,117,7,256,1,5631.66,0,5631.66
19363,20251103,78,17,247,1,1807.55,0,1807.55
19364,20250611,34,20,77,1,1322.31,0,1322.31
19365,20250912,78,5,279,1,1807.55,0,1807.55
19366,20250821,107,13,278,1,1952.14,5,1854.53
19367,20240712,73,8,,1,6348.65,15,5396.35
19368,20240709,59,23,196,1,2020.12,0,2020.12
19369,20250521,25,2,220,2,659.99,5,1253.98
19370,20250911,70,20,217,1,3349.78,5,3182.29
19371,20240220,46,17,99,3,4179.48,0,12538.44
19372,20250819,63,9,47,4,4196.34,0,16785.36
19373,20240415,66,23,312,2,6204.11,0,12408.22
19374,20240302,89,1,9,2,4062.25,0,8124.5
19375,20250713,29,16,292,3,1567.62,0,4702.86
19376,20250215,26,12,246,2,1355.83,0,2711.66
19377,20241116,7,4,106,3,4794.43,0,14383.29
19378,20251105,64,24,399,2,4068.92,0,8137.84
19379,20250318,42,2,114,1,2401.74,0,2401.74
19380,20251010,33,1,165,1,2291.4,10,2062.26
19381,20240915,105,21,322,1,2890.92,0,2890.92
19382,20240922,12,14,165,1,1690.47,0,1690.47
19383,20241219,30,8,160,3,3704.61,0,11113.83
19384,20241115,114,4,370,1,3973.22,5,3774.56
19385,20240401,62,21,246,1,978.5,0,978.5
19386,20250725,115,9,268,2,2419.05,10,4354.29
19387,20250427,117,8,146,1,5631.66,0,5631.66
19388,20241125,27,6,,2,1220.37,0,2440.74
19389,20250328,15,20,46,4,4621.37,0,18485.48
19390,20240506,118,22,400,1,5698.72,0,5698.72
19391,20250329,25,10,70,1,659.99,0,659.99
19392,20250307,21,16,104,1,1209.52,0,1209.52
19393,20250106,37,1,324,1,3761.37,0,3761.37
19394,20240921,46,12,99,1,4179.48,0,4179.48
19395,20240514,18,17,42,3,5185.3,5,14778.11
19396,20250511,96,14,192,2,3006.66,0,6013.32
19397,20241115,64,9,158,2,4068.92,5,7730.95
19398,20251108,71,5,,1,3918.6,0,3918.6
19399,20240509,92,6,248,1,2008.22,10,1807.4
19400,20240331,47,17,,1,2706.69,0,2706.69
19401,20240708,104,16,13,1,6527.04,5,6200.69
19402,20250108,59,24,148,1,2020.12,0,2020.12
19403,20250531,14,22,41,1,4823.13,5,4581.97
19404,20250806,100,13,54,1,4823.15,20,3858.52
19405,20240105,69,22,33,1,2128.62,5,2022.19
19406,20250222,87,10,312,1,2952.23,0,2952.23
19407,20251226,45,25,,2,1364.28,20,2182.85
19408,20240228,59,19,255,1,2020.12,0,2020.12
19409,20241123,39,11,386,2,3883.73,0,7767.46
19410,20250328,83,21,296,1,2689.64,5,2555.16
19411,20241113,111,21,266,1,1506.58,0,1506.58
19412,20250219,47,9,358,1,2706.69,0,2706.69
19413,20240203,116,15,118,1,6480.7,0,6480.7
19414,20240707,89,16,382,3,4062.25,0,12186.75
19415,20241209,95,10,344,1,3960.41,5,3762.39
19416,20241229,56,22,223,1,7088.96,0,7088.96
19417,20241016,28,1,90,2,3988.05,15,6779.69
19418,20250207,83,16,230,2,2689.64,0,5379.28
19419,20250619,50,5,,1,3814.05,0,3814.05
19420,20250908,12,11,134,1,1690.47,15,1436.9
19421,20250411,3,23,103,1,2631.02,20,2104.82
19422,20240114,42,5,166,1,2401.74,0,2401.74
19423,20240312,31,11,,3,7243.85,0,21731.55
19424,20250722,98,6,99,2,850.73,0,1701.46
19425,20250718,17,25,,1,1735.19,0,1735.19
19426,20240708,7,22,,1,4794.43,0,4794.43
19427,20251126,16,3,351,1,4330.21,5,4113.7
19428,20241107,72,7,365,1,1667.62,20,1334.1
19429,20250813,41,6,91,1,5693.66,10,5124.29
19430,20250913,24,24,,1,3205.37,10,2884.83
19431,20250626,24,14,307,1,3205.37,15,2724.56
19432,20240119,29,3,283,3,1567.62,15,3997.43
19433,20251012,28,20,10,1,3988.05,15,3389.84
19434,20241205,96,4,130,1,3006.66,0,3006.66
19435,20240925,109,19,,2,2954.88,5,5614.27
19436,20241011,2,10,195,1,882.35,0,882.35
19437,20250530,52,19,216,3,2796.94,0,8390.82
19438,20240912,38,9,288,1,1729.74,5,1643.25
19439,20241118,57,9,,2,3796.83,0,7593.66
19440,20250213,67,16,,2,4800.44,5,9120.84
19441,20240411,48,19,,1,2551.26,10,2296.13
19442,20250127,96,5,324,1,3006.66,0,3006.66
19443,20250403,61,5,86,1,5731.62,0,5731.62
19444,20251128,106,9,268,2,717.87,15,1220.38
19445,20240806,1,21,259,1,1005.84,0,1005.84
19446,20250328,20,21,,1,1915.63,0,1915.63
19447,20240422,26,23,150,1,1355.83,5,1288.04
19448,20240612,94,9,1,1,1460.17,5,1387.16
19449,20240108,68,15,1,1,1648.1,5,1565.69
19450,20251009,48,12,218,1,2551.26,10,2296.13
19451,20240910,92,7,140,1,2008.22,10,1807.4
19452,20240502,84,19,399,2,4822.61,0,9645.22
19453,20250616,40,25,175,1,6858.19,10,6172.37
19454,20240923,20,25,284,1,1915.63,10,1724.07
19455,20241118,77,24,243,1,5233.57,10,4710.21
19456,20241128,76,17,,2,5042.37,15,8572.03
19457,20240710,68,11,342,4,1648.1,10,5933.16
19458,20250403,120,17,160,1,5078.17,10,4570.35
19459,20250508,64,5,385,1,4068.92,0,4068.92
19460,20251230,51,21,216,1,2879.69,5,2735.71
19461,20250723,84,4,393,2,4822.61,0,9645.22
19462,20250912,77,18,79,1,5233.57,0,5233.57
19463,20250428,103,21,,1,5201.47,5,4941.4
19464,20240220,68,15,276,1,1648.1,15,1400.88
19465,20251119,86,10,212,1,4002.37,5,3802.25
19466,20240308,66,4,360,1,6204.11,10,5583.7
19467,20240630,49,20,112,1,3974.14,5,3775.43
19468,20241117,76,10,,1,5042.37,10,4538.13
19469,20250620,27,22,252,1,1220.37,0,1220.37
19470,20250330,74,20,117,1,3249.83,10,2924.85
19471,20250203,66,8,11,3,6204.11,5,17681.71
19472,20240713,29,12,294,1,1567.62,0,1567.62
19473,20240303,118,19,,1,5698.72,20,4558.98
19474,20250425,84,12,107,2,4822.61,0,9645.22
19475,20250531,92,19,299,2,2008.22,0,4016.44
19476,20250615,23,16,140,2,5336.87,0,10673.74
19477,20240709,64,16,325,1,4068.92,0,4068.92
19478,20250411,91,12,32,1,6185.93,10,5567.34
19479,20250609,114,11,29,1,3973.22,5,3774.56
19480,20240629,26,5,193,1,1355.83,0,1355.83
19481,20240214,32,3,14,1,1604.88,0,1604.88
19482,20250619,77,2,288,1,5233.57,0,5233.57
19483,20251011,70,11,387,2,3349.78,15,5694.63
19484,20251102,55,3,390,4,735.67,5,2795.55
19485,20250105,46,2,320,4,4179.48,0,16717.92
19486,20240128,12,15,253,1,1690.47,0,1690.47
19487,20250910,50,25,297,1,3814.05,15,3241.94
19488,20240812,94,13,86,4,1460.17,0,5840.68
19489,20250627,111,21,235,1,1506.58,0,1506.58
19490,20240910,86,25,,4,4002.37,0,16009.48
19491,20250707,73,9,,1,6348.65,0,6348.65
19492,20240927,109,16,35,2,2954.88,0,5909.76
19493,20240403,41,3,394,3,5693.66,0,17080.98
19494,20241006,106,13,208,1,717.87,0,717.87
19495,20240527,108,25,382,1,3374.55,0,3374.55
19496,20251122,108,17,263,1,3374.55,10,3037.1
19497,20240712,20,13,183,1,1915.63,10,1724.07
19498,20240327,104,24,352,2,6527.04,0,13054.08
19499,20251019,42,4,94,1,2401.74,0,2401.74
19500,20251210,30,4,369,1,3704.61,5,3519.38
19501,20240705,83,10,391,1,2689.64,0,2689.64
19502,20250703,8,1,107,1,3576.07,0,3576.07
19503,20240319,102,1,279,1,616.26,5,585.45
19504,20250701,10,4,33,1,3316.3,10,2984.67
19505,20240204,23,19,249,2,5336.87,5,10140.05
19506,20241227,75,14,,1,2266.5,15,1926.52
19507,20240228,30,21,378,2,3704.61,0,7409.22
19508,20250329,93,17,68,1,4029.05,0,4029.05
19509,20240724,47,16,,1,2706.69,5,2571.36
19510,20241124,94,15,86,1,1460.17,0,1460.17
19511,20250815,31,16,94,1,7243.85,0,7243.85
19512,20250115,103,18,,1,5201.47,0,5201.47
19513,20241102,10,24,189,1,3316.3,0,3316.3
19514,20251127,120,8,354,2,5078.17,0,10156.34
19515,20240210,24,7,220,1,3205.37,0,3205.37
19516,20240702,96,3,247,1,3006.66,0,3006.66
19517,20251211,69,21,134,2,2128.62,20,3405.79
19518,20241005,3,20,251,1,2631.02,0,2631.02
19519,20240309,2,12,,3,882.35,5,2514.7
19520,20241027,99,21,234,1,4915.0,15,4177.75
19521,20250806,85,5,,2,6169.54,10,11105.17
19522,20250123,115,2,77,1,2419.05,15,2056.19
19523,20251006,50,5,,1,3814.05,10,3432.65
19524,20240907,50,14,28,1,3814.05,10,3432.65
19525,20251017,50,9,37,2,3814.05,0,7628.1
19526,20250310,19,15,393,2,3799.68,0,7599.36
19527,20251015,72,7,268,1,1667.62,0,1667.62
19528,20250120,31,16,195,1,7243.85,10,6519.47
19529,20250131,116,7,42,1,6480.7,0,6480.7
19530,20251031,83,10,189,1,2689.64,0,2689.64
19531,20250421,85,10,233,1,6169.54,0,6169.54
19532,20240509,55,10,144,2,735.67,0,1471.34
19533,20251025,110,14,395,2,3839.63,20,6143.41
19534,20251224,49,9,283,1,3974.14,0,3974.14
19535,20250305,103,25,394,1,5201.47,0,5201.47
19536,20240701,34,14,345,1,1322.31,0,1322.31
19537,20250701,76,7,319,1,5042.37,0,5042.37
19538,20251225,94,9,31,1,1460.17,0,1460.17
19539,20250514,71,23,160,1,3918.6,0,3918.6
19540,20240213,34,20,344,1,1322.31,0,1322.31
19541,20250201,62,9,377,1,978.5,5,929.57
19542,20250201,32,23,73,1,1604.88,15,1364.15
19543,20240517,111,12,385,1,1506.58,0,1506.58
19544,20250107,43,5,38,1,3747.63,0,3747.63
19545,20240813,77,16,163,1,5233.57,5,4971.89
19546,20240205,52,1,319,2,2796.94,5,5314.19
19547,20251209,18,11,76,2,5185.3,0,10370.6
19548,20240917,108,1,,2,3374.55,0,6749.1
19549,20240313,111,12,,1,1506.58,10,1355.92
19550,20240418,102,18,269,1,616.26,0,616.26
19551,20250630,82,1,143,1,3179.41,0,3179.41
19552,20240527,24,14,238,1,3205.37,5,3045.1
19553,20241201,62,11,141,1,978.5,5,929.57
19554,20240213,10,18,128,2,3316.3,10,5969.34
19555,20250506,27,16,110,1,1220.37,0,1220.37
19556,20250608,104,15,181,1,6527.04,5,6200.69
19557,20240229,78,23,250,2,1807.55,0,3615.1
19558,20240120,70,7,386,2,3349.78,0,6699.56
19559,20240721,103,10,128,1,5201.47,15,4421.25
19560,20250402,63,20,185,1,4196.34,0,4196.34
19561,20240904,88,15,87,1,2796.03,10,2516.43
19562,20241003,51,19,400,1,2879.69,5,2735.71
19563,20241029,49,8,22,1,3974.14,5,3775.43
19564,20240311,48,1,53,4,2551.26,0,10205.04
19565,20250824,119,2,65,1,2956.72,0,2956.72
19566,20250520,60,18,56,1,4273.1,10,3845.79
19567,20250524,10,23,390,1,3316.3,0,3316.3
19568,20250629,85,8,264,1,6169.54,0,6169.54
19569,20250212,101,4,300,1,1131.31,5,1074.74
19570,20251005,8,12,374,1,3576.07,0,3576.07
19571,20250329,92,16,352,1,2008.22,15,1706.99
19572,20241222,82,5,297,1,3179.41,0,3179.41
19573,20240305,100,13,,1,4823.15,0,4823.15
19574,20240418,69,22,113,1,2128.62,5,2022.19
19575,20240527,84,7,210,2,4822.61,0,9645.22
19576,20251202,13,25,129,1,4729.21,0,4729.21
19577,20250606,29,20,253,1,1567.62,0,1567.62
19578,20240726,90,16,150,1,3873.38,0,3873.38
19579,20241014,54,8,158,1,2808.33,0,2808.33
19580,20240322,39,14,309,1,3883.73,0,3883.73
19581,20250627,45,23,104,2,1364.28,0,2728.56
19582,20251030,13,6,233,1,4729.21,0,4729.21
19583,20250820,101,7,11,1,1131.31,0,1131.31
19584,20240928,84,2,388,3,4822.61,5,13744.44
19585,20250430,108,2,173,3,3374.55,0,10123.65
19586,20250730,85,18,164,1,6169.54,5,5861.06
19587,20240402,72,3,165,1,1667.62,0,1667.62
19588,20240314,71,6,151,1,3918.6,20,3134.88
19589,20240812,82,9,132,1,3179.41,0,3179.41
19590,20241013,34,14,352,1,1322.31,15,1123.96
19591,20250201,30,8,34,1,3704.61,0,3704.61
19592,20250413,103,17,174,1,5201.47,0,5201.47
19593,20241108,1,4,,1,1005.84,0,1005.84
19594,20241016,107,17,320,1,1952.14,0,1952.14
19595,20250322,10,17,226,2,3316.3,0,6632.6
19596,20250928,65,17,68,1,3541.34,0,3541.34
19597,20250920,115,19,97,2,2419.05,0,4838.1
19598,20250225,86,20,228,1,4002.37,0,4002.37
19599,20240804,59,19,27,1,2020.12,0,2020.12
19600,20250324,65,9,20,2,3541.34,15,6020.28
19601,20250419,84,21,188,1,4822.61,0,4822.61
19602,20240806,45,3,118,1,1364.28,0,1364.28
19603,20240920,22,2,324,1,6438.69,10,5794.82
19604,20240603,37,2,134,1,3761.37,15,3197.16
19605,20250217,116,9,245,1,6480.7,0,6480.7
19606,20240430,58,3,174,1,5200.5,5,4940.47
19607,20240424,86,4,287,1,4002.37,5,3802.25
19608,20250316,70,20,303,1,3349.78,0,3349.78
19609,20241102,31,3,333,1,7243.85,0,7243.85
19610,20240407,101,13,61,1,1131.31,0,1131.31
19611,20240102,102,20,46,1,616.26,20,493.01
19612,20250812,26,22,314,1,1355.83,0,1355.83
19613,20240724,87,17,317,1,2952.23,10,2657.01
19614,20250427,14,9,171,1,4823.13,0,4823.13
19615,20251028,120,20,238,1,5078.17,15,4316.44
19616,20250729,68,13,53,2,1648.1,0,3296.2
19617,20240123,58,8,298,1,5200.5,0,5200.5
19618,20240312,21,9,382,1,1209.52,5,1149.04
19619,20251001,107,18,271,1,1952.14,0,1952.14
19620,20250827,48,13,395,4,2551.26,5,9694.79
19621,20250806,74,1,271,1,3249.83,0,3249.83
19622,20240424,38,20,373,2,1729.74,0,3459.48
19623,20250924,93,20,44,3,4029.05,5,11482.79
19624,20241026,11,6,263,2,5902.88,0,11805.76
19625,20240102,55,5,,1,735.67,15,625.32
19626,20240330,93,16,138,4,4029.05,0,16116.2
19627,20240904,55,17,91,1,735.67,0,735.67
19628,20240610,53,16,287,3,1453.18,0,4359.54
19629,20240818,89,17,157,1,4062.25,0,4062.25
19630,20240629,8,9,,1,3576.07,20,2860.86
19631,20240401,2,12,155,1,882.35,0,882.35
19632,20251108,75,10,290,3,2266.5,0,6799.5
19633,20250719,72,13,330,2,1667.62,0,3335.24
19634,20250527,92,16,89,2,2008.22,10,3614.8
19635,20250823,94,18,,1,1460.17,10,1314.15
19636,20250714,99,4,78,1,4915.0,5,4669.25
19637,20250802,6,2,246,1,843.99,0,843.99
19638,20250604,99,16,,2,4915.0,0,9830.0
19639,20250914,95,22,62,1,3960.41,0,3960.41
19640,20240921,32,25,327,2,1604.88,10,2888.78
19641,20250724,112,2,152,2,1434.74,5,2726.01
19642,20250613,64,9,270,2,4068.92,0,8137.84
19643,20241119,109,6,,1,2954.88,0,2954.88
19644,20240325,85,20,68,1,6169.54,15,5244.11
19645,20250722,67,1,135,1,4800.44,0,4800.44
19646,20241213,116,13,,1,6480.7,0,6480.7
19647,20240701,30,10,370,1,3704.61,5,3519.38
19648,20240531,100,8,383,3,4823.15,0,14469.45
19649,20250207,51,22,134,1,2879.69,0,2879.69
19650,20250607,13,19,375,1,4729.21,0,4729.21
19651,20250515,49,13,144,1,3974.14,0,3974.14
19652,20250516,97,5,274,3,4779.12,15,12186.76
19653,20250805,29,21,251,2,1567.62,0,3135.24
19654,20241005,6,21,352,4,843.99,20,2700.77
19655,20241201,89,24,315,1,4062.25,5,3859.14
19656,20240515,58,13,44,1,5200.5,15,4420.43
19657,20240510,76,20,91,1,5042.37,0,5042.37
19658,20250606,67,8,256,1,4800.44,0,4800.44
19659,20241219,88,12,,1,2796.03,10,2516.43
19660,20240204,104,21,215,3,6527.04,0,19581.12
19661,20251207,38,10,297,1,1729.74,0,1729.74
19662,20240214,5,10,182,1,2284.3,5,2170.09
19663,20251017,43,8,330,1,3747.63,5,3560.25
19664,20240625,21,17,281,1,1209.52,0,1209.52
19665,20240816,35,20,262,2,3748.04,0,7496.08
19666,20240718,41,5,215,1,5693.66,0,5693.66
19667,20250124,60,10,56,1,4273.1,0,4273.1
19668,20251126,107,12,284,1,1952.14,0,1952.14
19669,20251108,27,10,129,1,1220.37,0,1220.37
19670,20241106,31,20,228,3,7243.85,20,17385.24
19671,20250921,28,11,222,1,3988.05,0,3988.05
19672,20240727,96,22,245,1,3006.66,0,3006.66
19673,20251226,83,24,355,1,2689.64,0,2689.64
19674,20240923,65,13,102,1,3541.34,0,3541.34
19675,20250519,110,2,31,1,3839.63,0,3839.63
19676,20240610,111,20,280,1,1506.58,0,1506.58
19677,20250324,62,22,167,4,978.5,15,3326.9
19678,20240915,89,16,97,2,4062.25,0,8124.5
19679,20250203,30,12,375,1,3704.61,0,3704.61
19680,20240920,7,9,180,1,4794.43,0,4794.43
19681,20251013,77,1,12,1,5233.57,5,4971.89
19682,20250109,39,6,33,2,3883.73,5,7379.09
19683,20250906,57,4,308,1,3796.83,5,3606.99
19684,20250506,76,5,195,1,5042.37,15,4286.01
19685,20240901,64,3,,1,4068.92,0,4068.92
19686,20240301,118,16,326,1,5698.72,0,5698.72
19687,20241220,5,6,304,4,2284.3,10,8223.48
19688,20250508,5,5,,1,2284.3,5,2170.09
19689,20240514,57,20,213,1,3796.83,10,3417.15
19690,20250322,40,3,91,1,6858.19,0,6858.19
19691,20240827,53,7,,1,1453.18,0,1453.18
19692,20240919,100,4,268,1,4823.15,0,4823.15
19693,20241120,88,8,102,4,2796.03,5,10624.91
19694,20251229,74,4,378,1,3249.83,10,2924.85
19695,20241026,76,10,,4,5042.37,5,19161.01
19696,20241012,70,22,346,1,3349.78,0,3349.78
19697,20240710,86,12,45,1,4002.37,20,3201.9
19698,20250425,28,7,355,1,3988.05,0,3988.05
19699,20241004,4,14,176,1,1722.15,0,1722.15
19700,20240418,52,16,70,1,2796.94,0,2796.94
19701,20240409,90,11,257,1,3873.38,20,3098.7
19702,20240715,89,21,,2,4062.25,0,8124.5
19703,20250913,48,19,79,1,2551.26,5,2423.7
19704,20250611,91,4,64,1,6185.93,0,6185.93
19705,20250913,19,12,,1,3799.68,10,3419.71
19706,20250910,112,4,186,1,1434.74,5,1363.0
19707,20240407,58,8,89,1,5200.5,0,5200.5
19708,20251211,96,7,16,1,3006.66,0,3006.66
19709,20240208,27,24,313,1,1220.37,0,1220.37
19710,20240102,77,20,226,2,5233.57,0,10467.14
19711,20240606,85,14,,1,6169.54,5,5861.06
19712,20240318,91,11,59,1,6185.93,0,6185.93
19713,20240123,50,9,,3,3814.05,0,11442.15
19714,20250302,61,20,236,1,5731.62,0,5731.62
19715,20241018,28,12,44,1,3988.05,5,3788.65
19716,20250804,4,23,141,1,1722.15,10,1549.94
19717,20241009,31,21,276,1,7243.85,5,6881.66
19718,20240906,60,6,324,1,4273.1,0,4273.1
19719,20240525,84,4,,1,4822.61,0,4822.61
19720,20240731,72,1,,1,1667.62,10,1500.86
19721,20251224,89,13,1,3,4062.25,10,10968.08
19722,20250519,88,1,131,1,2796.03,0,2796.03
19723,20250121,13,2,335,2,4729.21,15,8039.66
19724,20240526,68,1,137,1,1648.1,5,1565.69
19725,20240504,42,17,305,1,2401.74,0,2401.74
19726,20250807,49,11,,1,3974.14,5,3775.43
19727,20250827,45,25,172,1,1364.28,0,1364.28
19728,20250905,113,16,40,2,4385.13,0,8770.26
19729,20250118,36,8,391,1,682.61,0,682.61
19730,20241207,4,9,31,1,1722.15,5,1636.04
19731,20240720,34,25,365,1,1322.31,10,1190.08
19732,20250112,47,22,290,1,2706.69,5,2571.36
19733,20240827,115,22,354,4,2419.05,0,9676.2
19734,20250606,11,11,171,1,5902.88,0,5902.88
19735,20250606,58,15,,1,5200.5,0,5200.5
19736,20250409,73,18,290,1,6348.65,0,6348.65
19737,20251130,48,12,65,1,2551.26,0,2551.26
19738,20250806,89,21,197,1,4062.25,10,3656.03
19739,20240506,21,11,224,1,1209.52,15,1028.09
19740,20251014,107,9,139,1,1952.14,10,1756.93
19741,20250630,69,13,298,1,2128.62,0,2128.62
19742,20241231,74,7,342,1,3249.83,5,3087.34
19743,20250610,19,9,30,1,3799.68,0,3799.68
19744,20250810,27,11,89,1,1220.37,0,1220.37
19745,20250814,55,9,,1,735.67,0,735.67
19746,20250405,104,7,226,1,6527.04,0,6527.04
19747,20241023,70,19,251,1,3349.78,5,3182.29
19748,20240110,106,21,,3,717.87,0,2153.61
19749,20240429,23,9,327,1,5336.87,0,5336.87
19750,20250725,84,24,240,1,4822.61,0,4822.61
19751,20250207,76,15,342,1,5042.37,0,5042.37
19752,20250525,44,5,175,3,4747.67,0,14243.01
19753,20240516,84,17,,2,4822.61,15,8198.44
19754,20240613,3,10,128,4,2631.02,0,10524.08
19755,20240603,18,4,383,1,5185.3,0,5185.3
19756,20250716,106,17,178,1,717.87,0,717.87
19757,20250418,70,13,390,1,3349.78,10,3014.8
19758,20240819,22,4,128,1,6438.69,5,6116.76
19759,20241217,10,20,66,1,3316.3,5,3150.49
19760,20250526,102,6,100,3,616.26,0,1848.78
19761,20241124,8,7,13,1,3576.07,20,2860.86
19762,20250514,10,17,,1,3316.3,0,3316.3
19763,20250305,84,20,351,2,4822.61,0,9645.22
19764,20250904,26,20,75,2,1355.83,5,2576.08
19765,20240214,22,11,205,1,6438.69,5,6116.76
19766,20250329,51,6,346,1,2879.69,0,2879.69
19767,20241120,68,3,148,2,1648.1,15,2801.77
19768,20240606,120,9,134,1,5078.17,0,5078.17
19769,20250601,49,8,140,2,3974.14,0,7948.28
19770,20250707,32,6,88,1,1604.88,5,1524.64
19771,20241108,33,7,,1,2291.4,0,2291.4
19772,20250521,109,14,394,1,2954.88,0,2954.88
19773,20250307,40,8,7,1,6858.19,0,6858.19
19774,20251003,36,12,326,2,682.61,0,1365.22
19775,20240807,30,14,378,1,3704.61,0,3704.61
19776,20240208,78,7,127,1,1807.55,20,1446.04
19777,20240326,86,2,38,1,4002.37,0,4002.37
19778,20250916,43,4,235,1,3747.63,0,3747.63
19779,20250604,53,10,24,2,1453.18,0,2906.36
19780,20240509,18,24,106,1,5185.3,5,4926.03
19781,20250613,109,16,104,2,2954.88,0,5909.76
19782,20240427,17,17,54,2,1735.19,0,3470.38
19783,20241118,49,19,145,1,3974.14,0,3974.14
19784,20250601,24,5,159,1,3205.37,10,2884.83
19785,20251201,90,3,2,1,3873.38,10,3486.04
19786,20250402,11,10,240,1,5902.88,10,5312.59
19787,20251028,14,12,359,2,4823.13,0,9646.26
19788,20251205,71,3,234,1,3918.6,0,3918.6
19789,20250605,117,1,103,1,5631.66,0,5631.66
19790,20250111,62,11,108,4,978.5,0,3914.0
19791,20250713,69,19,195,1,2128.62,15,1809.33
19792,20240604,15,20,,3,4621.37,0,13864.11
19793,20240613,63,10,315,1,4196.34,0,4196.34
19794,20240825,93,16,2,1,4029.05,0,4029.05
19795,20250805,28,23,338,1,3988.05,0,3988.05
19796,20250615,80,20,,1,5880.6,0,5880.6
19797,20240915,36,7,,1,682.61,0,682.61
19798,20250123,101,2,91,1,1131.31,0,1131.31
19799,20240130,34,9,43,1,1322.31,10,1190.08
19800,20241217,23,10,75,1,5336.87,0,5336.87
19801,20250724,16,19,382,1,4330.21,0,4330.21
19802,20241016,106,11,133,2,717.87,5,1363.95
19803,20250811,58,6,72,1,5200.5,20,4160.4
19804,20250916,113,12,71,1,4385.13,0,4385.13
19805,20250806,34,20,239,2,1322.31,0,2644.62
19806,20241201,46,1,239,1,4179.48,0,4179.48
19807,20240618,38,24,291,3,1729.74,5,4929.76
19808,20240525,98,1,376,1,850.73,0,850.73
19809,20250525,81,24,84,1,1242.05,0,1242.05
19810,20251101,82,25,,3,3179.41,5,9061.32
19811,20250723,104,13,225,1,6527.04,5,6200.69
19812,20250803,97,14,101,1,4779.12,10,4301.21
19813,20240817,18,17,360,1,5185.3,0,5185.3
19814,20241109,17,22,,1,1735.19,0,1735.19
19815,20241113,108,10,361,1,3374.55,5,3205.82
19816,20250412,17,10,14,1,1735.19,0,1735.19
19817,20250525,20,21,70,4,1915.63,5,7279.39
19818,20250812,29,21,,3,1567.62,5,4467.72
19819,20250717,98,4,49,1,850.73,10,765.66
19820,20241028,84,19,273,1,4822.61,0,4822.61
19821,20251031,10,18,74,2,3316.3,0,6632.6
19822,20250324,23,8,161,1,5336.87,5,5070.03
19823,20241013,22,1,,1,6438.69,0,6438.69
19824,20250812,99,4,20,3,4915.0,0,14745.0
19825,20240813,88,18,,1,2796.03,15,2376.63
19826,20240613,70,20,245,1,3349.78,5,3182.29
19827,20241019,46,4,,1,4179.48,10,3761.53
19828,20250403,13,13,227,3,4729.21,0,14187.63
19829,20241018,105,3,368,1,2890.92,10,2601.83
19830,20250731,87,23,345,1,2952.23,0,2952.23
19831,20250228,16,19,250,1,4330.21,0,4330.21
19832,20251212,33,19,105,1,2291.4,5,2176.83
19833,20250919,105,4,119,1,2890.92,20,2312.74
19834,20241210,26,11,85,1,1355.83,0,1355.83
19835,20240707,37,24,154,1,3761.37,5,3573.3
19836,20250311,57,9,58,3,3796.83,5,10820.97
19837,20250318,84,18,215,1,4822.61,0,4822.61
19838,20250713,44,1,250,3,4747.67,0,14243.01
19839,20240506,43,14,318,1,3747.63,0,3747.63
19840,20250317,2,18,14,1,882.35,0,882.35
19841,20250129,96,5,195,1,3006.66,5,2856.33
19842,20240420,40,5,77,1,6858.19,0,6858.19
19843,20250226,46,4,281,4,4179.48,5,15882.02
19844,20240620,98,6,183,1,850.73,0,850.73
19845,20250825,52,1,389,1,2796.94,5,2657.09
19846,20240509,20,11,238,1,1915.63,20,1532.5
19847,20251116,38,25,,1,1729.74,5,1643.25
19848,20240908,90,16,96,2,3873.38,5,7359.42
19849,20251220,98,8,,1,850.73,20,680.58
19850,20240418,80,22,52,2,5880.6,0,11761.2
19851,20241112,24,22,257,1,3205.37,10,2884.83
19852,20240501,103,21,232,1,5201.47,0,5201.47
19853,20251216,28,2,119,3,3988.05,20,9571.32
19854,20240929,14,25,325,1,4823.13,5,4581.97
19855,20250624,4,13,213,1,1722.15,20,1377.72
19856,20250518,115,13,,3,2419.05,10,6531.44
19857,20241109,16,24,222,2,4330.21,0,8660.42
19858,20240205,10,16,246,2,3316.3,10,5969.34
19859,20251212,5,23,372,1,2284.3,0,2284.3
19860,20240327,6,6,262,1,843.99,0,843.99
19861,20250324,13,8,276,1,4729.21,0,4729.21
19862,20240228,83,4,159,1,2689.64,0,2689.64
19863,20251207,86,13,89,1,4002.37,5,3802.25
19864,20250828,25,17,,1,659.99,0,659.99
19865,20241117,113,13,44,2,4385.13,0,8770.26
19866,20250123,45,9,7,1,1364.28,0,1364.28
19867,20251019,25,18,255,2,659.99,0,1319.98
19868,20240418,88,25,176,1,2796.03,5,2656.23
19869,20251015,81,18,327,1,1242.05,15,1055.74
19870,20241206,43,15,31,1,3747.63,0,3747.63
19871,20250623,4,10,360,1,1722.15,0,1722.15
19872,20240930,98,23,,1,850.73,0,850.73
19873,20240624,24,25,150,1,3205.37,0,3205.37
19874,20250614,54,23,91,1,2808.33,20,2246.66
19875,20240729,103,25,388,1,5201.47,15,4421.25
19876,20240229,107,24,385,1,1952.14,0,1952.14
19877,20250513,39,6,288,1,3883.73,0,3883.73
19878,20240403,68,20,232,1,1648.1,0,1648.1
19879,20240408,75,14,50,3,2266.5,0,6799.5
19880,20240924,116,8,174,1,6480.7,0,6480.7
19881,20240810,95,6,347,1,3960.41,10,3564.37
19882,20250531,58,10,235,1,5200.5,0,5200.5
19883,20241031,30,19,338,1,3704.61,10,3334.15
19884,20240213,117,24,,1,5631.66,0,5631.66
19885,20250930,62,7,,1,978.5,0,978.5
19886,20250717,67,10,133,1,4800.44,10,4320.4
19887,20240217,10,7,,1,3316.3,0,3316.3
19888,20241123,96,22,46,1,3006.66,20,2405.33
19889,20251112,92,16,50,1,2008.22,15,1706.99
19890,20251023,17,17,83,1,1735.19,0,1735.19
19891,20250303,33,5,,1,2291.4,15,1947.69
19892,20240508,80,13,70,1,5880.6,0,5880.6
19893,20240520,112,16,133,1,1434.74,0,1434.74
19894,20241104,95,1,168,3,3960.41,0,11881.23
19895,20250109,45,24,,1,1364.28,5,1296.07
19896,20250423,9,16,376,4,4835.47,0,19341.88
19897,20241011,49,5,,1,3974.14,0,3974.14
19898,20250824,53,19,172,2,1453.18,5,2761.04
19899,20240322,37,22,,1,3761.37,5,3573.3
19900,20250728,52,21,292,1,2796.94,0,2796.94
19901,20250123,21,12,70,1,1209.52,0,1209.52
19902,20240622,9,18,40,1,4835.47,15,4110.15
19903,20250207,33,7,281,1,2291.4,5,2176.83
19904,20240327,23,17,,1,5336.87,10,4803.18
19905,20240303,40,12,192,2,6858.19,5,13030.56
19906,20240113,67,17,138,1,4800.44,5,4560.42
19907,20241030,40,19,162,1,6858.19,0,6858.19
19908,20240106,62,13,209,2,978.5,0,1957.0
19909,20250301,68,2,198,2,1648.1,5,3131.39
19910,20250310,84,8,21,1,4822.61,0,4822.61
19911,20241229,100,13,6,1,4823.15,5,4581.99
19912,20250507,108,11,111,1,3374.55,0,3374.55
19913,20250105,74,20,280,1,3249.83,5,3087.34
19914,20251225,86,21,220,4,4002.37,5,15209.01
19915,20250120,91,3,5,1,6185.93,0,6185.93
19916,20240311,17,11,,1,1735.19,10,1561.67
19917,20250512,17,17,171,2,1735.19,0,3470.38
19918,20241021,86,18,326,2,4002.37,0,8004.74
19919,20240717,77,14,145,2,5233.57,0,10467.14
19920,20241119,10,24,65,1,3316.3,0,3316.3
19921,20240516,14,19,,1,4823.13,0,4823.13
19922,20240531,100,24,43,1,4823.15,0,4823.15
19923,20240923,17,18,252,1,1735.19,5,1648.43
19924,20240905,11,24,174,1,5902.88,5,5607.74
19925,20251030,119,1,275,2,2956.72,0,5913.44
19926,20251009,52,2,,1,2796.94,5,2657.09
19927,20251213,56,20,126,1,7088.96,0,7088.96
19928,20241213,114,11,374,1,3973.22,0,3973.22
19929,20240217,115,19,151,2,2419.05,0,4838.1
19930,20241110,84,17,160,1,4822.61,0,4822.61
19931,20251107,51,10,265,1,2879.69,5,2735.71
19932,20240821,7,7,48,2,4794.43,5,9109.42
19933,20250905,23,12,,1,5336.87,0,5336.87
19934,20250212,34,22,328,1,1322.31,0,1322.31
19935,20250918,36,17,271,1,682.61,0,682.61
19936,20240815,4,24,115,1,1722.15,10,1549.94
19937,20240816,79,5,154,1,1528.97,5,1452.52
19938,20240907,79,20,160,1,1528.97,20,1223.18
19939,20241206,103,24,235,2,5201.47,10,9362.65
19940,20240120,16,9,,1,4330.21,5,4113.7
19941,20250407,99,17,2,1,4915.0,5,4669.25
19942,20250327,101,3,62,1,1131.31,0,1131.31
19943,20251212,73,3,199,1,6348.65,0,6348.65
19944,20240124,61,3,155,1,5731.62,0,5731.62
19945,20240723,20,13,284,1,1915.63,15,1628.29
19946,20250214,53,22,133,1,1453.18,10,1307.86
19947,20251203,23,13,341,1,5336.87,0,5336.87
19948,20240704,83,12,345,1,2689.64,15,2286.19
19949,20240117,109,5,237,2,2954.88,15,5023.3
19950,20250608,112,1,,1,1434.74,20,1147.79
19951,20251029,60,14,90,1,4273.1,0,4273.1
19952,20240817,60,20,9,2,4273.1,10,7691.58
19953,20251208,67,2,318,1,4800.44,0,4800.44
19954,20250929,39,10,17,1,3883.73,0,3883.73
19955,20241221,75,13,286,1,2266.5,0,2266.5
19956,20250427,70,5,330,3,3349.78,20,8039.47
19957,20250401,27,21,165,4,1220.37,0,4881.48
19958,20240822,81,10,142,1,1242.05,5,1179.95
19959,20250113,48,13,19,2,2551.26,5,4847.39
19960,20240109,17,1,179,1,1735.19,0,1735.19
19961,20240519,68,12,252,3,1648.1,0,4944.3
19962,20241108,38,10,87,1,1729.74,0,1729.74
19963,20240202,37,2,211,2,3761.37,0,7522.74
19964,20240302,37,15,326,1,3761.37,0,3761.37
19965,20250102,50,8,133,1,3814.05,5,3623.35
19966,20241006,4,25,222,1,1722.15,0,1722.15
19967,20250502,69,5,82,2,2128.62,10,3831.52
19968,20250403,105,21,,2,2890.92,15,4914.56
19969,20250829,25,2,295,2,659.99,0,1319.98
19970,20250330,45,19,361,1,1364.28,5,1296.07
19971,20250205,116,14,106,1,6480.7,5,6156.66
19972,20240116,78,23,26,3,1807.55,0,5422.65
19973,20250329,64,19,337,1,4068.92,5,3865.47
19974,20250829,90,13,247,1,3873.38,0,3873.38
19975,20250430,56,15,359,1,7088.96,10,6380.06
19976,20250310,99,15,243,1,4915.0,0,4915.0
19977,20251005,40,23,382,1,6858.19,20,5486.55
19978,20240908,25,8,147,1,659.99,0,659.99
19979,20240708,4,20,,2,1722.15,15,2927.66
19980,20251022,78,13,270,1,1807.55,0,1807.55
19981,20250604,98,10,,1,850.73,0,850.73
19982,20241119,40,4,340,2,6858.19,20,10973.1
19983,20240810,5,18,326,1,2284.3,0,2284.3
19984,20251201,55,21,86,1,735.67,0,735.67
19985,20241202,72,10,380,2,1667.62,0,3335.24
19986,20240307,115,25,364,1,2419.05,20,1935.24
19987,20240101,11,7,121,1,5902.88,0,5902.88
19988,20250402,13,8,6,2,4729.21,0,9458.42
19989,20250914,22,13,335,1,6438.69,0,6438.69
19990,20240430,103,5,,1,5201.47,0,5201.47
19991,20240128,15,11,2,1,4621.37,5,4390.3
19992,20250125,75,15,243,2,2266.5,10,4079.7
19993,20240105,51,15,117,2,2879.69,0,5759.38
19994,20251122,117,15,45,1,5631.66,0,5631.66
19995,20241126,9,14,323,2,4835.47,5,9187.39
19996,20241230,46,14,369,2,4179.48,15,7105.12
19997,20250802,49,6,124,2,3974.14,15,6756.04
19998,20241224,47,12,192,1,2706.69,5,2571.36
19999,20250828,116,22,83,2,6480.7,0,12961.4
20000,20251213,50,10,,1,3814.05,0,3814.05
